mysqldump: [Warning] Using a password on the command line interface can be insecure.
-- MySQL dump 10.13  Distrib 8.4.8, for Linux (aarch64)
--
-- Host: localhost    Database: digitalabs
-- ------------------------------------------------------
-- Server version	8.4.8

/*!40101 SET @OLD_CHARACTER_SET_CLIENT=@@CHARACTER_SET_CLIENT */;
/*!40101 SET @OLD_CHARACTER_SET_RESULTS=@@CHARACTER_SET_RESULTS */;
/*!40101 SET @OLD_COLLATION_CONNECTION=@@COLLATION_CONNECTION */;
/*!50503 SET NAMES utf8mb4 */;
/*!40103 SET @OLD_TIME_ZONE=@@TIME_ZONE */;
/*!40103 SET TIME_ZONE='+00:00' */;
/*!40014 SET @OLD_UNIQUE_CHECKS=@@UNIQUE_CHECKS, UNIQUE_CHECKS=0 */;
/*!40014 SET @OLD_FOREIGN_KEY_CHECKS=@@FOREIGN_KEY_CHECKS, FOREIGN_KEY_CHECKS=0 */;
/*!40101 SET @OLD_SQL_MODE=@@SQL_MODE, SQL_MODE='NO_AUTO_VALUE_ON_ZERO' */;
/*!40111 SET @OLD_SQL_NOTES=@@SQL_NOTES, SQL_NOTES=0 */;

--
-- Table structure for table `affiliate_commissions`
--

DROP TABLE IF EXISTS `affiliate_commissions`;
/*!40101 SET @saved_cs_client     = @@character_set_client */;
/*!50503 SET character_set_client = utf8mb4 */;
CREATE TABLE `affiliate_commissions` (
  `id` bigint unsigned NOT NULL AUTO_INCREMENT,
  `affiliate_id` bigint unsigned NOT NULL,
  `order_id` bigint unsigned NOT NULL,
  `order_amount` decimal(12,2) NOT NULL,
  `commission_rate` decimal(5,2) NOT NULL,
  `commission_amount` decimal(12,2) NOT NULL,
  `status` enum('pending','approved','paid','cancelled') COLLATE utf8mb4_unicode_ci NOT NULL DEFAULT 'pending',
  `approved_at` timestamp NULL DEFAULT NULL,
  `paid_at` timestamp NULL DEFAULT NULL,
  `created_at` timestamp NULL DEFAULT NULL,
  `updated_at` timestamp NULL DEFAULT NULL,
  PRIMARY KEY (`id`),
  KEY `affiliate_commissions_order_id_foreign` (`order_id`),
  KEY `affiliate_commissions_affiliate_id_status_index` (`affiliate_id`,`status`),
  CONSTRAINT `affiliate_commissions_affiliate_id_foreign` FOREIGN KEY (`affiliate_id`) REFERENCES `affiliates` (`id`) ON DELETE CASCADE,
  CONSTRAINT `affiliate_commissions_order_id_foreign` FOREIGN KEY (`order_id`) REFERENCES `orders` (`id`) ON DELETE CASCADE
) ENGINE=InnoDB AUTO_INCREMENT=7 DEFAULT CHARSET=utf8mb4 COLLATE=utf8mb4_unicode_ci;
/*!40101 SET character_set_client = @saved_cs_client */;

--
-- Dumping data for table `affiliate_commissions`
--

LOCK TABLES `affiliate_commissions` WRITE;
/*!40000 ALTER TABLE `affiliate_commissions` DISABLE KEYS */;
INSERT INTO `affiliate_commissions` VALUES (1,2,154,489000.00,20.00,97800.00,'approved','2025-10-17 13:29:41','2025-10-17 13:29:41','2025-10-17 13:28:44','2025-10-17 13:29:41'),(2,3,184,489000.00,20.00,97800.00,'approved','2025-12-22 16:58:42','2025-12-22 16:58:42','2025-12-22 16:56:36','2025-12-22 16:58:42'),(3,4,190,489000.00,20.00,97800.00,'approved','2025-12-31 20:36:22','2025-12-31 20:36:22','2025-12-31 20:34:53','2025-12-31 20:36:22'),(4,3,194,489000.00,20.00,97800.00,'approved','2026-01-02 05:35:07','2026-01-02 05:35:07','2026-01-02 05:28:53','2026-01-02 05:35:07'),(5,5,206,489000.00,20.00,97800.00,'approved','2026-01-19 16:14:35','2026-01-19 16:14:35','2026-01-19 16:12:58','2026-01-19 16:14:35'),(6,6,218,489000.00,20.00,97800.00,'approved','2026-01-29 12:15:55','2026-01-29 12:15:55','2026-01-29 12:15:16','2026-01-29 12:15:55');
/*!40000 ALTER TABLE `affiliate_commissions` ENABLE KEYS */;
UNLOCK TABLES;

--
-- Table structure for table `affiliate_payouts`
--

DROP TABLE IF EXISTS `affiliate_payouts`;
/*!40101 SET @saved_cs_client     = @@character_set_client */;
/*!50503 SET character_set_client = utf8mb4 */;
CREATE TABLE `affiliate_payouts` (
  `id` bigint unsigned NOT NULL AUTO_INCREMENT,
  `uuid` char(36) COLLATE utf8mb4_unicode_ci DEFAULT NULL,
  `affiliate_id` bigint unsigned NOT NULL,
  `amount` decimal(12,2) NOT NULL,
  `status` enum('pending','processing','completed','failed') COLLATE utf8mb4_unicode_ci NOT NULL DEFAULT 'pending',
  `bank_name` varchar(255) COLLATE utf8mb4_unicode_ci NOT NULL,
  `bank_account_number` varchar(255) COLLATE utf8mb4_unicode_ci NOT NULL,
  `bank_account_name` varchar(255) COLLATE utf8mb4_unicode_ci NOT NULL,
  `notes` text COLLATE utf8mb4_unicode_ci,
  `admin_notes` text COLLATE utf8mb4_unicode_ci,
  `processed_at` timestamp NULL DEFAULT NULL,
  `completed_at` timestamp NULL DEFAULT NULL,
  `created_at` timestamp NULL DEFAULT NULL,
  `updated_at` timestamp NULL DEFAULT NULL,
  PRIMARY KEY (`id`),
  KEY `affiliate_payouts_affiliate_id_foreign` (`affiliate_id`),
  CONSTRAINT `affiliate_payouts_affiliate_id_foreign` FOREIGN KEY (`affiliate_id`) REFERENCES `affiliates` (`id`) ON DELETE CASCADE
) ENGINE=InnoDB DEFAULT CHARSET=utf8mb4 COLLATE=utf8mb4_unicode_ci;
/*!40101 SET character_set_client = @saved_cs_client */;

--
-- Dumping data for table `affiliate_payouts`
--

LOCK TABLES `affiliate_payouts` WRITE;
/*!40000 ALTER TABLE `affiliate_payouts` DISABLE KEYS */;
/*!40000 ALTER TABLE `affiliate_payouts` ENABLE KEYS */;
UNLOCK TABLES;

--
-- Table structure for table `affiliates`
--

DROP TABLE IF EXISTS `affiliates`;
/*!40101 SET @saved_cs_client     = @@character_set_client */;
/*!50503 SET character_set_client = utf8mb4 */;
CREATE TABLE `affiliates` (
  `id` bigint unsigned NOT NULL AUTO_INCREMENT,
  `uuid` char(36) COLLATE utf8mb4_unicode_ci DEFAULT NULL,
  `user_id` bigint unsigned NOT NULL,
  `referral_code` varchar(255) COLLATE utf8mb4_unicode_ci NOT NULL,
  `commission_rate` decimal(5,2) NOT NULL DEFAULT '10.00',
  `total_earnings` decimal(12,2) NOT NULL DEFAULT '0.00',
  `pending_earnings` decimal(12,2) NOT NULL DEFAULT '0.00',
  `paid_earnings` decimal(12,2) NOT NULL DEFAULT '0.00',
  `status` enum('pending','approved','rejected','suspended') COLLATE utf8mb4_unicode_ci NOT NULL DEFAULT 'pending',
  `notes` text COLLATE utf8mb4_unicode_ci,
  `bank_name` varchar(255) COLLATE utf8mb4_unicode_ci DEFAULT NULL,
  `bank_account_number` varchar(255) COLLATE utf8mb4_unicode_ci DEFAULT NULL,
  `bank_account_name` varchar(255) COLLATE utf8mb4_unicode_ci DEFAULT NULL,
  `created_at` timestamp NULL DEFAULT NULL,
  `updated_at` timestamp NULL DEFAULT NULL,
  PRIMARY KEY (`id`),
  UNIQUE KEY `affiliates_referral_code_unique` (`referral_code`),
  KEY `affiliates_user_id_foreign` (`user_id`),
  KEY `affiliates_referral_code_index` (`referral_code`),
  KEY `affiliates_status_index` (`status`),
  CONSTRAINT `affiliates_user_id_foreign` FOREIGN KEY (`user_id`) REFERENCES `users` (`id`) ON DELETE CASCADE
) ENGINE=InnoDB AUTO_INCREMENT=8 DEFAULT CHARSET=utf8mb4 COLLATE=utf8mb4_unicode_ci;
/*!40101 SET character_set_client = @saved_cs_client */;

--
-- Dumping data for table `affiliates`
--

LOCK TABLES `affiliates` WRITE;
/*!40000 ALTER TABLE `affiliates` DISABLE KEYS */;
INSERT INTO `affiliates` VALUES (1,NULL,665,'REF-HCLLFNOM',20.00,146700.00,146700.00,0.00,'approved',NULL,NULL,NULL,NULL,'2026-02-03 08:55:52','2026-02-03 08:55:52'),(2,NULL,666,'REF-RB8LNU4U',20.00,195600.00,97800.00,97800.00,'approved',NULL,NULL,NULL,NULL,'2026-02-03 08:55:52','2026-02-03 08:55:52'),(3,NULL,468,'REF-PMDXFHOZ',20.00,195600.00,0.00,195600.00,'approved',NULL,NULL,NULL,NULL,'2026-02-03 08:55:52','2026-02-03 08:55:52'),(4,NULL,467,'REF-ONJTVXAZ',20.00,195600.00,97800.00,97800.00,'approved',NULL,NULL,NULL,NULL,'2026-02-03 08:55:52','2026-02-03 08:55:52'),(5,NULL,497,'REF-HYPDQFZC',20.00,97800.00,0.00,97800.00,'approved',NULL,NULL,NULL,NULL,'2026-02-03 08:55:52','2026-02-03 08:55:52'),(6,NULL,500,'REF-CFWFLNV7',20.00,97800.00,0.00,97800.00,'approved',NULL,NULL,NULL,NULL,'2026-02-03 08:55:52','2026-02-03 08:55:52');
/*!40000 ALTER TABLE `affiliates` ENABLE KEYS */;
UNLOCK TABLES;

--
-- Table structure for table `article_categories`
--

DROP TABLE IF EXISTS `article_categories`;
/*!40101 SET @saved_cs_client     = @@character_set_client */;
/*!50503 SET character_set_client = utf8mb4 */;
CREATE TABLE `article_categories` (
  `id` bigint unsigned NOT NULL AUTO_INCREMENT,
  `name` varchar(255) COLLATE utf8mb4_unicode_ci NOT NULL,
  `slug` varchar(255) COLLATE utf8mb4_unicode_ci NOT NULL,
  `description` text COLLATE utf8mb4_unicode_ci,
  `order` int NOT NULL DEFAULT '0',
  `created_at` timestamp NULL DEFAULT NULL,
  `updated_at` timestamp NULL DEFAULT NULL,
  PRIMARY KEY (`id`),
  UNIQUE KEY `article_categories_slug_unique` (`slug`)
) ENGINE=InnoDB AUTO_INCREMENT=5 DEFAULT CHARSET=utf8mb4 COLLATE=utf8mb4_unicode_ci;
/*!40101 SET character_set_client = @saved_cs_client */;

--
-- Dumping data for table `article_categories`
--

LOCK TABLES `article_categories` WRITE;
/*!40000 ALTER TABLE `article_categories` DISABLE KEYS */;
INSERT INTO `article_categories` VALUES (1,'Design Tips','design-tips','Tips dan trik desain grafis',0,'2026-02-03 08:42:28','2026-02-03 08:42:28'),(2,'Motion Graphics','motion-graphics','Tutorial motion graphics dan animasi',0,'2026-02-03 08:42:28','2026-02-03 08:42:28'),(3,'Microstock','microstock','Panduan menghasilkan uang dari microstock',0,'2026-02-03 08:42:28','2026-02-03 08:42:28'),(4,'Workflow & Tools','workflow-tools','Tools dan workflow design profesional',0,'2026-02-03 08:42:28','2026-02-03 08:42:28');
/*!40000 ALTER TABLE `article_categories` ENABLE KEYS */;
UNLOCK TABLES;

--
-- Table structure for table `articles`
--

DROP TABLE IF EXISTS `articles`;
/*!40101 SET @saved_cs_client     = @@character_set_client */;
/*!50503 SET character_set_client = utf8mb4 */;
CREATE TABLE `articles` (
  `id` bigint unsigned NOT NULL AUTO_INCREMENT,
  `author_id` bigint unsigned NOT NULL,
  `category_id` bigint unsigned DEFAULT NULL,
  `title` varchar(255) COLLATE utf8mb4_unicode_ci NOT NULL,
  `slug` varchar(255) COLLATE utf8mb4_unicode_ci NOT NULL,
  `excerpt` text COLLATE utf8mb4_unicode_ci,
  `content` longtext COLLATE utf8mb4_unicode_ci NOT NULL,
  `featured_image` varchar(255) COLLATE utf8mb4_unicode_ci DEFAULT NULL,
  `status` enum('draft','published') COLLATE utf8mb4_unicode_ci NOT NULL DEFAULT 'draft',
  `published_at` timestamp NULL DEFAULT NULL,
  `meta_title` varchar(255) COLLATE utf8mb4_unicode_ci DEFAULT NULL,
  `meta_description` text COLLATE utf8mb4_unicode_ci,
  `created_at` timestamp NULL DEFAULT NULL,
  `updated_at` timestamp NULL DEFAULT NULL,
  `deleted_at` timestamp NULL DEFAULT NULL,
  PRIMARY KEY (`id`),
  UNIQUE KEY `articles_slug_unique` (`slug`),
  KEY `articles_author_id_foreign` (`author_id`),
  KEY `articles_category_id_foreign` (`category_id`),
  KEY `articles_status_published_at_index` (`status`,`published_at`),
  CONSTRAINT `articles_author_id_foreign` FOREIGN KEY (`author_id`) REFERENCES `users` (`id`) ON DELETE CASCADE,
  CONSTRAINT `articles_category_id_foreign` FOREIGN KEY (`category_id`) REFERENCES `article_categories` (`id`) ON DELETE SET NULL
) ENGINE=InnoDB AUTO_INCREMENT=7 DEFAULT CHARSET=utf8mb4 COLLATE=utf8mb4_unicode_ci;
/*!40101 SET character_set_client = @saved_cs_client */;

--
-- Dumping data for table `articles`
--

LOCK TABLES `articles` WRITE;
/*!40000 ALTER TABLE `articles` DISABLE KEYS */;
INSERT INTO `articles` VALUES (1,1,1,'10 Tips Desain Grafis untuk Pemula yang Ingin Profesional','10-tips-desain-grafis-pemula','Panduan lengkap untuk pemula yang ingin belajar desain grafis dengan benar.','Belajar desain grafis bisa dimulai dengan memahami prinsip-prinsip dasar. Artikel ini membahas 10 tips yang akan membantu Anda menjadi desainer yang lebih baik. Dari tipografi, komposisi, hingga penggunaan warna yang tepat.','https://placehold.co/800x450/f97316/white?text=Design+Tips','published','2026-01-29 08:42:28',NULL,NULL,'2026-02-03 08:42:28','2026-02-03 08:42:28',NULL),(2,1,2,'Cara Membuat Motion Graphics yang Menarik dengan After Effects','motion-graphics-after-effects','Belajar membuat animasi motion graphics profesional dari nol.','Motion graphics adalah seni menggerakkan elemen visual untuk menceritakan sebuah cerita. Dalam tutorial ini, kita akan belajar membuat motion graphics dasar menggunakan Adobe After Effects dengan langkah-langkah yang mudah diikuti.','https://placehold.co/800x450/f97316/white?text=Motion+Graphics','published','2026-01-24 08:42:28',NULL,NULL,'2026-02-03 08:42:28','2026-02-03 08:42:28',NULL),(3,1,3,'Strategi Jual Assets di Microstock untuk Pemula','strategi-jual-assets-microstock','Panduan lengkap untuk pemula yang ingin menghasilkan passive income dari microstock.','Microstock adalah platform yang memungkinkan Anda menjual karya desain, foto, dan video dengan royalti. Artikel ini akan mengajarkan strategi yang tepat untuk memulai dan mengembangkan bisnis microstock Anda.','https://placehold.co/800x450/f97316/white?text=Microstock','published','2026-01-19 08:42:28',NULL,NULL,'2026-02-03 08:42:28','2026-02-03 08:42:28',NULL),(4,1,4,'5 Tools Design yang Wajib Dimiliki Setiap Designer','5-tools-design-wajib','Rekomendasi tools design terbaik untuk workflow yang lebih cepat dan efisien.','Sebagai designer profesional, Anda membutuhkan tools yang tepat untuk meningkatkan produktivitas. Berikut adalah 5 tools design yang wajib dimiliki untuk workflow yang lebih efisien.','https://placehold.co/800x450/f97316/white?text=Design+Tools','published','2026-01-31 08:42:28',NULL,NULL,'2026-02-03 08:42:28','2026-02-03 08:42:28',NULL),(5,1,2,'Menjadi Fullstack Motion Designer dengan Adobe Suite','fullstack-motion-designer','Kuasai Adobe Suite untuk menjadi motion designer yang versatile.','Motion designer modern perlu menguasai beberapa tools dari Adobe Suite. Artikel ini menjelaskan bagaimana cara menjadi motion designer yang komprehensif dengan menguasai Premiere Pro, After Effects, dan Character Animator.','https://placehold.co/800x450/f97316/white?text=Adobe+Suite','published','2026-01-27 08:42:28',NULL,NULL,'2026-02-03 08:42:28','2026-02-03 08:42:28',NULL),(6,1,1,'Fotografi Produk untuk Penjualan Online: Panduan Lengkap','fotografi-produk-online','Teknik fotografi produk yang akan meningkatkan konversi penjualan Anda.','Fotografi produk yang baik adalah kunci untuk meningkatkan penjualan online Anda. Dalam artikel ini, kita akan membahas teknik lighting, komposisi, dan editing untuk menghasilkan foto produk yang profesional dan menarik pembeli.','https://placehold.co/800x450/f97316/white?text=Product+Photography','published','2026-01-22 08:42:28',NULL,NULL,'2026-02-03 08:42:28','2026-02-03 08:42:28',NULL);
/*!40000 ALTER TABLE `articles` ENABLE KEYS */;
UNLOCK TABLES;

--
-- Table structure for table `cache`
--

DROP TABLE IF EXISTS `cache`;
/*!40101 SET @saved_cs_client     = @@character_set_client */;
/*!50503 SET character_set_client = utf8mb4 */;
CREATE TABLE `cache` (
  `key` varchar(255) COLLATE utf8mb4_unicode_ci NOT NULL,
  `value` mediumtext COLLATE utf8mb4_unicode_ci NOT NULL,
  `expiration` int NOT NULL,
  PRIMARY KEY (`key`),
  KEY `cache_expiration_index` (`expiration`)
) ENGINE=InnoDB DEFAULT CHARSET=utf8mb4 COLLATE=utf8mb4_unicode_ci;
/*!40101 SET character_set_client = @saved_cs_client */;

--
-- Dumping data for table `cache`
--

LOCK TABLES `cache` WRITE;
/*!40000 ALTER TABLE `cache` DISABLE KEYS */;
/*!40000 ALTER TABLE `cache` ENABLE KEYS */;
UNLOCK TABLES;

--
-- Table structure for table `cache_locks`
--

DROP TABLE IF EXISTS `cache_locks`;
/*!40101 SET @saved_cs_client     = @@character_set_client */;
/*!50503 SET character_set_client = utf8mb4 */;
CREATE TABLE `cache_locks` (
  `key` varchar(255) COLLATE utf8mb4_unicode_ci NOT NULL,
  `owner` varchar(255) COLLATE utf8mb4_unicode_ci NOT NULL,
  `expiration` int NOT NULL,
  PRIMARY KEY (`key`),
  KEY `cache_locks_expiration_index` (`expiration`)
) ENGINE=InnoDB DEFAULT CHARSET=utf8mb4 COLLATE=utf8mb4_unicode_ci;
/*!40101 SET character_set_client = @saved_cs_client */;

--
-- Dumping data for table `cache_locks`
--

LOCK TABLES `cache_locks` WRITE;
/*!40000 ALTER TABLE `cache_locks` DISABLE KEYS */;
/*!40000 ALTER TABLE `cache_locks` ENABLE KEYS */;
UNLOCK TABLES;

--
-- Table structure for table `coupon_usages`
--

DROP TABLE IF EXISTS `coupon_usages`;
/*!40101 SET @saved_cs_client     = @@character_set_client */;
/*!50503 SET character_set_client = utf8mb4 */;
CREATE TABLE `coupon_usages` (
  `id` bigint unsigned NOT NULL AUTO_INCREMENT,
  `coupon_id` bigint unsigned NOT NULL,
  `user_id` bigint unsigned NOT NULL,
  `order_id` bigint unsigned NOT NULL,
  `discount_amount` decimal(12,2) NOT NULL,
  `created_at` timestamp NULL DEFAULT NULL,
  `updated_at` timestamp NULL DEFAULT NULL,
  PRIMARY KEY (`id`),
  UNIQUE KEY `coupon_usages_coupon_id_order_id_unique` (`coupon_id`,`order_id`),
  KEY `coupon_usages_order_id_foreign` (`order_id`),
  KEY `coupon_usages_user_id_coupon_id_index` (`user_id`,`coupon_id`),
  CONSTRAINT `coupon_usages_coupon_id_foreign` FOREIGN KEY (`coupon_id`) REFERENCES `coupons` (`id`) ON DELETE CASCADE,
  CONSTRAINT `coupon_usages_order_id_foreign` FOREIGN KEY (`order_id`) REFERENCES `orders` (`id`) ON DELETE CASCADE,
  CONSTRAINT `coupon_usages_user_id_foreign` FOREIGN KEY (`user_id`) REFERENCES `users` (`id`) ON DELETE CASCADE
) ENGINE=InnoDB AUTO_INCREMENT=80 DEFAULT CHARSET=utf8mb4 COLLATE=utf8mb4_unicode_ci;
/*!40101 SET character_set_client = @saved_cs_client */;

--
-- Dumping data for table `coupon_usages`
--

LOCK TABLES `coupon_usages` WRITE;
/*!40000 ALTER TABLE `coupon_usages` DISABLE KEYS */;
INSERT INTO `coupon_usages` VALUES (1,2,449,1,1119200.00,'2025-06-12 15:42:06','2026-02-03 10:10:31'),(2,2,450,2,1119200.00,'2025-06-12 18:13:54','2026-02-03 10:10:31'),(3,2,451,3,1119200.00,'2025-06-12 18:16:37','2026-02-03 10:10:31'),(4,2,452,4,1119200.00,'2025-06-12 18:17:08','2026-02-03 10:10:31'),(5,2,453,5,1119200.00,'2025-06-12 18:18:39','2026-02-03 10:10:31'),(6,2,454,6,1119200.00,'2025-06-12 18:27:15','2026-02-03 10:10:31'),(7,2,455,7,1119200.00,'2025-06-12 18:31:26','2026-02-03 10:10:31'),(8,2,456,8,1119200.00,'2025-06-12 18:34:01','2026-02-03 10:10:31'),(9,2,457,9,1119200.00,'2025-06-12 18:35:13','2026-02-03 10:10:31'),(10,2,458,10,1119200.00,'2025-06-12 18:38:46','2026-02-03 10:10:31'),(11,2,459,11,1119200.00,'2025-06-12 18:40:13','2026-02-03 10:10:31'),(12,2,460,12,1119200.00,'2025-06-12 19:04:54','2026-02-03 10:10:31'),(13,2,461,13,1119200.00,'2025-06-12 19:08:10','2026-02-03 10:10:31'),(14,2,462,14,1119200.00,'2025-06-12 19:11:49','2026-02-03 10:10:31'),(15,1,463,15,909350.00,'2025-06-12 19:12:06','2026-02-03 10:10:31'),(16,2,464,16,1119200.00,'2025-06-12 19:17:35','2026-02-03 10:10:31'),(17,2,465,17,1119200.00,'2025-06-12 19:17:44','2026-02-03 10:10:31'),(18,2,465,18,1119200.00,'2025-06-12 19:18:03','2026-02-03 10:10:31'),(19,2,466,19,1119200.00,'2025-06-12 19:18:59','2026-02-03 10:10:31'),(20,2,467,20,1119200.00,'2025-06-12 19:30:46','2026-02-03 10:10:31'),(21,2,468,21,1119200.00,'2025-06-12 19:37:54','2026-02-03 10:10:31'),(22,2,469,22,1119200.00,'2025-06-12 19:43:11','2026-02-03 10:10:31'),(23,2,470,23,1119200.00,'2025-06-12 19:45:34','2026-02-03 10:10:31'),(24,2,471,24,1119200.00,'2025-06-12 19:50:42','2026-02-03 10:10:31'),(25,2,472,25,1119200.00,'2025-06-12 20:01:09','2026-02-03 10:10:31'),(26,2,473,26,1119200.00,'2025-06-12 20:12:14','2026-02-03 10:10:31'),(27,2,474,27,1119200.00,'2025-06-12 20:13:44','2026-02-03 10:10:31'),(28,2,475,28,1119200.00,'2025-06-12 20:22:06','2026-02-03 10:10:31'),(29,2,476,29,1119200.00,'2025-06-12 20:25:27','2026-02-03 10:10:32'),(30,2,477,30,1119200.00,'2025-06-12 20:31:05','2026-02-03 10:10:32'),(31,2,478,31,1119200.00,'2025-06-12 20:42:17','2026-02-03 10:10:32'),(32,2,479,32,1119200.00,'2025-06-12 22:50:19','2026-02-03 10:10:32'),(33,2,480,33,1119200.00,'2025-06-12 23:45:19','2026-02-03 10:10:32'),(34,2,481,34,1119200.00,'2025-06-13 00:53:53','2026-02-03 10:10:32'),(35,2,482,35,1119200.00,'2025-06-13 05:19:56','2026-02-03 10:10:32'),(36,2,483,36,1119200.00,'2025-06-13 06:06:52','2026-02-03 10:10:32'),(37,2,484,37,1119200.00,'2025-06-13 07:23:37','2026-02-03 10:10:32'),(38,2,485,38,1119200.00,'2025-06-13 09:00:21','2026-02-03 10:10:32'),(39,2,486,39,1119200.00,'2025-06-13 15:46:22','2026-02-03 10:10:32'),(40,2,487,40,1119200.00,'2025-06-13 16:28:37','2026-02-03 10:10:32'),(41,2,488,41,1119200.00,'2025-06-13 20:28:19','2026-02-03 10:10:32'),(42,2,489,42,1119200.00,'2025-06-14 07:43:02','2026-02-03 10:10:32'),(43,2,490,43,1119200.00,'2025-06-14 10:29:45','2026-02-03 10:10:32'),(44,2,491,44,1119200.00,'2025-06-15 11:08:33','2026-02-03 10:10:32'),(45,2,492,45,1119200.00,'2025-06-16 09:38:40','2026-02-03 10:10:32'),(46,2,494,47,1119200.00,'2025-06-17 10:46:06','2026-02-03 10:10:32'),(47,2,477,48,1119200.00,'2025-06-17 11:01:05','2026-02-03 10:10:32'),(48,2,495,49,1119200.00,'2025-06-17 14:01:21','2026-02-03 10:10:32'),(49,2,496,50,1119200.00,'2025-06-17 16:42:59','2026-02-03 10:10:32'),(50,2,497,51,1119200.00,'2025-06-18 18:20:51','2026-02-03 10:10:32'),(51,2,498,52,1119200.00,'2025-06-18 19:37:21','2026-02-03 10:10:32'),(52,2,499,53,1119200.00,'2025-06-18 19:56:34','2026-02-03 10:10:32'),(53,2,500,54,1119200.00,'2025-06-18 20:13:24','2026-02-03 10:10:32'),(54,2,501,55,1119200.00,'2025-06-19 09:16:22','2026-02-03 10:10:32'),(55,2,502,56,1119200.00,'2025-06-20 21:44:33','2026-02-03 10:10:32'),(56,2,503,57,1119200.00,'2025-06-21 11:35:26','2026-02-03 10:10:32'),(57,2,504,58,1119200.00,'2025-06-21 14:47:19','2026-02-03 10:10:32'),(58,2,505,59,1119200.00,'2025-06-21 23:29:28','2026-02-03 10:10:32'),(59,2,506,60,1119200.00,'2025-06-22 07:06:15','2026-02-03 10:10:32'),(60,2,507,61,1119200.00,'2025-06-22 21:59:59','2026-02-03 10:10:32'),(61,2,508,62,1119200.00,'2025-06-23 10:58:03','2026-02-03 10:10:32'),(62,2,509,63,1119200.00,'2025-06-23 14:33:36','2026-02-03 10:10:32'),(63,2,510,64,1119200.00,'2025-06-23 19:34:51','2026-02-03 10:10:32'),(64,2,511,65,1119200.00,'2025-06-24 03:46:27','2026-02-03 10:10:32'),(65,2,512,66,1119200.00,'2025-06-24 15:45:45','2026-02-03 10:10:32'),(66,2,513,67,1119200.00,'2025-06-25 21:00:58','2026-02-03 10:10:32'),(67,2,514,68,1119200.00,'2025-06-27 18:22:30','2026-02-03 10:10:32'),(68,2,515,69,1119200.00,'2025-06-28 12:51:24','2026-02-03 10:10:32'),(69,2,516,70,1119200.00,'2025-06-28 16:51:41','2026-02-03 10:10:32'),(70,2,515,71,1119200.00,'2025-06-28 21:11:48','2026-02-03 10:10:32'),(71,2,515,72,1119200.00,'2025-06-28 21:38:26','2026-02-03 10:10:32'),(72,2,517,73,1119200.00,'2025-06-29 10:07:12','2026-02-03 10:10:32'),(73,2,518,74,1119200.00,'2025-06-30 17:20:29','2026-02-03 10:10:32'),(74,2,519,75,1119200.00,'2025-06-30 21:09:21','2026-02-03 10:10:32');
/*!40000 ALTER TABLE `coupon_usages` ENABLE KEYS */;
UNLOCK TABLES;

--
-- Table structure for table `coupons`
--

DROP TABLE IF EXISTS `coupons`;
/*!40101 SET @saved_cs_client     = @@character_set_client */;
/*!50503 SET character_set_client = utf8mb4 */;
CREATE TABLE `coupons` (
  `id` bigint unsigned NOT NULL AUTO_INCREMENT,
  `code` varchar(255) COLLATE utf8mb4_unicode_ci NOT NULL,
  `description` varchar(255) COLLATE utf8mb4_unicode_ci DEFAULT NULL,
  `type` enum('percentage','fixed') COLLATE utf8mb4_unicode_ci NOT NULL DEFAULT 'percentage',
  `value` decimal(10,2) NOT NULL,
  `min_order_amount` decimal(12,2) DEFAULT NULL,
  `max_discount` decimal(12,2) DEFAULT NULL,
  `usage_limit` int DEFAULT NULL,
  `usage_limit_per_user` int NOT NULL DEFAULT '1',
  `used_count` int NOT NULL DEFAULT '0',
  `starts_at` timestamp NULL DEFAULT NULL,
  `expires_at` timestamp NULL DEFAULT NULL,
  `is_active` tinyint(1) NOT NULL DEFAULT '1',
  `created_at` timestamp NULL DEFAULT NULL,
  `updated_at` timestamp NULL DEFAULT NULL,
  PRIMARY KEY (`id`),
  UNIQUE KEY `coupons_code_unique` (`code`),
  KEY `coupons_code_is_active_index` (`code`,`is_active`),
  KEY `coupons_expires_at_index` (`expires_at`)
) ENGINE=InnoDB AUTO_INCREMENT=3 DEFAULT CHARSET=utf8mb4 COLLATE=utf8mb4_unicode_ci;
/*!40101 SET character_set_client = @saved_cs_client */;

--
-- Dumping data for table `coupons`
--

LOCK TABLES `coupons` WRITE;
/*!40000 ALTER TABLE `coupons` DISABLE KEYS */;
INSERT INTO `coupons` VALUES (1,'DIGITALABS','Migrated from WordPress - 65% off','percentage',65.00,NULL,NULL,NULL,1,4,NULL,NULL,1,'2025-06-11 16:48:47','2026-02-03 14:53:35'),(2,'ADOBESROCK','Migrated from WordPress - 80% off','percentage',80.00,NULL,NULL,NULL,1,73,NULL,NULL,1,'2025-06-11 20:40:37','2025-06-30 23:57:46');
/*!40000 ALTER TABLE `coupons` ENABLE KEYS */;
UNLOCK TABLES;

--
-- Table structure for table `course_categories`
--

DROP TABLE IF EXISTS `course_categories`;
/*!40101 SET @saved_cs_client     = @@character_set_client */;
/*!50503 SET character_set_client = utf8mb4 */;
CREATE TABLE `course_categories` (
  `id` bigint unsigned NOT NULL AUTO_INCREMENT,
  `name` varchar(255) COLLATE utf8mb4_unicode_ci NOT NULL,
  `slug` varchar(255) COLLATE utf8mb4_unicode_ci NOT NULL,
  `description` text COLLATE utf8mb4_unicode_ci,
  `icon` varchar(255) COLLATE utf8mb4_unicode_ci DEFAULT NULL,
  `order` int NOT NULL DEFAULT '0',
  `created_at` timestamp NULL DEFAULT NULL,
  `updated_at` timestamp NULL DEFAULT NULL,
  PRIMARY KEY (`id`),
  UNIQUE KEY `course_categories_slug_unique` (`slug`)
) ENGINE=InnoDB AUTO_INCREMENT=6 DEFAULT CHARSET=utf8mb4 COLLATE=utf8mb4_unicode_ci;
/*!40101 SET character_set_client = @saved_cs_client */;

--
-- Dumping data for table `course_categories`
--

LOCK TABLES `course_categories` WRITE;
/*!40000 ALTER TABLE `course_categories` DISABLE KEYS */;
INSERT INTO `course_categories` VALUES (1,'Video Editing','video-editing','Pelajari cara edit video profesional','heroicon-o-video-camera',1,'2026-01-30 17:42:28','2026-01-30 17:42:28'),(2,'Web Development','web-development','Kursus pemrograman web dari dasar hingga mahir','heroicon-o-code-bracket',2,'2026-01-30 17:42:28','2026-01-30 17:42:28'),(3,'Mobile Development','mobile-development','Belajar membuat aplikasi mobile','heroicon-o-device-phone-mobile',3,'2026-01-30 17:42:28','2026-01-30 17:42:28'),(4,'Desain Grafis','desain-grafis','Kuasai tools desain profesional','heroicon-o-paint-brush',4,'2026-01-30 17:42:28','2026-01-30 17:42:28');
/*!40000 ALTER TABLE `course_categories` ENABLE KEYS */;
UNLOCK TABLES;

--
-- Table structure for table `course_reviews`
--

DROP TABLE IF EXISTS `course_reviews`;
/*!40101 SET @saved_cs_client     = @@character_set_client */;
/*!50503 SET character_set_client = utf8mb4 */;
CREATE TABLE `course_reviews` (
  `id` bigint unsigned NOT NULL AUTO_INCREMENT,
  `uuid` char(36) COLLATE utf8mb4_unicode_ci DEFAULT NULL,
  `course_id` bigint unsigned NOT NULL,
  `user_id` bigint unsigned NOT NULL,
  `rating` tinyint NOT NULL,
  `review` text COLLATE utf8mb4_unicode_ci,
  `is_published` tinyint(1) NOT NULL DEFAULT '0',
  `published_at` timestamp NULL DEFAULT NULL,
  `created_at` timestamp NULL DEFAULT NULL,
  `updated_at` timestamp NULL DEFAULT NULL,
  PRIMARY KEY (`id`),
  UNIQUE KEY `course_reviews_course_id_user_id_unique` (`course_id`,`user_id`),
  KEY `course_reviews_user_id_foreign` (`user_id`),
  KEY `course_reviews_course_id_is_published_index` (`course_id`,`is_published`),
  CONSTRAINT `course_reviews_course_id_foreign` FOREIGN KEY (`course_id`) REFERENCES `courses` (`id`) ON DELETE CASCADE,
  CONSTRAINT `course_reviews_user_id_foreign` FOREIGN KEY (`user_id`) REFERENCES `users` (`id`) ON DELETE CASCADE
) ENGINE=InnoDB AUTO_INCREMENT=35 DEFAULT CHARSET=utf8mb4 COLLATE=utf8mb4_unicode_ci;
/*!40101 SET character_set_client = @saved_cs_client */;

--
-- Dumping data for table `course_reviews`
--

LOCK TABLES `course_reviews` WRITE;
/*!40000 ALTER TABLE `course_reviews` DISABLE KEYS */;
INSERT INTO `course_reviews` VALUES (5,'da7c2eaf-489d-4abf-b28d-e099e7980203',1,449,5,'Kursus ini sangat comprehensive dan mudah diikuti. Instruktur menjelaskan dengan detail dan memberikan banyak contoh praktis.',1,'2026-01-22 08:27:14','2026-02-03 08:27:14','2026-02-03 08:27:14'),(6,'21afcbf7-fd9e-47fb-8011-c1d62c8c8dbb',1,450,5,'Materi yang diberikan sangat relevan dengan kebutuhan industri saat ini. Content quality super baik dan terstruktur dengan baik.',1,'2026-01-12 08:27:14','2026-02-03 08:27:14','2026-02-03 08:27:14'),(7,'fcfe090a-6b52-4ec0-92a8-3ed480b71147',1,451,4,'Kursus ini memberikan nilai yang sangat baik. Saya sudah belajar banyak hal baru yang bisa langsung diaplikasikan.',1,'2026-01-04 08:27:14','2026-02-03 08:27:14','2026-02-03 08:27:14'),(8,'4b40a270-d8bb-48a5-911e-f26561a39c80',1,452,5,'Worth every penny! Instruktur sangat responsif dan membantu dalam setiap pertanyaan saya.',1,'2026-02-02 08:27:14','2026-02-03 08:27:14','2026-02-03 08:27:14'),(9,'3193cfe7-5e1d-49a5-ac12-be88241812d2',1,453,4,'Konten sangat bagus dan helpful. Daya support dari komunitas juga sangat responsif dan supportive.',1,'2026-01-11 08:27:14','2026-02-03 08:27:14','2026-02-03 08:27:14'),(10,'27b3141b-52da-4c48-be14-dadd83f538e8',1,454,5,'Saya sangat puas dengan kursus ini. Video tutorial berkualitas HD dan narasi sangat jelas dan mudah dipahami.',1,'2026-01-28 08:27:14','2026-02-03 08:27:14','2026-02-03 08:27:14'),(11,'dd8742c6-19af-47ac-a8bc-f951d81cf0f9',1,455,5,'Pembimbing sangat baik dan responsif. Saya bisa bertanya kapan saja dan selalu mendapat jawaban yang memuaskan.',1,'2026-02-01 08:27:14','2026-02-03 08:27:14','2026-02-03 08:27:14'),(12,'316b2c99-1197-473f-9b51-e8d1e2271629',1,456,5,'Ini adalah investasi terbaik untuk pengembangan skill saya. Materi sangat praktis dengan banyak studi kasus nyata.',1,'2026-01-16 08:27:14','2026-02-03 08:27:14','2026-02-03 08:27:14'),(13,'01774d35-d47c-49d2-8b3a-84a9b78ffd47',1,457,5,'Kualitas konten luar biasa! Instruktur menjelaskan konsep kompleks dengan cara yang sangat simpel dan mudah dimengerti.',1,'2026-01-08 08:27:14','2026-02-03 08:27:14','2026-02-03 08:27:14'),(14,'41817f4f-646d-4c74-af49-d824b020ab9d',1,458,4,'Sangat worth it! Bukan cuma dapat kursus, tapi juga akses ke komunitas yang supportive dan collaborative.',1,'2026-01-20 08:27:14','2026-02-03 08:27:14','2026-02-03 08:27:14'),(15,'cb6158b6-b0fa-4d84-a54a-752bd8df5dac',1,459,5,'Saya sudah coba beberapa kursus online, tapi ini adalah yang paling comprehensive dan terstruktur dengan sangat baik.',1,'2026-01-20 08:27:14','2026-02-03 08:27:14','2026-02-03 08:27:14'),(16,'1850f6ce-18a3-44eb-acec-0dc48ea05366',1,460,5,'Video production quality sangat tinggi. Subtitle juga tersedia yang membuat saya bisa belajar dengan lebih fleksibel.',1,'2026-01-29 08:27:14','2026-02-03 08:27:14','2026-02-03 08:27:14'),(17,'8bcfb60f-ee79-410b-88ba-427273185d24',1,461,5,'Instruktur benar-benar ahli di bidangnya. Banyak sharing pengalaman praktis dari lapangan yang sangat valuable.',1,'2026-02-02 08:27:14','2026-02-03 08:27:14','2026-02-03 08:27:14'),(18,'89e91493-526f-4c29-8da8-2806095cabca',1,462,5,'Saya sudah selesai kursus ini dan langsung bisa apply ilmunya untuk project freelance dengan hasil yang memuaskan.',1,'2026-01-08 08:27:14','2026-02-03 08:27:14','2026-02-03 08:27:14'),(19,'6a6c48f3-900d-424a-8466-b2bb7edc7206',1,463,5,'Kursus ini mengubah perspektif saya tentang industri ini. Sekarang saya punya roadmap yang jelas untuk career development.',1,'2026-01-11 08:27:14','2026-02-03 08:27:14','2026-02-03 08:27:14'),(20,'a1c17c98-4300-4a52-aab2-7e999e2cd64a',1,464,5,'Materi terupdate dan selalu mengikuti trend terbaru. Instruktur rutin mengupdate course dengan konten-konten baru yang relevant.',1,'2026-01-10 08:27:14','2026-02-03 08:27:14','2026-02-03 08:27:14'),(21,'7d16a285-a053-4c0b-98a2-ca14b19da268',1,465,5,'Community forum sangat aktif dan helpful. Setiap pertanyaan dijawab dengan cepat dan detail oleh instruktur dan member.',1,'2026-01-31 08:27:14','2026-02-03 08:27:14','2026-02-03 08:27:14'),(22,'fc26d7cd-40e7-478b-9fff-f2878945cf92',1,466,4,'Saya merekomendasikan kursus ini ke semua teman-teman saya. Mereka semua jadi senang dan merasakan manfaatnya.',1,'2026-01-19 08:27:14','2026-02-03 08:27:14','2026-02-03 08:27:14'),(23,'1256f05d-0e7d-4116-8764-0435a1accb14',1,467,5,'Harga sangat reasonable untuk kualitas yang diberikan. Ini paling value for money dibanding kursus lain di market.',1,'2026-01-11 08:27:14','2026-02-03 08:27:14','2026-02-03 08:27:14'),(24,'d14d38e9-3244-4f06-8ea4-7736886a92f5',1,468,5,'Instruktur punya cara mengajar yang sangat engaging. Saya tidak pernah merasa bosan saat mengikuti setiap session.',1,'2026-01-05 08:27:14','2026-02-03 08:27:14','2026-02-03 08:27:14'),(25,'4224595d-df7a-4079-b6a9-4b21f3eb050d',1,469,5,'Saya sudah belajar dari berbagai sumber, tapi DigitaLabs punya cara tersendiri yang membuat semua jadi clear.',1,'2026-01-22 08:27:14','2026-02-03 08:27:14','2026-02-03 08:27:14'),(26,'a2d9cc64-e274-4652-b060-9e8b9789b996',1,470,4,'Portfolio project yang ada di kursus sangat helpful untuk portofolio saya. Client jadi lebih tertarik dengan work saya.',1,'2026-01-28 08:27:14','2026-02-03 08:27:14','2026-02-03 08:27:14'),(27,'5b53961f-f7c0-4cbb-bd1e-4ffa9cb39a98',1,471,5,'Kursus ini diajarkan dengan very systematic approach. Dari fundamental sampai advanced, semua terstruktur dengan sangat baik.',1,'2026-01-12 08:27:14','2026-02-03 08:27:14','2026-02-03 08:27:14'),(28,'d055e275-90cc-4037-9f44-e3148cb2043a',1,472,5,'Support team sangat responsif dan helpful. Ketika ada issue dengan akses, mereka langsung bantu solve masalahnya.',1,'2026-01-18 08:27:14','2026-02-03 08:27:14','2026-02-03 08:27:14'),(29,'4ec3058d-21a7-470a-ac2d-a3c5c8d48e26',1,473,5,'Saya puas dengan progress saya setelah mengikuti kursus ini. Skill saya sudah meningkat drastis dalam beberapa minggu.',1,'2026-01-27 08:27:14','2026-02-03 08:27:14','2026-02-03 08:27:14'),(30,'8166aab9-bc88-442b-bff5-510555202469',1,474,5,'Instruktur tidak hanya mengajar, tapi juga memberikan guidance untuk career development yang sangat helpful.',1,'2026-01-13 08:27:14','2026-02-03 08:27:14','2026-02-03 08:27:14'),(31,'00377ee6-6dd8-4256-8117-bd9b0ec9f2e3',1,475,5,'Video quality dan production value sangat professional. Terlihat instruktur dan team benar-benar peduli dengan kualitas.',1,'2026-01-13 08:27:14','2026-02-03 08:27:14','2026-02-03 08:27:14'),(32,'d8316542-8af1-475f-a9e9-5a188d4866b7',1,476,5,'Banyak resource tambahan yang disediakan selain video. PDF, template, tools semua ada dan sangat membantu pembelajaran.',1,'2026-01-15 08:27:14','2026-02-03 08:27:14','2026-02-03 08:27:14'),(33,'279cfdd3-d79b-46c0-9b6b-daa6e42d4085',1,477,5,'Saya bisa belajar dengan pace saya sendiri. Tidak ada deadline yang ketat, jadi saya bisa balance dengan pekerjaan lain.',1,'2026-01-23 08:27:14','2026-02-03 08:27:14','2026-02-03 08:27:14'),(34,'2de495f6-b719-4221-aec9-3e5df687795b',1,478,5,'Course ini benar-benar game changer untuk saya. Terima kasih DigitaLabs untuk sharing ilmu yang sangat valuable!',1,'2026-01-10 08:27:14','2026-02-03 08:27:14','2026-02-03 08:27:14');
/*!40000 ALTER TABLE `course_reviews` ENABLE KEYS */;
UNLOCK TABLES;

--
-- Table structure for table `courses`
--

DROP TABLE IF EXISTS `courses`;
/*!40101 SET @saved_cs_client     = @@character_set_client */;
/*!50503 SET character_set_client = utf8mb4 */;
CREATE TABLE `courses` (
  `id` bigint unsigned NOT NULL AUTO_INCREMENT,
  `uuid` char(36) COLLATE utf8mb4_unicode_ci DEFAULT NULL,
  `category_id` bigint unsigned DEFAULT NULL,
  `title` varchar(255) COLLATE utf8mb4_unicode_ci NOT NULL,
  `slug` varchar(255) COLLATE utf8mb4_unicode_ci NOT NULL,
  `description` text COLLATE utf8mb4_unicode_ci,
  `content` longtext COLLATE utf8mb4_unicode_ci,
  `thumbnail` varchar(255) COLLATE utf8mb4_unicode_ci DEFAULT NULL,
  `price` decimal(12,2) NOT NULL,
  `sale_price` decimal(12,2) DEFAULT NULL,
  `preview_url` varchar(255) COLLATE utf8mb4_unicode_ci DEFAULT NULL,
  `total_duration` int NOT NULL DEFAULT '0',
  `total_lessons` int NOT NULL DEFAULT '0',
  `status` enum('draft','published','archived') COLLATE utf8mb4_unicode_ci NOT NULL DEFAULT 'draft',
  `access_type` enum('lifetime','limited') COLLATE utf8mb4_unicode_ci NOT NULL DEFAULT 'lifetime',
  `access_days` int DEFAULT NULL,
  `order` int NOT NULL DEFAULT '0',
  `created_at` timestamp NULL DEFAULT NULL,
  `updated_at` timestamp NULL DEFAULT NULL,
  `deleted_at` timestamp NULL DEFAULT NULL,
  PRIMARY KEY (`id`),
  UNIQUE KEY `courses_slug_unique` (`slug`),
  KEY `courses_category_id_foreign` (`category_id`),
  KEY `courses_status_order_index` (`status`,`order`),
  CONSTRAINT `courses_category_id_foreign` FOREIGN KEY (`category_id`) REFERENCES `course_categories` (`id`) ON DELETE SET NULL
) ENGINE=InnoDB AUTO_INCREMENT=2 DEFAULT CHARSET=utf8mb4 COLLATE=utf8mb4_unicode_ci;
/*!40101 SET character_set_client = @saved_cs_client */;

--
-- Dumping data for table `courses`
--

LOCK TABLES `courses` WRITE;
/*!40000 ALTER TABLE `courses` DISABLE KEYS */;
INSERT INTO `courses` VALUES (1,'deef1fd0-00da-11f1-ad06-2e5f99caeb89',NULL,'Riset dan Produksi Asset di Microstock','riset-dan-produksi-asset-di-microstock','Belajar riset dan produksi asset untuk microstock','## Apa yang akan dipelajari\n\n- Cara riset produk microstock yang laku di pasaran\n- Teknik produksi asset video berkualitas\n- Optimasi upload ke berbagai platform microstock\n- Strategi monetisasi jangka panjang\n\n## Persyaratan\n\n- Laptop/PC dengan Adobe After Effects\n- Koneksi internet stabil\n- Akun di platform microstock (Adobe Stock, Shutterstock, dll)\n',NULL,489000.00,NULL,NULL,32829,32,'published','lifetime',NULL,1,'2025-08-13 12:20:14','2026-02-03 09:05:06',NULL);
/*!40000 ALTER TABLE `courses` ENABLE KEYS */;
UNLOCK TABLES;

--
-- Table structure for table `failed_jobs`
--

DROP TABLE IF EXISTS `failed_jobs`;
/*!40101 SET @saved_cs_client     = @@character_set_client */;
/*!50503 SET character_set_client = utf8mb4 */;
CREATE TABLE `failed_jobs` (
  `id` bigint unsigned NOT NULL AUTO_INCREMENT,
  `uuid` varchar(255) COLLATE utf8mb4_unicode_ci NOT NULL,
  `connection` text COLLATE utf8mb4_unicode_ci NOT NULL,
  `queue` text COLLATE utf8mb4_unicode_ci NOT NULL,
  `payload` longtext COLLATE utf8mb4_unicode_ci NOT NULL,
  `exception` longtext COLLATE utf8mb4_unicode_ci NOT NULL,
  `failed_at` timestamp NOT NULL DEFAULT CURRENT_TIMESTAMP,
  PRIMARY KEY (`id`),
  UNIQUE KEY `failed_jobs_uuid_unique` (`uuid`)
) ENGINE=InnoDB DEFAULT CHARSET=utf8mb4 COLLATE=utf8mb4_unicode_ci;
/*!40101 SET character_set_client = @saved_cs_client */;

--
-- Dumping data for table `failed_jobs`
--

LOCK TABLES `failed_jobs` WRITE;
/*!40000 ALTER TABLE `failed_jobs` DISABLE KEYS */;
/*!40000 ALTER TABLE `failed_jobs` ENABLE KEYS */;
UNLOCK TABLES;

--
-- Table structure for table `job_batches`
--

DROP TABLE IF EXISTS `job_batches`;
/*!40101 SET @saved_cs_client     = @@character_set_client */;
/*!50503 SET character_set_client = utf8mb4 */;
CREATE TABLE `job_batches` (
  `id` varchar(255) COLLATE utf8mb4_unicode_ci NOT NULL,
  `name` varchar(255) COLLATE utf8mb4_unicode_ci NOT NULL,
  `total_jobs` int NOT NULL,
  `pending_jobs` int NOT NULL,
  `failed_jobs` int NOT NULL,
  `failed_job_ids` longtext COLLATE utf8mb4_unicode_ci NOT NULL,
  `options` mediumtext COLLATE utf8mb4_unicode_ci,
  `cancelled_at` int DEFAULT NULL,
  `created_at` int NOT NULL,
  `finished_at` int DEFAULT NULL,
  PRIMARY KEY (`id`)
) ENGINE=InnoDB DEFAULT CHARSET=utf8mb4 COLLATE=utf8mb4_unicode_ci;
/*!40101 SET character_set_client = @saved_cs_client */;

--
-- Dumping data for table `job_batches`
--

LOCK TABLES `job_batches` WRITE;
/*!40000 ALTER TABLE `job_batches` DISABLE KEYS */;
/*!40000 ALTER TABLE `job_batches` ENABLE KEYS */;
UNLOCK TABLES;

--
-- Table structure for table `jobs`
--

DROP TABLE IF EXISTS `jobs`;
/*!40101 SET @saved_cs_client     = @@character_set_client */;
/*!50503 SET character_set_client = utf8mb4 */;
CREATE TABLE `jobs` (
  `id` bigint unsigned NOT NULL AUTO_INCREMENT,
  `queue` varchar(255) COLLATE utf8mb4_unicode_ci NOT NULL,
  `payload` longtext COLLATE utf8mb4_unicode_ci NOT NULL,
  `attempts` tinyint unsigned NOT NULL,
  `reserved_at` int unsigned DEFAULT NULL,
  `available_at` int unsigned NOT NULL,
  `created_at` int unsigned NOT NULL,
  PRIMARY KEY (`id`),
  KEY `jobs_queue_index` (`queue`)
) ENGINE=InnoDB AUTO_INCREMENT=3 DEFAULT CHARSET=utf8mb4 COLLATE=utf8mb4_unicode_ci;
/*!40101 SET character_set_client = @saved_cs_client */;

--
-- Dumping data for table `jobs`
--

LOCK TABLES `jobs` WRITE;
/*!40000 ALTER TABLE `jobs` DISABLE KEYS */;
INSERT INTO `jobs` VALUES (1,'default','{\"uuid\":\"fa44a8dc-edad-4d38-ba77-2043d76753a7\",\"displayName\":\"Filament\\\\Auth\\\\Notifications\\\\VerifyEmail\",\"job\":\"Illuminate\\\\Queue\\\\CallQueuedHandler@call\",\"maxTries\":null,\"maxExceptions\":null,\"failOnTimeout\":false,\"backoff\":null,\"timeout\":null,\"retryUntil\":null,\"data\":{\"commandName\":\"Illuminate\\\\Notifications\\\\SendQueuedNotifications\",\"command\":\"O:48:\\\"Illuminate\\\\Notifications\\\\SendQueuedNotifications\\\":3:{s:11:\\\"notifiables\\\";O:45:\\\"Illuminate\\\\Contracts\\\\Database\\\\ModelIdentifier\\\":5:{s:5:\\\"class\\\";s:15:\\\"App\\\\Models\\\\User\\\";s:2:\\\"id\\\";a:1:{i:0;i:668;}s:9:\\\"relations\\\";a:0:{}s:10:\\\"connection\\\";s:5:\\\"mysql\\\";s:15:\\\"collectionClass\\\";N;}s:12:\\\"notification\\\";O:39:\\\"Filament\\\\Auth\\\\Notifications\\\\VerifyEmail\\\":2:{s:3:\\\"url\\\";s:191:\\\"http:\\/\\/localhost\\/dashboard\\/email-verification\\/verify\\/668\\/4373b088ee7c32ccd45566a8fce1e0d6f6609502?expires=1770057906&signature=69ce7cff31ed24c22bdb9fc02088163ea30fe927457422709d5d24cc4ec7f1fc\\\";s:2:\\\"id\\\";s:36:\\\"b596d6e3-9900-475b-94a4-d0d5961876c7\\\";}s:8:\\\"channels\\\";a:1:{i:0;s:4:\\\"mail\\\";}}\"},\"createdAt\":1770054306,\"delay\":null}',0,NULL,1770054306,1770054306),(2,'default','{\"uuid\":\"2890828d-8b01-4c53-ab54-28ca3e801a10\",\"displayName\":\"App\\\\Mail\\\\User\\\\WelcomeMail\",\"job\":\"Illuminate\\\\Queue\\\\CallQueuedHandler@call\",\"maxTries\":null,\"maxExceptions\":null,\"failOnTimeout\":false,\"backoff\":null,\"timeout\":null,\"retryUntil\":null,\"data\":{\"commandName\":\"Illuminate\\\\Mail\\\\SendQueuedMailable\",\"command\":\"O:34:\\\"Illuminate\\\\Mail\\\\SendQueuedMailable\\\":17:{s:8:\\\"mailable\\\";O:25:\\\"App\\\\Mail\\\\User\\\\WelcomeMail\\\":3:{s:4:\\\"user\\\";O:45:\\\"Illuminate\\\\Contracts\\\\Database\\\\ModelIdentifier\\\":5:{s:5:\\\"class\\\";s:15:\\\"App\\\\Models\\\\User\\\";s:2:\\\"id\\\";i:1;s:9:\\\"relations\\\";a:0:{}s:10:\\\"connection\\\";s:5:\\\"mysql\\\";s:15:\\\"collectionClass\\\";N;}s:2:\\\"to\\\";a:1:{i:0;a:2:{s:4:\\\"name\\\";N;s:7:\\\"address\\\";s:19:\\\"admin@digitalabs.id\\\";}}s:6:\\\"mailer\\\";s:3:\\\"log\\\";}s:5:\\\"tries\\\";N;s:7:\\\"timeout\\\";N;s:13:\\\"maxExceptions\\\";N;s:17:\\\"shouldBeEncrypted\\\";b:0;s:10:\\\"connection\\\";N;s:5:\\\"queue\\\";N;s:12:\\\"messageGroup\\\";N;s:12:\\\"deduplicator\\\";N;s:5:\\\"delay\\\";N;s:11:\\\"afterCommit\\\";N;s:10:\\\"middleware\\\";a:0:{}s:7:\\\"chained\\\";a:0:{}s:15:\\\"chainConnection\\\";N;s:10:\\\"chainQueue\\\";N;s:19:\\\"chainCatchCallbacks\\\";N;s:3:\\\"job\\\";N;}\"},\"createdAt\":1770137322,\"delay\":null}',0,NULL,1770137322,1770137322);
/*!40000 ALTER TABLE `jobs` ENABLE KEYS */;
UNLOCK TABLES;

--
-- Table structure for table `lesson_progress`
--

DROP TABLE IF EXISTS `lesson_progress`;
/*!40101 SET @saved_cs_client     = @@character_set_client */;
/*!50503 SET character_set_client = utf8mb4 */;
CREATE TABLE `lesson_progress` (
  `id` bigint unsigned NOT NULL AUTO_INCREMENT,
  `user_id` bigint unsigned NOT NULL,
  `lesson_id` bigint unsigned NOT NULL,
  `watched_seconds` int NOT NULL DEFAULT '0',
  `is_completed` tinyint(1) NOT NULL DEFAULT '0',
  `completed_at` timestamp NULL DEFAULT NULL,
  `created_at` timestamp NULL DEFAULT NULL,
  `updated_at` timestamp NULL DEFAULT NULL,
  PRIMARY KEY (`id`),
  UNIQUE KEY `lesson_progress_user_id_lesson_id_unique` (`user_id`,`lesson_id`),
  KEY `lesson_progress_lesson_id_foreign` (`lesson_id`),
  CONSTRAINT `lesson_progress_lesson_id_foreign` FOREIGN KEY (`lesson_id`) REFERENCES `lessons` (`id`) ON DELETE CASCADE,
  CONSTRAINT `lesson_progress_user_id_foreign` FOREIGN KEY (`user_id`) REFERENCES `users` (`id`) ON DELETE CASCADE
) ENGINE=InnoDB AUTO_INCREMENT=2018 DEFAULT CHARSET=utf8mb4 COLLATE=utf8mb4_unicode_ci;
/*!40101 SET character_set_client = @saved_cs_client */;

--
-- Dumping data for table `lesson_progress`
--

LOCK TABLES `lesson_progress` WRITE;
/*!40000 ALTER TABLE `lesson_progress` DISABLE KEYS */;
INSERT INTO `lesson_progress` VALUES (1,454,2,0,1,'2025-06-20 17:56:54','2025-06-20 17:56:54','2025-06-20 17:56:54'),(2,459,1,0,1,'2025-06-13 10:36:04','2025-06-13 10:36:04','2025-06-13 10:36:04'),(3,459,2,0,1,'2025-06-13 10:37:45','2025-06-13 10:37:45','2025-06-13 10:37:45'),(4,459,4,0,1,'2025-06-13 10:39:03','2025-06-13 10:39:03','2025-06-13 10:39:03'),(5,459,5,0,1,'2025-06-13 10:39:14','2025-06-13 10:39:14','2025-06-13 10:39:14'),(6,459,6,0,1,'2025-06-13 10:39:57','2025-06-13 10:39:57','2025-06-13 10:39:57'),(7,459,7,0,1,'2025-06-13 10:40:40','2025-06-13 10:40:40','2025-06-13 10:40:40'),(8,470,1,0,1,'2025-06-14 10:37:02','2025-06-14 10:37:02','2025-06-14 10:37:02'),(9,470,4,0,1,'2025-06-14 10:37:53','2025-06-14 10:37:53','2025-06-14 10:37:53'),(10,470,5,0,1,'2025-06-14 10:39:08','2025-06-14 10:39:08','2025-06-14 10:39:08'),(11,470,6,0,1,'2025-06-14 16:13:11','2025-06-14 16:13:11','2025-06-14 16:13:11'),(12,472,10,0,1,'2025-06-26 06:30:58','2025-06-26 06:30:58','2025-06-26 06:30:58'),(13,472,11,0,1,'2025-06-21 01:50:16','2025-06-21 01:50:16','2025-06-21 01:50:16'),(14,466,6,0,1,'2025-06-15 21:17:44','2025-06-15 21:17:44','2025-06-15 21:17:44'),(15,450,1,0,1,'2025-11-22 07:17:47','2025-11-22 07:17:47','2025-11-22 07:17:47'),(16,450,2,0,1,'2025-11-22 07:25:48','2025-11-22 07:25:48','2025-11-22 07:25:48'),(17,450,17,0,1,'2025-06-15 23:04:56','2025-06-15 23:04:56','2025-06-15 23:04:56'),(18,450,18,0,1,'2025-06-17 18:02:23','2025-06-17 18:02:23','2025-06-17 18:02:23'),(19,450,19,0,1,'2025-06-15 23:29:20','2025-06-15 23:29:20','2025-06-15 23:29:20'),(20,472,13,0,1,'2025-06-16 09:57:11','2025-06-16 09:57:11','2025-06-16 09:57:11'),(21,472,12,0,1,'2025-06-16 09:57:38','2025-06-16 09:57:38','2025-06-16 09:57:38'),(22,472,14,0,1,'2025-06-16 10:37:15','2025-06-16 10:37:15','2025-06-16 10:37:15'),(23,472,15,0,1,'2025-06-16 10:45:41','2025-06-16 10:45:41','2025-06-16 10:45:41'),(24,472,22,0,1,'2025-06-26 06:56:35','2025-06-26 06:56:35','2025-06-26 06:56:35'),(25,468,1,0,1,'2025-06-17 07:12:27','2025-06-17 07:12:27','2025-06-17 07:12:27'),(26,468,2,0,1,'2025-06-17 07:13:05','2025-06-17 07:13:05','2025-06-17 07:13:05'),(27,477,1,0,1,'2025-06-17 13:44:01','2025-06-17 13:44:01','2025-06-17 13:44:01'),(28,477,2,0,1,'2025-06-17 13:51:50','2025-06-17 13:51:50','2025-06-17 13:51:50'),(29,478,1,0,1,'2025-06-17 15:02:07','2025-06-17 15:02:07','2025-06-17 15:02:07'),(30,478,2,0,1,'2025-06-17 15:02:14','2025-06-17 15:02:14','2025-06-17 15:02:14'),(31,495,1,0,1,'2025-06-17 18:06:15','2025-06-17 18:06:15','2025-06-17 18:06:15'),(32,495,2,0,1,'2025-06-17 18:10:43','2025-06-17 18:10:43','2025-06-17 18:10:43'),(33,455,6,0,1,'2025-06-17 21:24:09','2025-06-17 21:24:09','2025-06-17 21:24:09'),(34,450,6,0,1,'2025-11-22 08:27:40','2025-11-22 08:27:40','2025-11-22 08:27:40'),(35,495,22,0,1,'2025-06-18 10:10:58','2025-06-18 10:10:58','2025-06-18 10:10:58'),(36,495,6,0,1,'2026-01-08 18:24:06','2026-01-08 18:24:06','2026-01-08 18:24:06'),(37,477,9,0,1,'2025-06-18 11:53:18','2025-06-18 11:53:18','2025-06-18 11:53:18'),(38,458,15,0,1,'2025-07-22 11:33:02','2025-07-22 11:33:02','2025-07-22 11:33:02'),(39,458,16,0,1,'2025-07-22 11:33:09','2025-07-22 11:33:09','2025-07-22 11:33:09'),(40,458,21,0,1,'2025-06-18 20:01:32','2025-06-18 20:01:32','2025-06-18 20:01:32'),(41,458,22,0,1,'2025-06-18 20:04:22','2025-06-18 20:04:22','2025-06-18 20:04:22'),(42,458,13,0,1,'2025-06-18 20:04:47','2025-06-18 20:04:47','2025-06-18 20:04:47'),(43,463,20,0,1,'2025-06-19 08:24:22','2025-06-19 08:24:22','2025-06-19 08:24:22'),(44,463,18,0,1,'2025-06-19 14:05:03','2025-06-19 14:05:03','2025-06-19 14:05:03'),(45,452,18,0,1,'2025-06-19 21:33:24','2025-06-19 21:33:24','2025-06-19 21:33:24'),(46,455,9,0,1,'2026-01-12 18:23:32','2026-01-12 18:23:32','2026-01-12 18:23:32'),(47,458,23,0,1,'2025-08-28 14:38:37','2025-08-28 14:38:37','2025-08-28 14:38:37'),(48,467,24,0,1,'2026-01-18 19:33:16','2026-01-18 19:33:16','2026-01-18 19:33:16'),(49,458,24,0,1,'2025-08-28 14:45:51','2025-08-28 14:45:51','2025-08-28 14:45:51'),(50,470,23,0,1,'2025-08-21 18:48:25','2025-08-21 18:48:25','2025-08-21 18:48:25'),(51,470,24,0,1,'2025-06-20 10:04:48','2025-06-20 10:04:48','2025-06-20 10:04:48'),(52,467,23,0,1,'2025-06-20 10:43:12','2025-06-20 10:43:12','2025-06-20 10:43:12'),(53,459,23,0,1,'2025-06-24 13:31:28','2025-06-24 13:31:28','2025-06-24 13:31:28'),(54,459,24,0,1,'2025-07-10 18:11:21','2025-07-10 18:11:21','2025-07-10 18:11:21'),(55,483,1,0,1,'2025-06-20 12:32:17','2025-06-20 12:32:17','2025-06-20 12:32:17'),(56,483,2,0,1,'2025-06-20 12:32:23','2025-06-20 12:32:23','2025-06-20 12:32:23'),(57,459,8,0,1,'2025-06-20 12:49:55','2025-06-20 12:49:55','2025-06-20 12:49:55'),(58,459,9,0,1,'2025-06-20 12:49:59','2025-06-20 12:49:59','2025-06-20 12:49:59'),(59,459,10,0,1,'2025-06-20 12:50:02','2025-06-20 12:50:02','2025-06-20 12:50:02'),(60,459,11,0,1,'2025-06-20 12:50:06','2025-06-20 12:50:06','2025-06-20 12:50:06'),(61,459,12,0,1,'2025-06-20 12:50:09','2025-06-20 12:50:09','2025-06-20 12:50:09'),(62,459,13,0,1,'2025-06-20 12:50:13','2025-06-20 12:50:13','2025-06-20 12:50:13'),(63,459,14,0,1,'2025-06-20 12:50:17','2025-06-20 12:50:17','2025-06-20 12:50:17'),(64,459,15,0,1,'2025-06-20 12:50:21','2025-06-20 12:50:21','2025-06-20 12:50:21'),(65,459,16,0,1,'2025-06-20 12:50:24','2025-06-20 12:50:24','2025-06-20 12:50:24'),(66,459,17,0,1,'2025-06-20 12:50:28','2025-06-20 12:50:28','2025-06-20 12:50:28'),(67,459,18,0,1,'2025-06-20 12:50:32','2025-06-20 12:50:32','2025-06-20 12:50:32'),(68,459,19,0,1,'2025-06-20 12:50:36','2025-06-20 12:50:36','2025-06-20 12:50:36'),(69,459,20,0,1,'2025-07-03 20:40:23','2025-07-03 20:40:23','2025-07-03 20:40:23'),(70,459,21,0,1,'2025-06-20 12:51:01','2025-06-20 12:51:01','2025-06-20 12:51:01'),(71,459,22,0,1,'2025-06-20 12:51:04','2025-06-20 12:51:04','2025-06-20 12:51:04'),(72,459,3,0,1,'2025-06-20 12:51:35','2025-06-20 12:51:35','2025-06-20 12:51:35'),(73,480,11,0,1,'2025-06-20 13:45:03','2025-06-20 13:45:03','2025-06-20 13:45:03'),(74,497,23,0,1,'2025-06-25 12:22:37','2025-06-25 12:22:37','2025-06-25 12:22:37'),(75,482,2,0,1,'2025-06-27 05:26:01','2025-06-27 05:26:01','2025-06-27 05:26:01'),(76,483,23,0,1,'2025-06-20 13:58:20','2025-06-20 13:58:20','2025-06-20 13:58:20'),(77,497,24,0,1,'2025-09-20 08:41:04','2025-09-20 08:41:04','2025-09-20 08:41:04'),(78,483,24,0,1,'2025-06-20 14:11:11','2025-06-20 14:11:11','2025-06-20 14:11:11'),(79,500,1,0,1,'2026-01-25 14:42:31','2026-01-25 14:42:31','2026-01-25 14:42:31'),(80,500,2,0,1,'2026-01-25 14:53:53','2026-01-25 14:53:53','2026-01-25 14:53:53'),(81,464,1,0,1,'2025-06-20 16:33:17','2025-06-20 16:33:17','2025-06-20 16:33:17'),(82,464,2,0,1,'2025-06-20 16:33:26','2025-06-20 16:33:26','2025-06-20 16:33:26'),(83,461,1,0,1,'2025-06-20 17:38:41','2025-06-20 17:38:41','2025-06-20 17:38:41'),(84,461,3,0,1,'2025-06-20 17:38:56','2025-06-20 17:38:56','2025-06-20 17:38:56'),(85,461,4,0,1,'2025-06-20 17:39:23','2025-06-20 17:39:23','2025-06-20 17:39:23'),(86,461,5,0,1,'2025-06-20 17:39:27','2025-06-20 17:39:27','2025-06-20 17:39:27'),(87,461,6,0,1,'2025-06-20 17:39:32','2025-06-20 17:39:32','2025-06-20 17:39:32'),(88,461,7,0,1,'2025-06-20 17:39:38','2025-06-20 17:39:38','2025-06-20 17:39:38'),(89,461,8,0,1,'2025-06-20 17:39:42','2025-06-20 17:39:42','2025-06-20 17:39:42'),(90,461,9,0,1,'2025-06-20 17:39:48','2025-06-20 17:39:48','2025-06-20 17:39:48'),(91,461,14,0,1,'2025-06-20 17:40:58','2025-06-20 17:40:58','2025-06-20 17:40:58'),(92,461,15,0,1,'2025-06-20 17:41:08','2025-06-20 17:41:08','2025-06-20 17:41:08'),(93,461,17,0,1,'2025-06-20 17:41:18','2025-06-20 17:41:18','2025-06-20 17:41:18'),(94,461,18,0,1,'2025-06-20 17:41:27','2025-06-20 17:41:27','2025-06-20 17:41:27'),(95,461,19,0,1,'2025-06-20 17:41:42','2025-06-20 17:41:42','2025-06-20 17:41:42'),(96,461,20,0,1,'2025-06-20 17:42:03','2025-06-20 17:42:03','2025-06-20 17:42:03'),(97,454,17,0,1,'2025-06-20 17:42:07','2025-06-20 17:42:07','2025-06-20 17:42:07'),(98,454,22,0,1,'2025-08-29 18:44:09','2025-08-29 18:44:09','2025-08-29 18:44:09'),(99,452,19,0,1,'2025-06-26 11:23:57','2025-06-26 11:23:57','2025-06-26 11:23:57'),(100,474,18,0,1,'2026-01-06 10:24:01','2026-01-06 10:24:01','2026-01-06 10:24:01'),(101,456,20,0,1,'2025-10-11 09:53:43','2025-10-11 09:53:43','2025-10-11 09:53:43'),(102,483,19,0,1,'2025-07-06 06:01:09','2025-07-06 06:01:09','2025-07-06 06:01:09'),(103,456,23,0,1,'2025-06-21 10:55:21','2025-06-21 10:55:21','2025-06-21 10:55:21'),(104,451,2,0,1,'2025-06-21 14:54:24','2025-06-21 14:54:24','2025-06-21 14:54:24'),(105,451,6,0,1,'2025-06-21 15:23:48','2025-06-21 15:23:48','2025-06-21 15:23:48'),(106,503,1,0,1,'2025-08-14 14:39:09','2025-08-14 14:39:09','2025-08-14 14:39:09'),(107,503,2,0,1,'2025-08-19 15:29:18','2025-08-19 15:29:18','2025-08-19 15:29:18'),(108,491,2,0,1,'2025-06-21 19:28:38','2025-06-21 19:28:38','2025-06-21 19:28:38'),(109,497,19,0,1,'2025-09-04 09:26:22','2025-09-04 09:26:22','2025-09-04 09:26:22'),(110,491,1,0,1,'2025-06-21 19:27:10','2025-06-21 19:27:10','2025-06-21 19:27:10'),(111,491,4,0,1,'2025-06-28 16:44:00','2025-06-28 16:44:00','2025-06-28 16:44:00'),(112,491,5,0,1,'2025-06-28 16:45:13','2025-06-28 16:45:13','2025-06-28 16:45:13'),(113,491,6,0,1,'2025-06-28 16:47:23','2025-06-28 16:47:23','2025-06-28 16:47:23'),(114,491,7,0,1,'2025-06-28 16:55:01','2025-06-28 16:55:01','2025-06-28 16:55:01'),(115,505,6,0,1,'2025-06-22 16:19:05','2025-06-22 16:19:05','2025-06-22 16:19:05'),(116,473,1,0,1,'2025-06-22 00:22:43','2025-06-22 00:22:43','2025-06-22 00:22:43'),(117,473,2,0,1,'2025-06-22 00:22:50','2025-06-22 00:22:50','2025-06-22 00:22:50'),(118,482,24,0,1,'2025-06-22 05:38:16','2025-06-22 05:38:16','2025-06-22 05:38:16'),(119,506,2,0,1,'2025-07-30 10:13:37','2025-07-30 10:13:37','2025-07-30 10:13:37'),(120,491,8,0,1,'2025-06-28 16:55:43','2025-06-28 16:55:43','2025-06-28 16:55:43'),(121,491,9,0,1,'2025-06-28 16:58:17','2025-06-28 16:58:17','2025-06-28 16:58:17'),(122,491,10,0,1,'2025-06-22 19:44:47','2025-06-22 19:44:47','2025-06-22 19:44:47'),(123,491,11,0,1,'2025-06-22 10:09:54','2025-06-22 10:09:54','2025-06-22 10:09:54'),(124,491,12,0,1,'2025-06-22 19:54:14','2025-06-22 19:54:14','2025-06-22 19:54:14'),(125,505,1,0,1,'2025-06-22 16:19:13','2025-06-22 16:19:13','2025-06-22 16:19:13'),(126,488,16,0,1,'2025-06-22 12:15:17','2025-06-22 12:15:17','2025-06-22 12:15:17'),(127,503,9,0,1,'2025-06-23 21:53:20','2025-06-23 21:53:20','2025-06-23 21:53:20'),(128,503,10,0,1,'2025-10-28 10:28:34','2025-10-28 10:28:34','2025-10-28 10:28:34'),(129,488,24,0,1,'2025-06-22 16:05:35','2025-06-22 16:05:35','2025-06-22 16:05:35'),(130,503,17,0,1,'2025-10-31 14:11:32','2025-10-31 14:11:32','2025-10-31 14:11:32'),(131,503,24,0,1,'2025-06-22 18:18:35','2025-06-22 18:18:35','2025-06-22 18:18:35'),(132,503,6,0,1,'2025-10-28 10:23:37','2025-10-28 10:23:37','2025-10-28 10:23:37'),(133,491,13,0,1,'2025-06-28 16:58:56','2025-06-28 16:58:56','2025-06-28 16:58:56'),(134,491,14,0,1,'2025-06-22 20:11:07','2025-06-22 20:11:07','2025-06-22 20:11:07'),(135,491,15,0,1,'2025-06-22 20:18:08','2025-06-22 20:18:08','2025-06-22 20:18:08'),(136,491,16,0,1,'2025-06-28 17:30:38','2025-06-28 17:30:38','2025-06-28 17:30:38'),(137,491,17,0,1,'2025-06-22 20:36:28','2025-06-22 20:36:28','2025-06-22 20:36:28'),(138,507,4,0,1,'2025-11-29 20:16:27','2025-11-29 20:16:27','2025-11-29 20:16:27'),(139,507,5,0,1,'2025-06-22 23:18:58','2025-06-22 23:18:58','2025-06-22 23:18:58'),(140,507,7,0,1,'2025-06-23 14:57:01','2025-06-23 14:57:01','2025-06-23 14:57:01'),(141,507,11,0,1,'2025-06-22 23:38:17','2025-06-22 23:38:17','2025-06-22 23:38:17'),(142,507,17,0,1,'2025-12-01 16:15:59','2025-12-01 16:15:59','2025-12-01 16:15:59'),(143,507,23,0,1,'2025-08-27 22:43:49','2025-08-27 22:43:49','2025-08-27 22:43:49'),(144,507,24,0,1,'2025-07-16 22:57:35','2025-07-16 22:57:35','2025-07-16 22:57:35'),(145,507,14,0,1,'2025-06-26 22:11:42','2025-06-26 22:11:42','2025-06-26 22:11:42'),(146,507,8,0,1,'2025-06-26 05:37:04','2025-06-26 05:37:04','2025-06-26 05:37:04'),(147,497,18,0,1,'2025-09-25 07:24:03','2025-09-25 07:24:03','2025-09-25 07:24:03'),(148,458,12,0,1,'2025-06-23 09:43:56','2025-06-23 09:43:56','2025-06-23 09:43:56'),(149,458,18,0,1,'2025-06-23 09:45:38','2025-06-23 09:45:38','2025-06-23 09:45:38'),(150,458,17,0,1,'2025-06-23 09:48:11','2025-06-23 09:48:11','2025-06-23 09:48:11'),(151,457,1,0,1,'2025-06-23 10:31:22','2025-06-23 10:31:22','2025-06-23 10:31:22'),(152,457,2,0,1,'2025-06-23 13:38:00','2025-06-23 13:38:00','2025-06-23 13:38:00'),(153,457,3,0,1,'2025-06-23 14:23:29','2025-06-23 14:23:29','2025-06-23 14:23:29'),(154,507,6,0,1,'2025-11-22 23:56:08','2025-11-22 23:56:08','2025-11-22 23:56:08'),(155,507,21,0,1,'2025-07-16 22:43:22','2025-07-16 22:43:22','2025-07-16 22:43:22'),(156,464,5,0,1,'2025-06-23 18:37:33','2025-06-23 18:37:33','2025-06-23 18:37:33'),(157,464,6,0,1,'2025-06-23 18:37:50','2025-06-23 18:37:50','2025-06-23 18:37:50'),(158,510,6,0,1,'2025-06-23 22:01:42','2025-06-23 22:01:42','2025-06-23 22:01:42'),(159,510,1,0,1,'2025-11-02 20:01:16','2025-11-02 20:01:16','2025-11-02 20:01:16'),(160,510,2,0,1,'2025-06-24 05:32:25','2025-06-24 05:32:25','2025-06-24 05:32:25'),(161,497,6,0,1,'2025-06-24 06:00:03','2025-06-24 06:00:03','2025-06-24 06:00:03'),(162,497,7,0,1,'2025-07-01 06:28:02','2025-07-01 06:28:02','2025-07-01 06:28:02'),(163,510,4,0,1,'2025-06-24 06:33:23','2025-06-24 06:33:23','2025-06-24 06:33:23'),(164,509,1,0,1,'2025-06-24 07:36:58','2025-06-24 07:36:58','2025-06-24 07:36:58'),(165,509,2,0,1,'2025-07-02 09:54:38','2025-07-02 09:54:38','2025-07-02 09:54:38'),(166,467,17,0,1,'2025-06-24 09:35:13','2025-06-24 09:35:13','2025-06-24 09:35:13'),(167,509,3,0,1,'2025-06-24 12:37:44','2025-06-24 12:37:44','2025-06-24 12:37:44'),(168,500,4,0,1,'2025-06-24 12:46:40','2025-06-24 12:46:40','2025-06-24 12:46:40'),(169,458,1,0,1,'2025-06-24 13:49:10','2025-06-24 13:49:10','2025-06-24 13:49:10'),(170,458,2,0,1,'2025-06-24 13:52:53','2025-06-24 13:52:53','2025-06-24 13:52:53'),(171,512,1,0,1,'2025-06-24 16:37:13','2025-06-24 16:37:13','2025-06-24 16:37:13'),(172,482,12,0,1,'2025-06-24 16:38:42','2025-06-24 16:38:42','2025-06-24 16:38:42'),(173,461,2,0,1,'2025-06-24 16:45:29','2025-06-24 16:45:29','2025-06-24 16:45:29'),(174,461,13,0,1,'2025-06-24 16:45:59','2025-06-24 16:45:59','2025-06-24 16:45:59'),(175,461,22,0,1,'2025-06-24 16:46:08','2025-06-24 16:46:08','2025-06-24 16:46:08'),(176,461,23,0,1,'2025-06-24 16:46:15','2025-06-24 16:46:15','2025-06-24 16:46:15'),(177,482,14,0,1,'2025-06-24 16:47:24','2025-06-24 16:47:24','2025-06-24 16:47:24'),(178,461,24,0,1,'2025-06-24 16:48:48','2025-06-24 16:48:48','2025-06-24 16:48:48'),(179,482,18,0,1,'2025-06-24 16:56:05','2025-06-24 16:56:05','2025-06-24 16:56:05'),(180,461,10,0,1,'2025-06-24 17:11:06','2025-06-24 17:11:06','2025-06-24 17:11:06'),(181,461,11,0,1,'2025-06-24 17:11:11','2025-06-24 17:11:11','2025-06-24 17:11:11'),(182,461,12,0,1,'2025-06-24 17:11:13','2025-06-24 17:11:13','2025-06-24 17:11:13'),(183,461,16,0,1,'2025-06-24 17:11:18','2025-06-24 17:11:18','2025-06-24 17:11:18'),(184,461,21,0,1,'2025-06-24 17:11:22','2025-06-24 17:11:22','2025-06-24 17:11:22'),(185,482,21,0,1,'2025-06-24 17:12:40','2025-06-24 17:12:40','2025-06-24 17:12:40'),(186,511,1,0,1,'2025-06-24 18:47:53','2025-06-24 18:47:53','2025-06-24 18:47:53'),(187,467,18,0,1,'2026-01-18 18:27:40','2026-01-18 18:27:40','2026-01-18 18:27:40'),(188,488,23,0,1,'2025-06-24 19:27:45','2025-06-24 19:27:45','2025-06-24 19:27:45'),(189,474,12,0,1,'2025-06-24 19:46:53','2025-06-24 19:46:53','2025-06-24 19:46:53'),(190,506,1,0,1,'2025-06-24 21:48:11','2025-06-24 21:48:11','2025-06-24 21:48:11'),(191,506,3,0,1,'2025-06-24 22:08:30','2025-06-24 22:08:30','2025-06-24 22:08:30'),(192,506,4,0,1,'2025-08-08 14:17:19','2025-08-08 14:17:19','2025-08-08 14:17:19'),(193,506,6,0,1,'2025-09-01 19:49:47','2025-09-01 19:49:47','2025-09-01 19:49:47'),(194,469,24,0,1,'2025-06-25 00:28:14','2025-06-25 00:28:14','2025-06-25 00:28:14'),(195,509,4,0,1,'2025-07-02 09:54:54','2025-07-02 09:54:54','2025-07-02 09:54:54'),(196,466,10,0,1,'2025-06-25 06:36:46','2025-06-25 06:36:46','2025-06-25 06:36:46'),(197,466,9,0,1,'2025-07-28 10:06:41','2025-07-28 10:06:41','2025-07-28 10:06:41'),(198,512,4,0,1,'2025-06-25 18:06:32','2025-06-25 18:06:32','2025-06-25 18:06:32'),(199,512,5,0,1,'2025-06-25 07:27:43','2025-06-25 07:27:43','2025-06-25 07:27:43'),(200,508,1,0,1,'2025-06-25 14:37:04','2025-06-25 14:37:04','2025-06-25 14:37:04'),(201,508,2,0,1,'2025-06-25 14:44:58','2025-06-25 14:44:58','2025-06-25 14:44:58'),(202,512,6,0,1,'2025-06-25 18:01:13','2025-06-25 18:01:13','2025-06-25 18:01:13'),(203,472,21,0,1,'2025-06-26 06:56:33','2025-06-26 06:56:33','2025-06-26 06:56:33'),(204,507,9,0,1,'2025-12-22 15:28:55','2025-12-22 15:28:55','2025-12-22 15:28:55'),(205,507,10,0,1,'2026-01-02 23:32:27','2026-01-02 23:32:27','2026-01-02 23:32:27'),(206,512,7,0,1,'2025-06-26 09:43:21','2025-06-26 09:43:21','2025-06-26 09:43:21'),(207,512,10,0,1,'2025-06-26 09:48:17','2025-06-26 09:48:17','2025-06-26 09:48:17'),(208,478,3,0,1,'2025-06-26 11:58:07','2025-06-26 11:58:07','2025-06-26 11:58:07'),(209,478,9,0,1,'2025-06-26 12:06:02','2025-06-26 12:06:02','2025-06-26 12:06:02'),(210,478,4,0,1,'2025-06-26 12:06:29','2025-06-26 12:06:29','2025-06-26 12:06:29'),(211,507,12,0,1,'2025-06-26 21:55:55','2025-06-26 21:55:55','2025-06-26 21:55:55'),(212,507,13,0,1,'2025-06-28 23:29:04','2025-06-28 23:29:04','2025-06-28 23:29:04'),(213,466,11,0,1,'2025-06-27 07:23:38','2025-06-27 07:23:38','2025-06-27 07:23:38'),(214,466,12,0,1,'2025-06-27 07:31:37','2025-06-27 07:31:37','2025-06-27 07:31:37'),(215,466,13,0,1,'2025-07-28 10:15:06','2025-07-28 10:15:06','2025-07-28 10:15:06'),(216,466,14,0,1,'2025-06-28 20:32:29','2025-06-28 20:32:29','2025-06-28 20:32:29'),(217,466,15,0,1,'2025-06-28 20:27:09','2025-06-28 20:27:09','2025-06-28 20:27:09'),(218,508,3,0,1,'2025-06-27 13:45:13','2025-06-27 13:45:13','2025-06-27 13:45:13'),(219,514,1,0,1,'2025-06-27 23:33:08','2025-06-27 23:33:08','2025-06-27 23:33:08'),(220,514,2,0,1,'2025-06-28 06:23:49','2025-06-28 06:23:49','2025-06-28 06:23:49'),(221,463,21,0,1,'2025-07-24 07:55:43','2025-07-24 07:55:43','2025-07-24 07:55:43'),(222,485,1,0,1,'2026-01-28 14:01:15','2026-01-28 14:01:15','2026-01-28 14:01:15'),(223,485,2,0,1,'2026-01-28 14:01:23','2026-01-28 14:01:23','2026-01-28 14:01:23'),(224,485,3,0,1,'2025-06-28 08:21:38','2025-06-28 08:21:38','2025-06-28 08:21:38'),(225,485,5,0,1,'2026-01-28 14:00:00','2026-01-28 14:00:00','2026-01-28 14:00:00'),(226,485,6,0,1,'2026-01-28 14:00:15','2026-01-28 14:00:15','2026-01-28 14:00:15'),(227,485,7,0,1,'2026-01-28 14:00:32','2026-01-28 14:00:32','2026-01-28 14:00:32'),(228,485,8,0,1,'2026-01-28 14:07:39','2026-01-28 14:07:39','2026-01-28 14:07:39'),(229,485,9,0,1,'2026-01-15 08:43:52','2026-01-15 08:43:52','2026-01-15 08:43:52'),(230,485,10,0,1,'2025-06-28 08:23:12','2025-06-28 08:23:12','2025-06-28 08:23:12'),(231,485,11,0,1,'2026-01-28 14:08:13','2026-01-28 14:08:13','2026-01-28 14:08:13'),(232,485,12,0,1,'2025-06-28 08:24:04','2025-06-28 08:24:04','2025-06-28 08:24:04'),(233,457,4,0,1,'2025-06-28 09:13:27','2025-06-28 09:13:27','2025-06-28 09:13:27'),(234,457,5,0,1,'2025-06-28 09:13:30','2025-06-28 09:13:30','2025-06-28 09:13:30'),(235,457,6,0,1,'2025-06-28 09:13:33','2025-06-28 09:13:33','2025-06-28 09:13:33'),(236,485,13,0,1,'2025-06-28 11:27:58','2025-06-28 11:27:58','2025-06-28 11:27:58'),(237,485,14,0,1,'2026-01-28 14:08:38','2026-01-28 14:08:38','2026-01-28 14:08:38'),(238,485,15,0,1,'2025-06-28 11:30:28','2025-06-28 11:30:28','2025-06-28 11:30:28'),(239,485,16,0,1,'2026-01-28 14:08:48','2026-01-28 14:08:48','2026-01-28 14:08:48'),(240,485,17,0,1,'2026-01-24 21:19:30','2026-01-24 21:19:30','2026-01-24 21:19:30'),(241,498,5,0,1,'2025-06-28 17:06:05','2025-06-28 17:06:05','2025-06-28 17:06:05'),(242,498,6,0,1,'2025-06-28 17:11:42','2025-06-28 17:11:42','2025-06-28 17:11:42'),(243,491,3,0,1,'2025-06-28 17:28:58','2025-06-28 17:28:58','2025-06-28 17:28:58'),(244,498,8,0,1,'2025-06-28 17:38:16','2025-06-28 17:38:16','2025-06-28 17:38:16'),(245,460,1,0,1,'2025-07-21 23:04:18','2025-07-21 23:04:18','2025-07-21 23:04:18'),(246,460,2,0,1,'2025-06-28 18:50:11','2025-06-28 18:50:11','2025-06-28 18:50:11'),(247,460,3,0,1,'2025-06-28 18:50:59','2025-06-28 18:50:59','2025-06-28 18:50:59'),(248,491,18,0,1,'2025-06-28 20:41:01','2025-06-28 20:41:01','2025-06-28 20:41:01'),(249,491,19,0,1,'2025-06-28 20:44:05','2025-06-28 20:44:05','2025-06-28 20:44:05'),(250,491,20,0,1,'2025-06-28 20:51:20','2025-06-28 20:51:20','2025-06-28 20:51:20'),(251,507,20,0,1,'2025-06-28 23:49:33','2025-06-28 23:49:33','2025-06-28 23:49:33'),(252,504,20,0,1,'2025-06-29 07:22:45','2025-06-29 07:22:45','2025-06-29 07:22:45'),(253,498,9,0,1,'2025-06-29 12:19:45','2025-06-29 12:19:45','2025-06-29 12:19:45'),(254,450,16,0,1,'2025-10-19 23:00:17','2025-10-19 23:00:17','2025-10-19 23:00:17'),(255,462,1,0,1,'2025-06-29 13:44:40','2025-06-29 13:44:40','2025-06-29 13:44:40'),(256,462,24,0,1,'2025-09-10 13:21:09','2025-09-10 13:21:09','2025-09-10 13:21:09'),(257,483,15,0,1,'2026-01-20 17:17:54','2026-01-20 17:17:54','2026-01-20 17:17:54'),(258,517,3,0,1,'2025-06-29 16:24:26','2025-06-29 16:24:26','2025-06-29 16:24:26'),(259,517,2,0,1,'2025-06-29 16:24:35','2025-06-29 16:24:35','2025-06-29 16:24:35'),(260,517,1,0,1,'2025-06-29 16:24:47','2025-06-29 16:24:47','2025-06-29 16:24:47'),(261,483,20,0,1,'2025-06-29 16:41:21','2025-06-29 16:41:21','2025-06-29 16:41:21'),(262,483,16,0,1,'2025-10-10 15:49:35','2025-10-10 15:49:35','2025-10-10 15:49:35'),(263,503,18,0,1,'2025-07-20 10:28:18','2025-07-20 10:28:18','2025-07-20 10:28:18'),(264,468,3,0,1,'2025-06-30 07:30:04','2025-06-30 07:30:04','2025-06-30 07:30:04'),(265,468,24,0,1,'2025-06-30 07:30:29','2025-06-30 07:30:29','2025-06-30 07:30:29'),(266,518,3,0,1,'2025-06-30 17:58:58','2025-06-30 17:58:58','2025-06-30 17:58:58'),(267,518,18,0,1,'2025-06-30 21:23:31','2025-06-30 21:23:31','2025-06-30 21:23:31'),(268,453,4,0,1,'2025-06-30 21:32:09','2025-06-30 21:32:09','2025-06-30 21:32:09'),(269,518,23,0,1,'2025-11-27 15:02:32','2025-11-27 15:02:32','2025-11-27 15:02:32'),(270,473,24,0,1,'2025-06-30 22:57:39','2025-06-30 22:57:39','2025-06-30 22:57:39'),(271,514,14,0,1,'2025-07-01 05:35:24','2025-07-01 05:35:24','2025-07-01 05:35:24'),(272,514,23,0,1,'2025-07-01 06:14:10','2025-07-01 06:14:10','2025-07-01 06:14:10'),(273,497,8,0,1,'2025-07-01 06:28:09','2025-07-01 06:28:09','2025-07-01 06:28:09'),(274,514,24,0,1,'2025-07-01 06:37:26','2025-07-01 06:37:26','2025-07-01 06:37:26'),(275,497,10,0,1,'2025-08-27 22:02:14','2025-08-27 22:02:14','2025-08-27 22:02:14'),(276,504,23,0,1,'2026-01-29 22:53:20','2026-01-29 22:53:20','2026-01-29 22:53:20'),(277,475,20,0,1,'2025-07-01 07:33:06','2025-07-01 07:33:06','2025-07-01 07:33:06'),(278,463,13,0,1,'2025-07-01 14:53:33','2025-07-01 14:53:33','2025-07-01 14:53:33'),(279,516,2,0,1,'2025-07-08 19:26:46','2025-07-08 19:26:46','2025-07-08 19:26:46'),(280,452,12,0,1,'2025-07-01 20:30:14','2025-07-01 20:30:14','2025-07-01 20:30:14'),(281,503,11,0,1,'2025-08-27 22:33:29','2025-08-27 22:33:29','2025-08-27 22:33:29'),(282,497,17,0,1,'2025-08-07 14:52:12','2025-08-07 14:52:12','2025-08-07 14:52:12'),(283,497,16,0,1,'2025-10-15 00:40:13','2025-10-15 00:40:13','2025-10-15 00:40:13'),(284,497,13,0,1,'2025-07-13 20:59:40','2025-07-13 20:59:40','2025-07-13 20:59:40'),(285,460,12,0,1,'2025-07-01 22:02:20','2025-07-01 22:02:20','2025-07-01 22:02:20'),(286,467,19,0,1,'2025-07-27 10:06:02','2025-07-27 10:06:02','2025-07-27 10:06:02'),(287,483,21,0,1,'2025-08-03 20:32:17','2025-08-03 20:32:17','2025-08-03 20:32:17'),(288,485,18,0,1,'2025-07-02 21:12:09','2025-07-02 21:12:09','2025-07-02 21:12:09'),(289,485,19,0,1,'2025-07-02 21:21:05','2025-07-02 21:21:05','2025-07-02 21:21:05'),(290,485,20,0,1,'2025-07-02 21:21:35','2025-07-02 21:21:35','2025-07-02 21:21:35'),(291,473,23,0,1,'2025-07-17 21:31:27','2025-07-17 21:31:27','2025-07-17 21:31:27'),(292,514,6,0,1,'2025-08-19 12:23:17','2025-08-19 12:23:17','2025-08-19 12:23:17'),(293,469,18,0,1,'2025-07-03 18:36:07','2025-07-03 18:36:07','2025-07-03 18:36:07'),(294,516,4,0,1,'2025-07-08 19:26:35','2025-07-08 19:26:35','2025-07-08 19:26:35'),(295,503,12,0,1,'2025-08-29 17:25:00','2025-08-29 17:25:00','2025-08-29 17:25:00'),(296,483,18,0,1,'2025-07-04 09:22:09','2025-07-04 09:22:09','2025-07-04 09:22:09'),(297,516,5,0,1,'2025-07-04 20:49:49','2025-07-04 20:49:49','2025-07-04 20:49:49'),(298,516,6,0,1,'2025-07-05 13:51:22','2025-07-05 13:51:22','2025-07-05 13:51:22'),(299,516,7,0,1,'2025-07-05 14:33:37','2025-07-05 14:33:37','2025-07-05 14:33:37'),(300,513,9,0,1,'2025-07-05 17:32:55','2025-07-05 17:32:55','2025-07-05 17:32:55'),(301,504,15,0,1,'2025-07-06 05:55:11','2025-07-06 05:55:11','2025-07-06 05:55:11'),(302,483,17,0,1,'2025-07-06 05:58:25','2025-07-06 05:58:25','2025-07-06 05:58:25'),(303,456,19,0,1,'2025-07-06 10:31:16','2025-07-06 10:31:16','2025-07-06 10:31:16'),(304,452,21,0,1,'2025-07-08 20:23:43','2025-07-08 20:23:43','2025-07-08 20:23:43'),(305,503,13,0,1,'2025-10-16 22:18:43','2025-10-16 22:18:43','2025-10-16 22:18:43'),(306,503,14,0,1,'2025-07-08 01:07:10','2025-07-08 01:07:10','2025-07-08 01:07:10'),(307,503,15,0,1,'2025-10-31 13:25:57','2025-10-31 13:25:57','2025-10-31 13:25:57'),(308,503,4,0,1,'2025-07-07 03:36:16','2025-07-07 03:36:16','2025-07-07 03:36:16'),(309,452,16,0,1,'2025-07-07 08:51:43','2025-07-07 08:51:43','2025-07-07 08:51:43'),(310,452,13,0,1,'2025-07-07 08:54:04','2025-07-07 08:54:04','2025-07-07 08:54:04'),(311,464,3,0,1,'2025-07-07 21:01:00','2025-07-07 21:01:00','2025-07-07 21:01:00'),(312,516,8,0,1,'2025-08-18 17:40:27','2025-08-18 17:40:27','2025-08-18 17:40:27'),(313,516,9,0,1,'2025-08-18 20:55:12','2025-08-18 20:55:12','2025-08-18 20:55:12'),(314,509,23,0,1,'2025-07-08 12:18:45','2025-07-08 12:18:45','2025-07-08 12:18:45'),(315,516,3,0,1,'2025-07-08 19:26:33','2025-07-08 19:26:33','2025-07-08 19:26:33'),(316,516,1,0,1,'2025-07-08 19:26:43','2025-07-08 19:26:43','2025-07-08 19:26:43'),(317,516,12,0,1,'2025-08-11 19:51:57','2025-08-11 19:51:57','2025-08-11 19:51:57'),(318,516,13,0,1,'2026-01-21 20:25:15','2026-01-21 20:25:15','2026-01-21 20:25:15'),(319,516,15,0,1,'2025-10-10 22:49:55','2025-10-10 22:49:55','2025-10-10 22:49:55'),(320,514,10,0,1,'2025-07-09 09:19:32','2025-07-09 09:19:32','2025-07-09 09:19:32'),(321,514,12,0,1,'2025-07-09 09:19:54','2025-07-09 09:19:54','2025-07-09 09:19:54'),(322,457,7,0,1,'2025-07-09 09:57:05','2025-07-09 09:57:05','2025-07-09 09:57:05'),(323,457,8,0,1,'2025-07-09 09:57:08','2025-07-09 09:57:08','2025-07-09 09:57:08'),(324,457,9,0,1,'2025-07-09 13:04:32','2025-07-09 13:04:32','2025-07-09 13:04:32'),(325,515,1,0,1,'2025-07-09 21:47:42','2025-07-09 21:47:42','2025-07-09 21:47:42'),(326,515,2,0,1,'2025-07-10 08:06:17','2025-07-10 08:06:17','2025-07-10 08:06:17'),(327,515,3,0,1,'2025-07-10 08:07:53','2025-07-10 08:07:53','2025-07-10 08:07:53'),(328,474,11,0,1,'2025-07-10 19:39:55','2025-07-10 19:39:55','2025-07-10 19:39:55'),(329,460,21,0,1,'2025-07-11 17:55:46','2025-07-11 17:55:46','2025-07-11 17:55:46'),(330,460,22,0,1,'2025-07-11 18:01:58','2025-07-11 18:01:58','2025-07-11 18:01:58'),(331,460,23,0,1,'2025-10-18 18:47:42','2025-10-18 18:47:42','2025-10-18 18:47:42'),(332,460,24,0,1,'2025-07-28 22:05:37','2025-07-28 22:05:37','2025-07-28 22:05:37'),(333,518,13,0,1,'2025-07-11 20:10:39','2025-07-11 20:10:39','2025-07-11 20:10:39'),(334,483,4,0,1,'2025-07-11 21:53:02','2025-07-11 21:53:02','2025-07-11 21:53:02'),(335,473,10,0,1,'2025-07-11 22:45:32','2025-07-11 22:45:32','2025-07-11 22:45:32'),(336,477,10,0,1,'2025-08-05 16:27:35','2025-08-05 16:27:35','2025-08-05 16:27:35'),(337,504,21,0,1,'2025-07-12 14:28:23','2025-07-12 14:28:23','2025-07-12 14:28:23'),(338,520,1,0,1,'2025-07-13 16:08:00','2025-07-13 16:08:00','2025-07-13 16:08:00'),(339,520,2,0,1,'2025-07-13 16:15:52','2025-07-13 16:15:52','2025-07-13 16:15:52'),(340,520,3,0,1,'2025-07-13 16:53:06','2025-07-13 16:53:06','2025-07-13 16:53:06'),(341,515,4,0,1,'2025-07-13 19:06:26','2025-07-13 19:06:26','2025-07-13 19:06:26'),(342,515,5,0,1,'2025-07-13 19:23:20','2025-07-13 19:23:20','2025-07-13 19:23:20'),(343,515,6,0,1,'2025-07-13 20:18:06','2025-07-13 20:18:06','2025-07-13 20:18:06'),(344,517,4,0,1,'2025-07-14 11:20:36','2025-07-14 11:20:36','2025-07-14 11:20:36'),(345,517,9,0,1,'2025-07-15 18:06:16','2025-07-15 18:06:16','2025-07-15 18:06:16'),(346,521,1,0,1,'2025-07-15 19:04:03','2025-07-15 19:04:03','2025-07-15 19:04:03'),(347,521,2,0,1,'2025-07-15 19:12:12','2025-07-15 19:12:12','2025-07-15 19:12:12'),(348,507,19,0,1,'2025-07-16 22:42:42','2025-07-16 22:42:42','2025-07-16 22:42:42'),(349,473,21,0,1,'2025-07-16 23:55:24','2025-07-16 23:55:24','2025-07-16 23:55:24'),(350,517,20,0,1,'2025-07-30 11:43:01','2025-07-30 11:43:01','2025-07-30 11:43:01'),(351,521,10,0,1,'2025-07-20 07:58:17','2025-07-20 07:58:17','2025-07-20 07:58:17'),(352,521,14,0,1,'2025-07-17 23:51:39','2025-07-17 23:51:39','2025-07-17 23:51:39'),(353,522,1,0,1,'2025-07-31 14:33:01','2025-07-31 14:33:01','2025-07-31 14:33:01'),(354,522,2,0,1,'2025-07-19 07:51:16','2025-07-19 07:51:16','2025-07-19 07:51:16'),(355,522,3,0,1,'2025-07-19 07:51:55','2025-07-19 07:51:55','2025-07-19 07:51:55'),(356,522,4,0,1,'2025-07-19 11:06:40','2025-07-19 11:06:40','2025-07-19 11:06:40'),(357,517,19,0,1,'2025-07-19 14:11:57','2025-07-19 14:11:57','2025-07-19 14:11:57'),(358,523,1,0,1,'2025-07-19 13:15:36','2025-07-19 13:15:36','2025-07-19 13:15:36'),(359,452,20,0,1,'2025-07-19 13:19:14','2025-07-19 13:19:14','2025-07-19 13:19:14'),(360,523,2,0,1,'2025-12-09 12:28:24','2025-12-09 12:28:24','2025-12-09 12:28:24'),(361,523,3,0,1,'2025-07-19 13:23:55','2025-07-19 13:23:55','2025-07-19 13:23:55'),(362,522,5,0,1,'2025-07-19 15:02:12','2025-07-19 15:02:12','2025-07-19 15:02:12'),(363,522,6,0,1,'2025-07-19 15:57:27','2025-07-19 15:57:27','2025-07-19 15:57:27'),(364,517,18,0,1,'2025-07-21 05:28:33','2025-07-21 05:28:33','2025-07-21 05:28:33'),(365,466,20,0,1,'2025-07-19 21:49:16','2025-07-19 21:49:16','2025-07-19 21:49:16'),(366,522,7,0,1,'2025-07-19 19:57:24','2025-07-19 19:57:24','2025-07-19 19:57:24'),(367,522,8,0,1,'2025-07-19 19:58:30','2025-07-19 19:58:30','2025-07-19 19:58:30'),(368,522,9,0,1,'2025-07-31 14:59:46','2025-07-31 14:59:46','2025-07-31 14:59:46'),(369,466,16,0,1,'2025-07-19 20:43:47','2025-07-19 20:43:47','2025-07-19 20:43:47'),(370,466,17,0,1,'2025-07-19 20:49:49','2025-07-19 20:49:49','2025-07-19 20:49:49'),(371,466,18,0,1,'2025-07-19 21:48:57','2025-07-19 21:48:57','2025-07-19 21:48:57'),(372,466,19,0,1,'2025-07-19 20:57:01','2025-07-19 20:57:01','2025-07-19 20:57:01'),(373,466,21,0,1,'2025-07-28 21:33:21','2025-07-28 21:33:21','2025-07-28 21:33:21'),(374,522,10,0,1,'2025-10-20 10:14:23','2025-10-20 10:14:23','2025-10-20 10:14:23'),(375,466,22,0,1,'2025-07-19 21:03:14','2025-07-19 21:03:14','2025-07-19 21:03:14'),(376,522,11,0,1,'2025-07-19 21:36:44','2025-07-19 21:36:44','2025-07-19 21:36:44'),(377,466,1,0,1,'2025-07-19 21:04:50','2025-07-19 21:04:50','2025-07-19 21:04:50'),(378,466,2,0,1,'2025-07-19 21:04:53','2025-07-19 21:04:53','2025-07-19 21:04:53'),(379,466,3,0,1,'2025-07-19 21:04:56','2025-07-19 21:04:56','2025-07-19 21:04:56'),(380,466,23,0,1,'2025-07-19 21:22:19','2025-07-19 21:22:19','2025-07-19 21:22:19'),(381,466,24,0,1,'2025-07-19 21:36:57','2025-07-19 21:36:57','2025-07-19 21:36:57'),(382,522,12,0,1,'2025-07-19 21:48:31','2025-07-19 21:48:31','2025-07-19 21:48:31'),(383,522,13,0,1,'2025-08-28 08:39:16','2025-08-28 08:39:16','2025-08-28 08:39:16'),(384,523,6,0,1,'2025-07-19 22:04:17','2025-07-19 22:04:17','2025-07-19 22:04:17'),(385,522,14,0,1,'2025-07-23 11:29:48','2025-07-23 11:29:48','2025-07-23 11:29:48'),(386,522,15,0,1,'2025-07-20 10:58:26','2025-07-20 10:58:26','2025-07-20 10:58:26'),(387,522,24,0,1,'2025-07-20 14:46:59','2025-07-20 14:46:59','2025-07-20 14:46:59'),(388,526,2,0,1,'2025-07-20 23:45:12','2025-07-20 23:45:12','2025-07-20 23:45:12'),(389,526,1,0,1,'2025-07-21 04:37:49','2025-07-21 04:37:49','2025-07-21 04:37:49'),(390,526,3,0,1,'2025-07-21 04:37:53','2025-07-21 04:37:53','2025-07-21 04:37:53'),(391,526,9,0,1,'2025-07-21 05:04:07','2025-07-21 05:04:07','2025-07-21 05:04:07'),(392,517,21,0,1,'2025-07-21 11:44:21','2025-07-21 11:44:21','2025-07-21 11:44:21'),(393,522,20,0,1,'2025-07-21 13:21:51','2025-07-21 13:21:51','2025-07-21 13:21:51'),(394,517,17,0,1,'2025-07-21 14:33:54','2025-07-21 14:33:54','2025-07-21 14:33:54'),(395,517,10,0,1,'2025-08-05 11:16:33','2025-08-05 11:16:33','2025-08-05 11:16:33'),(396,525,1,0,1,'2025-07-21 16:36:58','2025-07-21 16:36:58','2025-07-21 16:36:58'),(397,525,2,0,1,'2026-01-01 13:05:19','2026-01-01 13:05:19','2026-01-01 13:05:19'),(398,525,3,0,1,'2025-07-21 16:38:14','2025-07-21 16:38:14','2025-07-21 16:38:14'),(399,525,4,0,1,'2025-07-21 16:58:45','2025-07-21 16:58:45','2025-07-21 16:58:45'),(400,525,5,0,1,'2025-07-21 16:59:20','2025-07-21 16:59:20','2025-07-21 16:59:20'),(401,517,13,0,1,'2025-07-21 20:29:04','2025-07-21 20:29:04','2025-07-21 20:29:04'),(402,517,14,0,1,'2025-07-21 20:55:52','2025-07-21 20:55:52','2025-07-21 20:55:52'),(403,475,18,0,1,'2025-07-21 21:41:28','2025-07-21 21:41:28','2025-07-21 21:41:28'),(404,518,16,0,1,'2025-07-21 22:15:52','2025-07-21 22:15:52','2025-07-21 22:15:52'),(405,522,18,0,1,'2025-07-21 22:46:45','2025-07-21 22:46:45','2025-07-21 22:46:45'),(406,503,22,0,1,'2025-09-14 19:41:41','2025-09-14 19:41:41','2025-09-14 19:41:41'),(407,503,16,0,1,'2025-10-31 13:30:04','2025-10-31 13:30:04','2025-10-31 13:30:04'),(408,517,15,0,1,'2025-07-22 08:41:39','2025-07-22 08:41:39','2025-07-22 08:41:39'),(409,517,16,0,1,'2025-07-22 09:33:52','2025-07-22 09:33:52','2025-07-22 09:33:52'),(410,514,11,0,1,'2025-07-22 10:52:08','2025-07-22 10:52:08','2025-07-22 10:52:08'),(411,517,12,0,1,'2025-07-22 13:22:46','2025-07-22 13:22:46','2025-07-22 13:22:46'),(412,517,11,0,1,'2025-07-22 13:22:42','2025-07-22 13:22:42','2025-07-22 13:22:42'),(413,520,18,0,1,'2025-07-22 16:57:38','2025-07-22 16:57:38','2025-07-22 16:57:38'),(414,520,20,0,1,'2025-07-22 16:59:12','2025-07-22 16:59:12','2025-07-22 16:59:12'),(415,520,21,0,1,'2025-07-22 17:12:28','2025-07-22 17:12:28','2025-07-22 17:12:28'),(416,520,13,0,1,'2025-07-22 21:24:06','2025-07-22 21:24:06','2025-07-22 21:24:06'),(417,526,18,0,1,'2025-07-23 05:15:05','2025-07-23 05:15:05','2025-07-23 05:15:05'),(418,522,25,0,1,'2025-07-23 06:21:47','2025-07-23 06:21:47','2025-07-23 06:21:47'),(419,522,26,0,1,'2025-07-23 06:24:08','2025-07-23 06:24:08','2025-07-23 06:24:08'),(420,522,27,0,1,'2025-07-23 06:29:29','2025-07-23 06:29:29','2025-07-23 06:29:29'),(421,474,26,0,1,'2025-07-23 11:30:25','2025-07-23 11:30:25','2025-07-23 11:30:25'),(422,497,30,0,1,'2025-07-23 13:23:13','2025-07-23 13:23:13','2025-07-23 13:23:13'),(423,459,25,0,1,'2025-07-23 15:59:22','2025-07-23 15:59:22','2025-07-23 15:59:22'),(424,459,26,0,1,'2025-07-23 16:00:52','2025-07-23 16:00:52','2025-07-23 16:00:52'),(425,459,27,0,1,'2025-07-23 16:03:40','2025-07-23 16:03:40','2025-07-23 16:03:40'),(426,459,28,0,1,'2025-07-23 16:04:35','2025-07-23 16:04:35','2025-07-23 16:04:35'),(427,450,12,0,1,'2025-07-23 18:39:19','2025-07-23 18:39:19','2025-07-23 18:39:19'),(428,450,24,0,1,'2025-07-23 19:02:06','2025-07-23 19:02:06','2025-07-23 19:02:06'),(429,493,11,0,1,'2025-07-23 21:16:03','2025-07-23 21:16:03','2025-07-23 21:16:03'),(430,517,28,0,1,'2025-07-23 21:29:31','2025-07-23 21:29:31','2025-07-23 21:29:31'),(431,463,14,0,1,'2025-07-24 07:43:55','2025-07-24 07:43:55','2025-07-24 07:43:55'),(432,527,4,0,1,'2025-07-24 15:29:20','2025-07-24 15:29:20','2025-07-24 15:29:20'),(433,527,5,0,1,'2025-07-24 16:45:12','2025-07-24 16:45:12','2025-07-24 16:45:12'),(434,527,6,0,1,'2025-07-24 17:39:34','2025-07-24 17:39:34','2025-07-24 17:39:34'),(435,527,7,0,1,'2025-07-24 21:19:25','2025-07-24 21:19:25','2025-07-24 21:19:25'),(436,516,25,0,1,'2025-10-06 16:02:36','2025-10-06 16:02:36','2025-10-06 16:02:36'),(437,527,8,0,1,'2025-07-25 15:28:16','2025-07-25 15:28:16','2025-07-25 15:28:16'),(438,527,9,0,1,'2025-07-24 22:19:04','2025-07-24 22:19:04','2025-07-24 22:19:04'),(439,526,16,0,1,'2025-07-24 23:01:47','2025-07-24 23:01:47','2025-07-24 23:01:47'),(440,467,16,0,1,'2025-07-24 23:08:03','2025-07-24 23:08:03','2025-07-24 23:08:03'),(441,467,26,0,1,'2025-07-24 23:09:58','2025-07-24 23:09:58','2025-07-24 23:09:58'),(442,527,10,0,1,'2025-07-25 09:06:41','2025-07-25 09:06:41','2025-07-25 09:06:41'),(443,527,11,0,1,'2025-07-25 09:15:24','2025-07-25 09:15:24','2025-07-25 09:15:24'),(444,527,12,0,1,'2025-07-25 10:31:44','2025-07-25 10:31:44','2025-07-25 10:31:44'),(445,503,19,0,1,'2025-07-25 12:43:17','2025-07-25 12:43:17','2025-07-25 12:43:17'),(446,528,1,0,1,'2025-07-25 17:39:38','2025-07-25 17:39:38','2025-07-25 17:39:38'),(447,527,13,0,1,'2025-07-25 17:40:26','2025-07-25 17:40:26','2025-07-25 17:40:26'),(448,528,2,0,1,'2025-07-25 17:45:25','2025-07-25 17:45:25','2025-07-25 17:45:25'),(449,527,14,0,1,'2025-07-25 17:47:56','2025-07-25 17:47:56','2025-07-25 17:47:56'),(450,527,15,0,1,'2025-07-25 20:42:47','2025-07-25 20:42:47','2025-07-25 20:42:47'),(451,527,16,0,1,'2025-07-25 20:48:35','2025-07-25 20:48:35','2025-07-25 20:48:35'),(452,527,17,0,1,'2025-07-25 22:12:57','2025-07-25 22:12:57','2025-07-25 22:12:57'),(453,527,18,0,1,'2025-07-25 22:41:29','2025-07-25 22:41:29','2025-07-25 22:41:29'),(454,527,19,0,1,'2025-07-25 22:47:27','2025-07-25 22:47:27','2025-07-25 22:47:27'),(455,527,20,0,1,'2025-08-11 20:46:46','2025-08-11 20:46:46','2025-08-11 20:46:46'),(456,527,21,0,1,'2025-08-07 11:15:42','2025-08-07 11:15:42','2025-08-07 11:15:42'),(457,527,22,0,1,'2025-07-25 23:00:27','2025-07-25 23:00:27','2025-07-25 23:00:27'),(458,527,23,0,1,'2025-07-26 15:33:29','2025-07-26 15:33:29','2025-07-26 15:33:29'),(459,527,24,0,1,'2025-07-26 17:04:14','2025-07-26 17:04:14','2025-07-26 17:04:14'),(460,527,25,0,1,'2025-07-26 17:17:13','2025-07-26 17:17:13','2025-07-26 17:17:13'),(461,527,26,0,1,'2025-07-26 17:23:12','2025-07-26 17:23:12','2025-07-26 17:23:12'),(462,527,27,0,1,'2025-07-26 17:26:55','2025-07-26 17:26:55','2025-07-26 17:26:55'),(463,527,28,0,1,'2025-07-26 17:28:25','2025-07-26 17:28:25','2025-07-26 17:28:25'),(464,529,1,0,1,'2025-07-26 22:43:19','2025-07-26 22:43:19','2025-07-26 22:43:19'),(465,529,2,0,1,'2025-07-26 22:53:25','2025-07-26 22:53:25','2025-07-26 22:53:25'),(466,529,4,0,1,'2025-07-27 12:09:25','2025-07-27 12:09:25','2025-07-27 12:09:25'),(467,455,30,0,1,'2025-07-27 12:20:33','2025-07-27 12:20:33','2025-07-27 12:20:33'),(468,529,5,0,1,'2025-07-27 15:08:05','2025-07-27 15:08:05','2025-07-27 15:08:05'),(469,529,6,0,1,'2025-07-27 23:06:32','2025-07-27 23:06:32','2025-07-27 23:06:32'),(470,529,7,0,1,'2025-07-27 23:26:54','2025-07-27 23:26:54','2025-07-27 23:26:54'),(471,529,8,0,1,'2025-07-28 13:07:03','2025-07-28 13:07:03','2025-07-28 13:07:03'),(472,514,30,0,1,'2025-07-28 21:07:50','2025-07-28 21:07:50','2025-07-28 21:07:50'),(473,526,17,0,1,'2025-07-29 12:26:26','2025-07-29 12:26:26','2025-07-29 12:26:26'),(474,528,9,0,1,'2025-07-30 12:38:13','2025-07-30 12:38:13','2025-07-30 12:38:13'),(475,529,10,0,1,'2025-07-30 19:39:18','2025-07-30 19:39:18','2025-07-30 19:39:18'),(476,528,10,0,1,'2025-07-30 20:25:50','2025-07-30 20:25:50','2025-07-30 20:25:50'),(477,528,11,0,1,'2025-07-30 20:27:12','2025-07-30 20:27:12','2025-07-30 20:27:12'),(478,528,12,0,1,'2025-07-30 20:27:17','2025-07-30 20:27:17','2025-07-30 20:27:17'),(479,471,24,0,1,'2025-07-31 13:38:13','2025-07-31 13:38:13','2025-07-31 13:38:13'),(480,528,13,0,1,'2025-07-31 13:55:00','2025-07-31 13:55:00','2025-07-31 13:55:00'),(481,471,18,0,1,'2025-07-31 14:03:03','2025-07-31 14:03:03','2025-07-31 14:03:03'),(482,471,19,0,1,'2025-07-31 14:12:05','2025-07-31 14:12:05','2025-07-31 14:12:05'),(483,528,18,0,1,'2026-01-04 19:29:46','2026-01-04 19:29:46','2026-01-04 19:29:46'),(484,528,28,0,1,'2025-08-01 15:15:38','2025-08-01 15:15:38','2025-08-01 15:15:38'),(485,497,15,0,1,'2025-08-01 17:26:54','2025-08-01 17:26:54','2025-08-01 17:26:54'),(486,473,18,0,1,'2025-08-05 19:41:04','2025-08-05 19:41:04','2025-08-05 19:41:04'),(487,483,25,0,1,'2025-08-01 20:52:02','2025-08-01 20:52:02','2025-08-01 20:52:02'),(488,491,21,0,1,'2025-08-02 11:28:08','2025-08-02 11:28:08','2025-08-02 11:28:08'),(489,507,26,0,1,'2025-08-02 18:23:34','2025-08-02 18:23:34','2025-08-02 18:23:34'),(490,452,25,0,1,'2025-08-03 18:42:29','2025-08-03 18:42:29','2025-08-03 18:42:29'),(491,483,26,0,1,'2025-08-03 21:33:40','2025-08-03 21:33:40','2025-08-03 21:33:40'),(492,532,1,0,1,'2025-08-03 22:45:01','2025-08-03 22:45:01','2025-08-03 22:45:01'),(493,532,2,0,1,'2025-08-03 22:52:44','2025-08-03 22:52:44','2025-08-03 22:52:44'),(494,532,3,0,1,'2025-08-03 22:53:15','2025-08-03 22:53:15','2025-08-03 22:53:15'),(495,532,4,0,1,'2025-08-04 00:29:41','2025-08-04 00:29:41','2025-08-04 00:29:41'),(496,472,25,0,1,'2025-08-04 05:27:48','2025-08-04 05:27:48','2025-08-04 05:27:48'),(497,533,1,0,1,'2025-08-04 09:49:27','2025-08-04 09:49:27','2025-08-04 09:49:27'),(498,533,2,0,1,'2025-08-04 10:00:25','2025-08-04 10:00:25','2025-08-04 10:00:25'),(499,533,3,0,1,'2025-08-04 10:00:33','2025-08-04 10:00:33','2025-08-04 10:00:33'),(500,530,1,0,1,'2025-08-04 11:21:24','2025-08-04 11:21:24','2025-08-04 11:21:24'),(501,530,2,0,1,'2025-08-04 11:21:28','2025-08-04 11:21:28','2025-08-04 11:21:28'),(502,530,3,0,1,'2025-08-04 11:21:30','2025-08-04 11:21:30','2025-08-04 11:21:30'),(503,534,2,0,1,'2025-08-04 11:40:51','2025-08-04 11:40:51','2025-08-04 11:40:51'),(504,528,21,0,1,'2025-08-04 14:06:20','2025-08-04 14:06:20','2025-08-04 14:06:20'),(505,528,14,0,1,'2025-08-04 14:45:50','2025-08-04 14:45:50','2025-08-04 14:45:50'),(506,528,15,0,1,'2026-01-05 13:11:25','2026-01-05 13:11:25','2026-01-05 13:11:25'),(507,528,16,0,1,'2025-08-04 14:47:11','2025-08-04 14:47:11','2025-08-04 14:47:11'),(508,528,17,0,1,'2025-08-04 14:47:14','2025-08-04 14:47:14','2025-08-04 14:47:14'),(509,528,19,0,1,'2025-08-04 14:47:23','2025-08-04 14:47:23','2025-08-04 14:47:23'),(510,528,20,0,1,'2025-08-04 14:47:30','2025-08-04 14:47:30','2025-08-04 14:47:30'),(511,528,22,0,1,'2025-08-04 14:50:56','2025-08-04 14:50:56','2025-08-04 14:50:56'),(512,535,1,0,1,'2025-09-06 23:09:08','2025-09-06 23:09:08','2025-09-06 23:09:08'),(513,535,2,0,1,'2025-08-04 16:25:04','2025-08-04 16:25:04','2025-08-04 16:25:04'),(514,535,6,0,1,'2025-08-04 19:23:46','2025-08-04 19:23:46','2025-08-04 19:23:46'),(515,535,7,0,1,'2025-08-04 20:09:15','2025-08-04 20:09:15','2025-08-04 20:09:15'),(516,535,8,0,1,'2025-08-04 20:19:12','2025-08-04 20:19:12','2025-08-04 20:19:12'),(517,529,25,0,1,'2025-08-04 20:19:16','2025-08-04 20:19:16','2025-08-04 20:19:16'),(518,533,4,0,1,'2025-08-04 22:51:08','2025-08-04 22:51:08','2025-08-04 22:51:08'),(519,533,5,0,1,'2025-08-04 22:51:21','2025-08-04 22:51:21','2025-08-04 22:51:21'),(520,535,9,0,1,'2025-08-05 03:52:53','2025-08-05 03:52:53','2025-08-05 03:52:53'),(521,535,10,0,1,'2025-08-05 03:56:39','2025-08-05 03:56:39','2025-08-05 03:56:39'),(522,535,11,0,1,'2025-08-05 04:02:20','2025-08-05 04:02:20','2025-08-05 04:02:20'),(523,528,23,0,1,'2025-08-05 08:28:33','2025-08-05 08:28:33','2025-08-05 08:28:33'),(524,528,24,0,1,'2025-08-05 08:31:51','2025-08-05 08:31:51','2025-08-05 08:31:51'),(525,528,25,0,1,'2025-08-05 08:32:42','2025-08-05 08:32:42','2025-08-05 08:32:42'),(526,528,26,0,1,'2025-08-05 08:32:48','2025-08-05 08:32:48','2025-08-05 08:32:48'),(527,528,27,0,1,'2025-08-05 08:32:53','2025-08-05 08:32:53','2025-08-05 08:32:53'),(528,528,29,0,1,'2025-08-05 08:33:05','2025-08-05 08:33:05','2025-08-05 08:33:05'),(529,528,30,0,1,'2025-08-05 08:33:28','2025-08-05 08:33:28','2025-08-05 08:33:28'),(530,517,26,0,1,'2025-08-05 11:15:40','2025-08-05 11:15:40','2025-08-05 11:15:40'),(531,529,29,0,1,'2025-08-05 11:39:17','2025-08-05 11:39:17','2025-08-05 11:39:17'),(532,471,20,0,1,'2025-08-05 11:54:27','2025-08-05 11:54:27','2025-08-05 11:54:27'),(533,471,15,0,1,'2025-09-15 11:18:13','2025-09-15 11:18:13','2025-09-15 11:18:13'),(534,536,1,0,1,'2025-08-06 18:42:30','2025-08-06 18:42:30','2025-08-06 18:42:30'),(535,536,2,0,1,'2025-08-05 18:02:13','2025-08-05 18:02:13','2025-08-05 18:02:13'),(536,536,3,0,1,'2025-08-05 18:02:20','2025-08-05 18:02:20','2025-08-05 18:02:20'),(537,459,29,0,1,'2025-08-05 18:43:06','2025-08-05 18:43:06','2025-08-05 18:43:06'),(538,459,30,0,1,'2025-08-05 18:43:36','2025-08-05 18:43:36','2025-08-05 18:43:36'),(539,536,4,0,1,'2025-08-05 20:32:55','2025-08-05 20:32:55','2025-08-05 20:32:55'),(540,536,5,0,1,'2025-08-05 20:52:35','2025-08-05 20:52:35','2025-08-05 20:52:35'),(541,475,25,0,1,'2025-08-05 21:05:31','2025-08-05 21:05:31','2025-08-05 21:05:31'),(542,536,6,0,1,'2025-08-09 22:17:36','2025-08-09 22:17:36','2025-08-09 22:17:36'),(543,537,1,0,1,'2025-08-05 22:19:18','2025-08-05 22:19:18','2025-08-05 22:19:18'),(544,537,2,0,1,'2025-08-05 22:26:49','2025-08-05 22:26:49','2025-08-05 22:26:49'),(545,537,3,0,1,'2025-08-05 22:26:54','2025-08-05 22:26:54','2025-08-05 22:26:54'),(546,467,30,0,1,'2025-08-05 23:23:43','2025-08-05 23:23:43','2025-08-05 23:23:43'),(547,532,7,0,1,'2025-08-06 01:13:01','2025-08-06 01:13:01','2025-08-06 01:13:01'),(548,532,9,0,1,'2025-08-06 01:43:30','2025-08-06 01:43:30','2025-08-06 01:43:30'),(549,536,7,0,1,'2025-08-09 22:17:39','2025-08-09 22:17:39','2025-08-09 22:17:39'),(550,536,8,0,1,'2025-08-06 08:58:35','2025-08-06 08:58:35','2025-08-06 08:58:35'),(551,467,11,0,1,'2025-08-06 09:31:57','2025-08-06 09:31:57','2025-08-06 09:31:57'),(552,536,9,0,1,'2025-08-10 20:49:34','2025-08-10 20:49:34','2025-08-10 20:49:34'),(553,536,10,0,1,'2025-08-23 07:13:55','2025-08-23 07:13:55','2025-08-23 07:13:55'),(554,536,11,0,1,'2025-08-23 07:03:46','2025-08-23 07:03:46','2025-08-23 07:03:46'),(555,536,12,0,1,'2025-08-18 06:00:24','2025-08-18 06:00:24','2025-08-18 06:00:24'),(556,536,13,0,1,'2025-08-15 17:53:44','2025-08-15 17:53:44','2025-08-15 17:53:44'),(557,536,14,0,1,'2025-08-18 09:18:48','2025-08-18 09:18:48','2025-08-18 09:18:48'),(558,536,15,0,1,'2025-08-25 19:36:49','2025-08-25 19:36:49','2025-08-25 19:36:49'),(559,536,16,0,1,'2025-08-18 12:41:26','2025-08-18 12:41:26','2025-08-18 12:41:26'),(560,536,17,0,1,'2025-08-18 12:54:45','2025-08-18 12:54:45','2025-08-18 12:54:45'),(561,532,10,0,1,'2025-08-06 11:19:42','2025-08-06 11:19:42','2025-08-06 11:19:42'),(562,536,18,0,1,'2025-08-10 06:25:08','2025-08-10 06:25:08','2025-08-10 06:25:08'),(563,536,19,0,1,'2025-08-07 09:42:13','2025-08-07 09:42:13','2025-08-07 09:42:13'),(564,532,11,0,1,'2025-08-06 11:36:43','2025-08-06 11:36:43','2025-08-06 11:36:43'),(565,536,20,0,1,'2025-09-07 03:53:45','2025-09-07 03:53:45','2025-09-07 03:53:45'),(566,536,21,0,1,'2025-09-07 04:26:43','2025-09-07 04:26:43','2025-09-07 04:26:43'),(567,532,24,0,1,'2025-08-07 00:55:37','2025-08-07 00:55:37','2025-08-07 00:55:37'),(568,532,23,0,1,'2025-08-07 00:55:34','2025-08-07 00:55:34','2025-08-07 00:55:34'),(569,536,26,0,1,'2025-08-23 07:13:50','2025-08-23 07:13:50','2025-08-23 07:13:50'),(570,536,27,0,1,'2025-08-24 15:47:56','2025-08-24 15:47:56','2025-08-24 15:47:56'),(571,508,9,0,1,'2025-08-07 09:29:35','2025-08-07 09:29:35','2025-08-07 09:29:35'),(572,536,22,0,1,'2025-08-07 09:53:31','2025-08-07 09:53:31','2025-08-07 09:53:31'),(573,536,23,0,1,'2025-08-22 19:11:15','2025-08-22 19:11:15','2025-08-22 19:11:15'),(574,467,10,0,1,'2025-11-08 06:59:42','2025-11-08 06:59:42','2025-11-08 06:59:42'),(575,539,1,0,1,'2025-08-07 20:10:04','2025-08-07 20:10:04','2025-08-07 20:10:04'),(576,539,2,0,1,'2025-08-07 20:17:53','2025-08-07 20:17:53','2025-08-07 20:17:53'),(577,540,1,0,1,'2025-08-07 22:20:20','2025-08-07 22:20:20','2025-08-07 22:20:20'),(578,523,24,0,1,'2025-08-07 22:39:04','2025-08-07 22:39:04','2025-08-07 22:39:04'),(579,532,14,0,1,'2025-08-08 00:43:13','2025-08-08 00:43:13','2025-08-08 00:43:13'),(580,532,15,0,1,'2025-08-08 01:02:15','2025-08-08 01:02:15','2025-08-08 01:02:15'),(581,532,17,0,1,'2025-08-08 01:13:29','2025-08-08 01:13:29','2025-08-08 01:13:29'),(582,532,28,0,1,'2025-08-08 01:14:11','2025-08-08 01:14:11','2025-08-08 01:14:11'),(583,539,4,0,1,'2025-09-03 17:25:07','2025-09-03 17:25:07','2025-09-03 17:25:07'),(584,539,5,0,1,'2025-08-08 06:38:33','2025-08-08 06:38:33','2025-08-08 06:38:33'),(585,508,10,0,1,'2025-08-08 08:39:41','2025-08-08 08:39:41','2025-08-08 08:39:41'),(586,458,20,0,1,'2025-08-08 10:03:52','2025-08-08 10:03:52','2025-08-08 10:03:52'),(587,458,19,0,1,'2025-08-08 10:04:05','2025-08-08 10:04:05','2025-08-08 10:04:05'),(588,541,1,0,1,'2025-08-08 10:11:21','2025-08-08 10:11:21','2025-08-08 10:11:21'),(589,533,6,0,1,'2025-09-23 01:53:48','2025-09-23 01:53:48','2025-09-23 01:53:48'),(590,541,2,0,1,'2025-08-08 10:19:23','2025-08-08 10:19:23','2025-08-08 10:19:23'),(591,541,3,0,1,'2025-08-08 10:20:22','2025-08-08 10:20:22','2025-08-08 10:20:22'),(592,533,7,0,1,'2025-08-08 10:56:47','2025-08-08 10:56:47','2025-08-08 10:56:47'),(593,541,4,0,1,'2025-08-08 15:14:32','2025-08-08 15:14:32','2025-08-08 15:14:32'),(594,542,2,0,1,'2025-08-08 14:25:59','2025-08-08 14:25:59','2025-08-08 14:25:59'),(595,541,5,0,1,'2025-08-08 15:14:42','2025-08-08 15:14:42','2025-08-08 15:14:42'),(596,531,1,0,1,'2025-08-08 15:24:09','2025-08-08 15:24:09','2025-08-08 15:24:09'),(597,529,26,0,1,'2025-08-08 18:29:30','2025-08-08 18:29:30','2025-08-08 18:29:30'),(598,529,18,0,1,'2025-08-08 18:38:08','2025-08-08 18:38:08','2025-08-08 18:38:08'),(599,540,2,0,1,'2025-08-08 21:30:34','2025-08-08 21:30:34','2025-08-08 21:30:34'),(600,540,3,0,1,'2025-08-08 21:30:39','2025-08-08 21:30:39','2025-08-08 21:30:39'),(601,542,6,0,1,'2025-08-21 22:34:02','2025-08-21 22:34:02','2025-08-21 22:34:02'),(602,539,6,0,1,'2025-08-08 21:50:51','2025-08-08 21:50:51','2025-08-08 21:50:51'),(603,540,9,0,1,'2025-08-08 22:20:56','2025-08-08 22:20:56','2025-08-08 22:20:56'),(604,541,9,0,1,'2025-08-08 22:24:16','2025-08-08 22:24:16','2025-08-08 22:24:16'),(605,539,7,0,1,'2025-08-08 22:36:17','2025-08-08 22:36:17','2025-08-08 22:36:17'),(606,541,10,0,1,'2025-08-11 22:27:39','2025-08-11 22:27:39','2025-08-11 22:27:39'),(607,540,13,0,1,'2025-08-08 23:33:25','2025-08-08 23:33:25','2025-08-08 23:33:25'),(608,539,8,0,1,'2025-08-08 22:59:19','2025-08-08 22:59:19','2025-08-08 22:59:19'),(609,536,24,0,1,'2025-08-09 10:33:46','2025-08-09 10:33:46','2025-08-09 10:33:46'),(610,542,8,0,1,'2025-10-27 13:41:47','2025-10-27 13:41:47','2025-10-27 13:41:47'),(611,542,9,0,1,'2025-08-13 06:31:24','2025-08-13 06:31:24','2025-08-13 06:31:24'),(612,542,10,0,1,'2025-08-09 17:15:43','2025-08-09 17:15:43','2025-08-09 17:15:43'),(613,542,11,0,1,'2025-08-09 17:24:14','2025-08-09 17:24:14','2025-08-09 17:24:14'),(614,543,2,0,1,'2025-08-09 17:54:39','2025-08-09 17:54:39','2025-08-09 17:54:39'),(615,545,1,0,1,'2025-08-09 18:56:37','2025-08-09 18:56:37','2025-08-09 18:56:37'),(616,545,2,0,1,'2025-08-09 19:04:32','2025-08-09 19:04:32','2025-08-09 19:04:32'),(617,545,3,0,1,'2025-08-09 20:08:28','2025-08-09 20:08:28','2025-08-09 20:08:28'),(618,541,11,0,1,'2025-08-09 21:10:00','2025-08-09 21:10:00','2025-08-09 21:10:00'),(619,539,9,0,1,'2025-08-11 22:21:04','2025-08-11 22:21:04','2025-08-11 22:21:04'),(620,541,28,0,1,'2025-08-09 21:43:07','2025-08-09 21:43:07','2025-08-09 21:43:07'),(621,541,26,0,1,'2025-08-09 21:53:44','2025-08-09 21:53:44','2025-08-09 21:53:44'),(622,541,25,0,1,'2025-08-10 00:09:44','2025-08-10 00:09:44','2025-08-10 00:09:44'),(623,541,27,0,1,'2025-08-09 21:55:42','2025-08-09 21:55:42','2025-08-09 21:55:42'),(624,543,4,0,1,'2025-08-09 22:14:22','2025-08-09 22:14:22','2025-08-09 22:14:22'),(625,532,16,0,1,'2025-09-30 23:25:39','2025-09-30 23:25:39','2025-09-30 23:25:39'),(626,532,19,0,1,'2025-08-09 22:53:02','2025-08-09 22:53:02','2025-08-09 22:53:02'),(627,540,25,0,1,'2025-08-09 23:32:39','2025-08-09 23:32:39','2025-08-09 23:32:39'),(628,543,5,0,1,'2025-08-09 23:45:49','2025-08-09 23:45:49','2025-08-09 23:45:49'),(629,543,1,0,1,'2025-08-09 23:50:11','2025-08-09 23:50:11','2025-08-09 23:50:11'),(630,543,6,0,1,'2025-08-10 00:05:12','2025-08-10 00:05:12','2025-08-10 00:05:12'),(631,503,20,0,1,'2025-08-10 01:37:15','2025-08-10 01:37:15','2025-08-10 01:37:15'),(632,503,21,0,1,'2025-08-10 01:54:23','2025-08-10 01:54:23','2025-08-10 01:54:23'),(633,535,4,0,1,'2025-08-10 05:24:58','2025-08-10 05:24:58','2025-08-10 05:24:58'),(634,535,5,0,1,'2025-08-10 05:45:10','2025-08-10 05:45:10','2025-08-10 05:45:10'),(635,544,4,0,1,'2025-08-10 07:25:24','2025-08-10 07:25:24','2025-08-10 07:25:24'),(636,545,4,0,1,'2025-08-10 08:44:39','2025-08-10 08:44:39','2025-08-10 08:44:39'),(637,543,7,0,1,'2025-08-10 10:23:23','2025-08-10 10:23:23','2025-08-10 10:23:23'),(638,539,10,0,1,'2025-08-10 11:26:19','2025-08-10 11:26:19','2025-08-10 11:26:19'),(639,543,8,0,1,'2025-08-10 11:51:05','2025-08-10 11:51:05','2025-08-10 11:51:05'),(640,539,11,0,1,'2025-08-20 18:36:16','2025-08-20 18:36:16','2025-08-20 18:36:16'),(641,539,12,0,1,'2025-08-11 22:00:22','2025-08-11 22:00:22','2025-08-11 22:00:22'),(642,539,13,0,1,'2025-08-10 12:12:32','2025-08-10 12:12:32','2025-08-10 12:12:32'),(643,545,9,0,1,'2025-08-10 14:44:39','2025-08-10 14:44:39','2025-08-10 14:44:39'),(644,539,14,0,1,'2025-08-10 12:20:52','2025-08-10 12:20:52','2025-08-10 12:20:52'),(645,539,15,0,1,'2025-08-10 12:43:00','2025-08-10 12:43:00','2025-08-10 12:43:00'),(646,544,5,0,1,'2025-08-10 13:29:48','2025-08-10 13:29:48','2025-08-10 13:29:48'),(647,539,23,0,1,'2025-08-10 14:50:16','2025-08-10 14:50:16','2025-08-10 14:50:16'),(648,539,24,0,1,'2025-08-10 15:10:00','2025-08-10 15:10:00','2025-08-10 15:10:00'),(649,539,25,0,1,'2025-08-10 15:38:49','2025-08-10 15:38:49','2025-08-10 15:38:49'),(650,539,26,0,1,'2025-08-10 15:41:11','2025-08-10 15:41:11','2025-08-10 15:41:11'),(651,539,27,0,1,'2025-08-10 15:46:55','2025-08-10 15:46:55','2025-08-10 15:46:55'),(652,539,28,0,1,'2025-08-10 15:49:13','2025-08-10 15:49:13','2025-08-10 15:49:13'),(653,539,30,0,1,'2025-08-19 22:17:13','2025-08-19 22:17:13','2025-08-19 22:17:13'),(654,514,18,0,1,'2025-08-11 06:52:39','2025-08-11 06:52:39','2025-08-11 06:52:39'),(655,514,20,0,1,'2025-08-11 10:04:33','2025-08-11 10:04:33','2025-08-11 10:04:33'),(656,528,3,0,1,'2025-08-11 10:59:47','2025-08-11 10:59:47','2025-08-11 10:59:47'),(657,528,4,0,1,'2025-08-11 10:59:50','2025-08-11 10:59:50','2025-08-11 10:59:50'),(658,528,5,0,1,'2025-08-11 10:59:51','2025-08-11 10:59:51','2025-08-11 10:59:51'),(659,528,6,0,1,'2025-08-11 10:59:53','2025-08-11 10:59:53','2025-08-11 10:59:53'),(660,468,15,0,1,'2025-08-11 16:34:51','2025-08-11 16:34:51','2025-08-11 16:34:51'),(661,468,21,0,1,'2025-10-29 18:47:55','2025-10-29 18:47:55','2025-10-29 18:47:55'),(662,545,10,0,1,'2025-08-11 18:45:50','2025-08-11 18:45:50','2025-08-11 18:45:50'),(663,532,20,0,1,'2025-08-11 20:11:30','2025-08-11 20:11:30','2025-08-11 20:11:30'),(664,532,13,0,1,'2025-08-11 20:41:16','2025-08-11 20:41:16','2025-08-11 20:41:16'),(665,539,29,0,1,'2025-08-11 21:33:50','2025-08-11 21:33:50','2025-08-11 21:33:50'),(666,536,30,0,1,'2025-08-17 19:56:40','2025-08-17 19:56:40','2025-08-17 19:56:40'),(667,546,1,0,1,'2025-08-13 11:44:29','2025-08-13 11:44:29','2025-08-13 11:44:29'),(668,546,2,0,1,'2025-08-13 11:49:49','2025-08-13 11:49:49','2025-08-13 11:49:49'),(669,544,8,0,1,'2025-08-13 13:38:55','2025-08-13 13:38:55','2025-08-13 13:38:55'),(670,477,21,0,1,'2025-08-13 14:41:38','2025-08-13 14:41:38','2025-08-13 14:41:38'),(671,546,10,0,1,'2025-08-13 14:55:04','2025-08-13 14:55:04','2025-08-13 14:55:04'),(672,546,3,0,1,'2025-08-13 19:37:41','2025-08-13 19:37:41','2025-08-13 19:37:41'),(673,461,31,0,1,'2025-08-13 20:26:54','2025-08-13 20:26:54','2025-08-13 20:26:54'),(674,461,32,0,1,'2025-08-13 19:45:26','2025-08-13 19:45:26','2025-08-13 19:45:26'),(675,458,31,0,1,'2025-08-18 08:59:15','2025-08-18 08:59:15','2025-08-18 08:59:15'),(676,461,25,0,1,'2025-08-13 20:27:06','2025-08-13 20:27:06','2025-08-13 20:27:06'),(677,461,26,0,1,'2025-08-13 20:27:09','2025-08-13 20:27:09','2025-08-13 20:27:09'),(678,461,27,0,1,'2025-08-13 20:27:13','2025-08-13 20:27:13','2025-08-13 20:27:13'),(679,461,28,0,1,'2025-08-13 20:27:16','2025-08-13 20:27:16','2025-08-13 20:27:16'),(680,461,29,0,1,'2025-08-13 20:27:21','2025-08-13 20:27:21','2025-08-13 20:27:21'),(681,461,30,0,1,'2025-08-13 20:27:24','2025-08-13 20:27:24','2025-08-13 20:27:24'),(682,542,12,0,1,'2025-08-13 20:47:32','2025-08-13 20:47:32','2025-08-13 20:47:32'),(683,546,13,0,1,'2025-11-06 14:39:32','2025-11-06 14:39:32','2025-11-06 14:39:32'),(684,497,31,0,1,'2025-10-22 15:52:25','2025-10-22 15:52:25','2025-10-22 15:52:25'),(685,546,15,0,1,'2025-08-13 21:49:50','2025-08-13 21:49:50','2025-08-13 21:49:50'),(686,497,32,0,1,'2025-08-13 21:55:04','2025-08-13 21:55:04','2025-08-13 21:55:04'),(687,514,31,0,1,'2025-08-13 22:19:19','2025-08-13 22:19:19','2025-08-13 22:19:19'),(688,467,32,0,1,'2025-08-13 22:35:19','2025-08-13 22:35:19','2025-08-13 22:35:19'),(689,459,31,0,1,'2025-08-13 23:05:10','2025-08-13 23:05:10','2025-08-13 23:05:10'),(690,459,32,0,1,'2025-08-13 23:15:51','2025-08-13 23:15:51','2025-08-13 23:15:51'),(691,483,3,0,1,'2025-08-14 05:31:27','2025-08-14 05:31:27','2025-08-14 05:31:27'),(692,532,31,0,1,'2025-08-14 08:29:14','2025-08-14 08:29:14','2025-08-14 08:29:14'),(693,532,32,0,1,'2025-08-22 21:36:39','2025-08-22 21:36:39','2025-08-22 21:36:39'),(694,456,31,0,1,'2025-08-14 09:23:45','2025-08-14 09:23:45','2025-08-14 09:23:45'),(695,456,32,0,1,'2025-08-14 09:24:53','2025-08-14 09:24:53','2025-08-14 09:24:53'),(696,542,14,0,1,'2025-08-14 12:51:02','2025-08-14 12:51:02','2025-08-14 12:51:02'),(697,542,15,0,1,'2025-08-14 12:57:51','2025-08-14 12:57:51','2025-08-14 12:57:51'),(698,542,16,0,1,'2025-08-14 13:03:04','2025-08-14 13:03:04','2025-08-14 13:03:04'),(699,542,17,0,1,'2025-08-14 13:14:37','2025-08-14 13:14:37','2025-08-14 13:14:37'),(700,542,18,0,1,'2025-08-21 06:04:54','2025-08-21 06:04:54','2025-08-21 06:04:54'),(701,544,9,0,1,'2025-08-15 22:29:04','2025-08-15 22:29:04','2025-08-15 22:29:04'),(702,544,10,0,1,'2025-08-30 09:02:20','2025-08-30 09:02:20','2025-08-30 09:02:20'),(703,516,31,0,1,'2026-01-21 20:19:25','2026-01-21 20:19:25','2026-01-21 20:19:25'),(704,463,31,0,1,'2025-08-14 20:18:36','2025-08-14 20:18:36','2025-08-14 20:18:36'),(705,547,26,0,1,'2025-08-14 21:42:42','2025-08-14 21:42:42','2025-08-14 21:42:42'),(706,542,22,0,1,'2025-08-14 21:56:41','2025-08-14 21:56:41','2025-08-14 21:56:41'),(707,547,1,0,1,'2025-08-14 23:04:52','2025-08-14 23:04:52','2025-08-14 23:04:52'),(708,544,11,0,1,'2025-09-06 14:14:16','2025-09-06 14:14:16','2025-09-06 14:14:16'),(709,546,16,0,1,'2026-01-01 22:56:40','2026-01-01 22:56:40','2026-01-01 22:56:40'),(710,468,22,0,1,'2025-09-14 10:17:50','2025-09-14 10:17:50','2025-09-14 10:17:50'),(711,547,13,0,1,'2025-08-16 00:39:16','2025-08-16 00:39:16','2025-08-16 00:39:16'),(712,547,9,0,1,'2025-08-15 21:16:13','2025-08-15 21:16:13','2025-08-15 21:16:13'),(713,544,6,0,1,'2025-08-15 22:12:20','2025-08-15 22:12:20','2025-08-15 22:12:20'),(714,544,7,0,1,'2025-08-15 22:12:53','2025-08-15 22:12:53','2025-08-15 22:12:53'),(715,548,2,0,1,'2025-08-16 02:43:34','2025-08-16 02:43:34','2025-08-16 02:43:34'),(716,548,1,0,1,'2025-08-16 02:32:44','2025-08-16 02:32:44','2025-08-16 02:32:44'),(717,547,18,0,1,'2025-08-16 00:54:52','2025-08-16 00:54:52','2025-08-16 00:54:52'),(718,548,4,0,1,'2025-08-16 04:25:53','2025-08-16 04:25:53','2025-08-16 04:25:53'),(719,546,22,0,1,'2025-08-16 09:30:02','2025-08-16 09:30:02','2025-08-16 09:30:02'),(720,546,25,0,1,'2025-08-16 10:04:50','2025-08-16 10:04:50','2025-08-16 10:04:50'),(721,546,26,0,1,'2025-08-25 13:51:34','2025-08-25 13:51:34','2025-08-25 13:51:34'),(722,531,9,0,1,'2025-08-16 23:34:40','2025-08-16 23:34:40','2025-08-16 23:34:40'),(723,468,31,0,1,'2025-08-24 13:56:32','2025-08-24 13:56:32','2025-08-24 13:56:32'),(724,468,13,0,1,'2025-08-16 16:14:38','2025-08-16 16:14:38','2025-08-16 16:14:38'),(725,468,14,0,1,'2025-08-16 16:32:59','2025-08-16 16:32:59','2025-08-16 16:32:59'),(726,527,31,0,1,'2025-08-16 16:59:45','2025-08-16 16:59:45','2025-08-16 16:59:45'),(727,468,16,0,1,'2025-08-16 19:24:04','2025-08-16 19:24:04','2025-08-16 19:24:04'),(728,544,23,0,1,'2025-09-06 14:50:18','2025-09-06 14:50:18','2025-09-06 14:50:18'),(729,548,10,0,1,'2025-08-17 01:49:04','2025-08-17 01:49:04','2025-08-17 01:49:04'),(730,548,14,0,1,'2025-12-26 13:49:27','2025-12-26 13:49:27','2025-12-26 13:49:27'),(731,548,28,0,1,'2025-08-17 02:21:36','2025-08-17 02:21:36','2025-08-17 02:21:36'),(732,548,32,0,1,'2025-08-20 16:25:35','2025-08-20 16:25:35','2025-08-20 16:25:35'),(733,530,4,0,1,'2025-08-17 10:08:48','2025-08-17 10:08:48','2025-08-17 10:08:48'),(734,530,5,0,1,'2025-08-17 10:08:51','2025-08-17 10:08:51','2025-08-17 10:08:51'),(735,530,6,0,1,'2025-08-17 10:08:53','2025-08-17 10:08:53','2025-08-17 10:08:53'),(736,530,7,0,1,'2025-08-17 10:17:43','2025-08-17 10:17:43','2025-08-17 10:17:43'),(737,536,29,0,1,'2025-08-17 19:56:35','2025-08-17 19:56:35','2025-08-17 19:56:35'),(738,549,10,0,1,'2025-08-18 16:11:08','2025-08-18 16:11:08','2025-08-18 16:11:08'),(739,549,13,0,1,'2025-08-18 10:19:39','2025-08-18 10:19:39','2025-08-18 10:19:39'),(740,536,28,0,1,'2025-08-18 11:43:39','2025-08-18 11:43:39','2025-08-18 11:43:39'),(741,544,18,0,1,'2025-08-18 12:00:36','2025-08-18 12:00:36','2025-08-18 12:00:36'),(742,468,4,0,1,'2025-08-18 12:31:51','2025-08-18 12:31:51','2025-08-18 12:31:51'),(743,466,31,0,1,'2025-08-18 16:37:43','2025-08-18 16:37:43','2025-08-18 16:37:43'),(744,466,32,0,1,'2025-08-18 16:40:37','2025-08-18 16:40:37','2025-08-18 16:40:37'),(745,548,31,0,1,'2025-08-22 17:04:46','2025-08-22 17:04:46','2025-08-22 17:04:46'),(746,536,31,0,1,'2025-08-29 05:08:39','2025-08-29 05:08:39','2025-08-29 05:08:39'),(747,536,32,0,1,'2025-08-23 06:43:23','2025-08-23 06:43:23','2025-08-23 06:43:23'),(748,550,1,0,1,'2025-08-29 08:23:31','2025-08-29 08:23:31','2025-08-29 08:23:31'),(749,550,2,0,1,'2025-08-18 23:12:31','2025-08-18 23:12:31','2025-08-18 23:12:31'),(750,460,32,0,1,'2025-08-19 07:09:33','2025-08-19 07:09:33','2025-08-19 07:09:33'),(751,485,4,0,1,'2026-01-28 13:59:53','2026-01-28 13:59:53','2026-01-28 13:59:53'),(752,485,21,0,1,'2025-08-19 09:08:36','2025-08-19 09:08:36','2025-08-19 09:08:36'),(753,485,22,0,1,'2026-01-28 14:10:41','2026-01-28 14:10:41','2026-01-28 14:10:41'),(754,550,3,0,1,'2025-08-19 10:12:40','2025-08-19 10:12:40','2025-08-19 10:12:40'),(755,551,1,0,1,'2025-08-19 12:01:19','2025-08-19 12:01:19','2025-08-19 12:01:19'),(756,551,2,0,1,'2025-08-19 12:12:11','2025-08-19 12:12:11','2025-08-19 12:12:11'),(757,551,3,0,1,'2025-08-19 12:12:57','2025-08-19 12:12:57','2025-08-19 12:12:57'),(758,550,4,0,1,'2025-08-19 12:59:36','2025-08-19 12:59:36','2025-08-19 12:59:36'),(759,550,5,0,1,'2025-08-27 09:53:29','2025-08-27 09:53:29','2025-08-27 09:53:29'),(760,550,6,0,1,'2025-10-29 16:45:20','2025-10-29 16:45:20','2025-10-29 16:45:20'),(761,548,9,0,1,'2025-09-20 18:40:25','2025-09-20 18:40:25','2025-09-20 18:40:25'),(762,550,7,0,1,'2025-08-19 19:02:04','2025-08-19 19:02:04','2025-08-19 19:02:04'),(763,550,8,0,1,'2025-08-19 19:04:29','2025-08-19 19:04:29','2025-08-19 19:04:29'),(764,550,9,0,1,'2025-10-29 16:44:44','2025-10-29 16:44:44','2025-10-29 16:44:44'),(765,503,7,0,1,'2025-08-20 02:42:13','2025-08-20 02:42:13','2025-08-20 02:42:13'),(766,550,10,0,1,'2025-08-27 14:44:23','2025-08-27 14:44:23','2025-08-27 14:44:23'),(767,550,11,0,1,'2025-08-19 23:17:52','2025-08-19 23:17:52','2025-08-19 23:17:52'),(768,550,12,0,1,'2025-08-24 16:39:17','2025-08-24 16:39:17','2025-08-24 16:39:17'),(769,550,13,0,1,'2026-01-17 09:50:27','2026-01-17 09:50:27','2026-01-17 09:50:27'),(770,550,14,0,1,'2025-08-20 07:04:25','2025-08-20 07:04:25','2025-08-20 07:04:25'),(771,550,15,0,1,'2025-08-27 09:49:03','2025-08-27 09:49:03','2025-08-27 09:49:03'),(772,550,16,0,1,'2025-08-27 09:49:06','2025-08-27 09:49:06','2025-08-27 09:49:06'),(773,550,17,0,1,'2025-08-27 15:56:31','2025-08-27 15:56:31','2025-08-27 15:56:31'),(774,550,18,0,1,'2025-09-05 20:58:35','2025-09-05 20:58:35','2025-09-05 20:58:35'),(775,530,8,0,1,'2025-08-20 20:34:41','2025-08-20 20:34:41','2025-08-20 20:34:41'),(776,551,6,0,1,'2025-08-22 15:54:18','2025-08-22 15:54:18','2025-08-22 15:54:18'),(777,551,9,0,1,'2025-08-20 23:07:23','2025-08-20 23:07:23','2025-08-20 23:07:23'),(778,542,26,0,1,'2025-08-21 06:15:01','2025-08-21 06:15:01','2025-08-21 06:15:01'),(779,551,11,0,1,'2025-08-21 11:32:03','2025-08-21 11:32:03','2025-08-21 11:32:03'),(780,551,24,0,1,'2025-08-25 13:39:03','2025-08-25 13:39:03','2025-08-25 13:39:03'),(781,524,1,0,1,'2025-08-21 15:37:49','2025-08-21 15:37:49','2025-08-21 15:37:49'),(782,524,2,0,1,'2025-08-21 15:44:30','2025-08-21 15:44:30','2025-08-21 15:44:30'),(783,553,1,0,1,'2025-09-09 13:30:32','2025-09-09 13:30:32','2025-09-09 13:30:32'),(784,470,16,0,1,'2025-08-21 20:38:27','2025-08-21 20:38:27','2025-08-21 20:38:27'),(785,524,3,0,1,'2025-08-22 15:55:05','2025-08-22 15:55:05','2025-08-22 15:55:05'),(786,539,16,0,1,'2025-08-24 11:47:53','2025-08-24 11:47:53','2025-08-24 11:47:53'),(787,539,17,0,1,'2025-08-22 20:58:13','2025-08-22 20:58:13','2025-08-22 20:58:13'),(788,539,18,0,1,'2025-08-22 21:06:47','2025-08-22 21:06:47','2025-08-22 21:06:47'),(789,539,19,0,1,'2025-08-22 21:20:32','2025-08-22 21:20:32','2025-08-22 21:20:32'),(790,539,21,0,1,'2025-08-22 21:30:36','2025-08-22 21:30:36','2025-08-22 21:30:36'),(791,540,23,0,1,'2025-08-23 00:50:23','2025-08-23 00:50:23','2025-08-23 00:50:23'),(792,536,25,0,1,'2025-08-23 07:13:48','2025-08-23 07:13:48','2025-08-23 07:13:48'),(793,557,21,0,1,'2025-08-23 15:12:02','2025-08-23 15:12:02','2025-08-23 15:12:02'),(794,557,32,0,1,'2025-08-23 11:48:57','2025-08-23 11:48:57','2025-08-23 11:48:57'),(795,557,23,0,1,'2025-08-23 15:05:39','2025-08-23 15:05:39','2025-08-23 15:05:39'),(796,524,4,0,1,'2025-09-18 08:31:30','2025-09-18 08:31:30','2025-09-18 08:31:30'),(797,524,32,0,1,'2025-09-18 10:18:32','2025-09-18 10:18:32','2025-09-18 10:18:32'),(798,556,2,0,1,'2025-08-23 16:36:57','2025-08-23 16:36:57','2025-08-23 16:36:57'),(799,556,3,0,1,'2025-08-23 16:47:53','2025-08-23 16:47:53','2025-08-23 16:47:53'),(800,524,5,0,1,'2025-08-23 16:54:36','2025-08-23 16:54:36','2025-08-23 16:54:36'),(801,531,10,0,1,'2025-08-23 19:09:43','2025-08-23 19:09:43','2025-08-23 19:09:43'),(802,550,19,0,1,'2025-08-27 09:52:17','2025-08-27 09:52:17','2025-08-27 09:52:17'),(803,556,10,0,1,'2025-08-23 19:14:57','2025-08-23 19:14:57','2025-08-23 19:14:57'),(804,550,20,0,1,'2025-08-23 19:19:26','2025-08-23 19:19:26','2025-08-23 19:19:26'),(805,550,21,0,1,'2025-09-02 15:26:59','2025-09-02 15:26:59','2025-09-02 15:26:59'),(806,550,22,0,1,'2025-08-23 19:29:47','2025-08-23 19:29:47','2025-08-23 19:29:47'),(807,550,23,0,1,'2025-08-23 19:54:16','2025-08-23 19:54:16','2025-08-23 19:54:16'),(808,550,24,0,1,'2025-08-23 20:31:56','2025-08-23 20:31:56','2025-08-23 20:31:56'),(809,550,25,0,1,'2025-08-23 20:45:09','2025-08-23 20:45:09','2025-08-23 20:45:09'),(810,550,26,0,1,'2025-08-23 20:47:25','2025-08-23 20:47:25','2025-08-23 20:47:25'),(811,550,27,0,1,'2025-08-28 14:57:58','2025-08-28 14:57:58','2025-08-28 14:57:58'),(812,550,28,0,1,'2025-08-28 14:26:40','2025-08-28 14:26:40','2025-08-28 14:26:40'),(813,550,29,0,1,'2025-08-24 16:53:40','2025-08-24 16:53:40','2025-08-24 16:53:40'),(814,502,25,0,1,'2025-08-23 21:18:41','2025-08-23 21:18:41','2025-08-23 21:18:41'),(815,524,6,0,1,'2025-08-23 21:54:00','2025-08-23 21:54:00','2025-08-23 21:54:00'),(816,524,8,0,1,'2025-09-18 08:39:56','2025-09-18 08:39:56','2025-09-18 08:39:56'),(817,548,3,0,1,'2025-08-23 22:22:56','2025-08-23 22:22:56','2025-08-23 22:22:56'),(818,553,13,0,1,'2025-08-24 00:57:56','2025-08-24 00:57:56','2025-08-24 00:57:56'),(819,550,30,0,1,'2025-08-23 23:28:18','2025-08-23 23:28:18','2025-08-23 23:28:18'),(820,550,31,0,1,'2026-01-18 12:51:25','2026-01-18 12:51:25','2026-01-18 12:51:25'),(821,550,32,0,1,'2025-08-23 23:50:22','2025-08-23 23:50:22','2025-08-23 23:50:22'),(822,553,14,0,1,'2025-08-24 04:52:37','2025-08-24 04:52:37','2025-08-24 04:52:37'),(823,531,25,0,1,'2025-08-26 16:28:29','2025-08-26 16:28:29','2025-08-26 16:28:29'),(824,474,28,0,1,'2025-08-24 12:29:01','2025-08-24 12:29:01','2025-08-24 12:29:01'),(825,474,29,0,1,'2025-08-24 12:29:06','2025-08-24 12:29:06','2025-08-24 12:29:06'),(826,554,2,0,1,'2025-08-28 14:58:26','2025-08-28 14:58:26','2025-08-28 14:58:26'),(827,554,3,0,1,'2025-08-24 14:47:17','2025-08-24 14:47:17','2025-08-24 14:47:17'),(828,558,1,0,1,'2025-08-24 15:05:04','2025-08-24 15:05:04','2025-08-24 15:05:04'),(829,558,2,0,1,'2025-08-24 15:13:22','2025-08-24 15:13:22','2025-08-24 15:13:22'),(830,558,4,0,1,'2025-08-24 15:26:15','2025-08-24 15:26:15','2025-08-24 15:26:15'),(831,558,5,0,1,'2025-08-24 15:34:17','2025-08-24 15:34:17','2025-08-24 15:34:17'),(832,558,6,0,1,'2025-08-24 16:18:14','2025-08-24 16:18:14','2025-08-24 16:18:14'),(833,467,9,0,1,'2025-08-25 06:44:01','2025-08-25 06:44:01','2025-08-25 06:44:01'),(834,471,31,0,1,'2025-08-25 12:28:48','2025-08-25 12:28:48','2025-08-25 12:28:48'),(835,471,32,0,1,'2025-09-22 15:27:11','2025-09-22 15:27:11','2025-09-22 15:27:11'),(836,546,18,0,1,'2025-08-25 13:49:28','2025-08-25 13:49:28','2025-08-25 13:49:28'),(837,477,18,0,1,'2025-08-25 13:53:20','2025-08-25 13:53:20','2025-08-25 13:53:20'),(838,558,3,0,1,'2025-08-25 18:54:53','2025-08-25 18:54:53','2025-08-25 18:54:53'),(839,467,12,0,1,'2025-08-26 07:33:02','2025-08-26 07:33:02','2025-08-26 07:33:02'),(840,471,23,0,1,'2025-08-26 11:10:20','2025-08-26 11:10:20','2025-08-26 11:10:20'),(841,503,32,0,1,'2025-08-27 02:11:08','2025-08-27 02:11:08','2025-08-27 02:11:08'),(842,553,10,0,1,'2025-10-31 17:16:23','2025-10-31 17:16:23','2025-10-31 17:16:23'),(843,542,7,0,1,'2025-08-31 07:01:31','2025-08-31 07:01:31','2025-08-31 07:01:31'),(844,460,25,0,1,'2025-08-27 12:03:42','2025-08-27 12:03:42','2025-08-27 12:03:42'),(845,460,26,0,1,'2025-08-27 12:03:54','2025-08-27 12:03:54','2025-08-27 12:03:54'),(846,460,10,0,1,'2025-10-18 18:14:54','2025-10-18 18:14:54','2025-10-18 18:14:54'),(847,460,17,0,1,'2025-08-27 12:29:17','2025-08-27 12:29:17','2025-08-27 12:29:17'),(848,560,1,0,1,'2025-08-27 20:38:50','2025-08-27 20:38:50','2025-08-27 20:38:50'),(849,560,2,0,1,'2025-08-28 00:58:52','2025-08-28 00:58:52','2025-08-28 00:58:52'),(850,560,4,0,1,'2025-08-28 00:58:58','2025-08-28 00:58:58','2025-08-28 00:58:58'),(851,497,9,0,1,'2025-08-27 22:02:11','2025-08-27 22:02:11','2025-08-27 22:02:11'),(852,560,6,0,1,'2025-08-30 13:47:20','2025-08-30 13:47:20','2025-08-30 13:47:20'),(853,460,31,0,1,'2025-10-18 18:06:19','2025-10-18 18:06:19','2025-10-18 18:06:19'),(854,553,16,0,1,'2025-08-28 01:41:54','2025-08-28 01:41:54','2025-08-28 01:41:54'),(855,507,18,0,1,'2025-08-29 02:35:25','2025-08-29 02:35:25','2025-08-29 02:35:25'),(856,471,13,0,1,'2025-09-17 15:31:34','2025-09-17 15:31:34','2025-09-17 15:31:34'),(857,471,16,0,1,'2025-09-15 11:23:02','2025-09-15 11:23:02','2025-09-15 11:23:02'),(858,544,1,0,1,'2025-08-28 21:20:33','2025-08-28 21:20:33','2025-08-28 21:20:33'),(859,561,1,0,1,'2025-09-01 20:13:37','2025-09-01 20:13:37','2025-09-01 20:13:37'),(860,561,3,0,1,'2025-08-29 13:24:23','2025-08-29 13:24:23','2025-08-29 13:24:23'),(861,561,8,0,1,'2025-08-29 14:46:37','2025-08-29 14:46:37','2025-08-29 14:46:37'),(862,561,6,0,1,'2025-08-29 16:14:48','2025-08-29 16:14:48','2025-08-29 16:14:48'),(863,454,21,0,1,'2025-08-29 18:44:05','2025-08-29 18:44:05','2025-08-29 18:44:05'),(864,460,20,0,1,'2025-08-30 06:57:49','2025-08-30 06:57:49','2025-08-30 06:57:49'),(865,544,12,0,1,'2025-08-30 09:14:19','2025-08-30 09:14:19','2025-08-30 09:14:19'),(866,560,5,0,1,'2025-08-30 13:32:50','2025-08-30 13:32:50','2025-08-30 13:32:50'),(867,544,13,0,1,'2025-08-30 14:21:40','2025-08-30 14:21:40','2025-08-30 14:21:40'),(868,563,1,0,1,'2025-08-30 14:38:07','2025-08-30 14:38:07','2025-08-30 14:38:07'),(869,520,31,0,1,'2025-08-30 14:40:12','2025-08-30 14:40:12','2025-08-30 14:40:12'),(870,563,2,0,1,'2025-08-30 14:45:53','2025-08-30 14:45:53','2025-08-30 14:45:53'),(871,562,1,0,1,'2025-08-30 14:57:59','2025-08-30 14:57:59','2025-08-30 14:57:59'),(872,562,2,0,1,'2025-08-30 15:05:51','2025-08-30 15:05:51','2025-08-30 15:05:51'),(873,562,3,0,1,'2025-08-30 15:06:06','2025-08-30 15:06:06','2025-08-30 15:06:06'),(874,470,32,0,1,'2025-08-30 19:56:59','2025-08-30 19:56:59','2025-08-30 19:56:59'),(875,507,31,0,1,'2025-08-31 00:03:36','2025-08-31 00:03:36','2025-08-31 00:03:36'),(876,542,1,0,1,'2025-08-31 06:22:38','2025-08-31 06:22:38','2025-08-31 06:22:38'),(877,562,4,0,1,'2025-08-31 08:37:51','2025-08-31 08:37:51','2025-08-31 08:37:51'),(878,484,1,0,1,'2025-08-31 09:59:58','2025-08-31 09:59:58','2025-08-31 09:59:58'),(879,484,2,0,1,'2025-08-31 10:26:49','2025-08-31 10:26:49','2025-08-31 10:26:49'),(880,562,5,0,1,'2025-08-31 11:24:57','2025-08-31 11:24:57','2025-08-31 11:24:57'),(881,558,26,0,1,'2025-09-24 18:34:39','2025-09-24 18:34:39','2025-09-24 18:34:39'),(882,563,4,0,1,'2025-10-19 21:33:30','2025-10-19 21:33:30','2025-10-19 21:33:30'),(883,563,3,0,1,'2025-08-31 16:37:45','2025-08-31 16:37:45','2025-08-31 16:37:45'),(884,548,8,0,1,'2025-12-25 13:46:20','2025-12-25 13:46:20','2025-12-25 13:46:20'),(885,564,1,0,1,'2025-08-31 17:50:46','2025-08-31 17:50:46','2025-08-31 17:50:46'),(886,564,2,0,1,'2025-08-31 17:55:09','2025-08-31 17:55:09','2025-08-31 17:55:09'),(887,563,5,0,1,'2025-08-31 18:00:26','2025-08-31 18:00:26','2025-08-31 18:00:26'),(888,564,3,0,1,'2025-08-31 18:00:29','2025-08-31 18:00:29','2025-08-31 18:00:29'),(889,563,6,0,1,'2025-08-31 18:41:30','2025-08-31 18:41:30','2025-08-31 18:41:30'),(890,564,10,0,1,'2025-09-01 13:10:00','2025-09-01 13:10:00','2025-09-01 13:10:00'),(891,564,9,0,1,'2025-08-31 19:29:52','2025-08-31 19:29:52','2025-08-31 19:29:52'),(892,540,18,0,1,'2025-09-12 21:53:08','2025-09-12 21:53:08','2025-09-12 21:53:08'),(893,563,8,0,1,'2025-09-01 15:07:00','2025-09-01 15:07:00','2025-09-01 15:07:00'),(894,477,13,0,1,'2025-10-02 21:49:39','2025-10-02 21:49:39','2025-10-02 21:49:39'),(895,563,9,0,1,'2025-09-16 18:41:25','2025-09-16 18:41:25','2025-09-16 18:41:25'),(896,563,10,0,1,'2025-09-01 07:57:27','2025-09-01 07:57:27','2025-09-01 07:57:27'),(897,563,11,0,1,'2025-09-01 07:58:17','2025-09-01 07:58:17','2025-09-01 07:58:17'),(898,506,7,0,1,'2025-09-01 19:55:49','2025-09-01 19:55:49','2025-09-01 19:55:49'),(899,561,2,0,1,'2025-09-01 20:21:24','2025-09-01 20:21:24','2025-09-01 20:21:24'),(900,507,22,0,1,'2025-09-01 21:52:44','2025-09-01 21:52:44','2025-09-01 21:52:44'),(901,565,9,0,1,'2025-09-05 19:03:44','2025-09-05 19:03:44','2025-09-05 19:03:44'),(902,565,10,0,1,'2025-09-02 05:39:03','2025-09-02 05:39:03','2025-09-02 05:39:03'),(903,564,20,0,1,'2025-10-28 10:34:04','2025-10-28 10:34:04','2025-10-28 10:34:04'),(904,561,9,0,1,'2025-09-03 09:02:46','2025-09-03 09:02:46','2025-09-03 09:02:46'),(905,568,1,0,1,'2025-09-02 16:45:28','2025-09-02 16:45:28','2025-09-02 16:45:28'),(906,568,2,0,1,'2025-09-02 16:50:22','2025-09-02 16:50:22','2025-09-02 16:50:22'),(907,568,3,0,1,'2025-09-02 16:53:23','2025-09-02 16:53:23','2025-09-02 16:53:23'),(908,568,4,0,1,'2025-09-02 17:26:13','2025-09-02 17:26:13','2025-09-02 17:26:13'),(909,531,23,0,1,'2025-09-02 17:57:00','2025-09-02 17:57:00','2025-09-02 17:57:00'),(910,477,4,0,1,'2025-09-03 13:34:50','2025-09-03 13:34:50','2025-09-03 13:34:50'),(911,470,21,0,1,'2025-09-30 14:51:53','2025-09-30 14:51:53','2025-09-30 14:51:53'),(912,568,5,0,1,'2025-09-02 19:49:03','2025-09-02 19:49:03','2025-09-02 19:49:03'),(913,568,6,0,1,'2025-09-02 19:49:05','2025-09-02 19:49:05','2025-09-02 19:49:05'),(914,568,7,0,1,'2025-09-02 19:49:07','2025-09-02 19:49:07','2025-09-02 19:49:07'),(915,568,8,0,1,'2025-09-02 19:49:10','2025-09-02 19:49:10','2025-09-02 19:49:10'),(916,558,14,0,1,'2025-09-02 20:09:28','2025-09-02 20:09:28','2025-09-02 20:09:28'),(917,558,28,0,1,'2025-09-02 20:09:44','2025-09-02 20:09:44','2025-09-02 20:09:44'),(918,565,11,0,1,'2025-09-07 07:47:42','2025-09-07 07:47:42','2025-09-07 07:47:42'),(919,563,14,0,1,'2025-09-02 23:45:00','2025-09-02 23:45:00','2025-09-02 23:45:00'),(920,540,17,0,1,'2025-09-02 23:46:58','2025-09-02 23:46:58','2025-09-02 23:46:58'),(921,565,12,0,1,'2025-09-03 07:02:04','2025-09-03 07:02:04','2025-09-03 07:02:04'),(922,477,6,0,1,'2025-09-14 21:40:23','2025-09-14 21:40:23','2025-09-14 21:40:23'),(923,570,1,0,1,'2025-09-03 11:51:41','2025-09-03 11:51:41','2025-09-03 11:51:41'),(924,570,2,0,1,'2025-09-03 12:19:16','2025-09-03 12:19:16','2025-09-03 12:19:16'),(925,570,3,0,1,'2025-09-03 12:19:28','2025-09-03 12:19:28','2025-09-03 12:19:28'),(926,561,12,0,1,'2025-09-03 12:31:09','2025-09-03 12:31:09','2025-09-03 12:31:09'),(927,570,4,0,1,'2025-09-03 15:58:45','2025-09-03 15:58:45','2025-09-03 15:58:45'),(928,551,23,0,1,'2025-11-05 17:26:29','2025-11-05 17:26:29','2025-11-05 17:26:29'),(929,565,13,0,1,'2025-12-02 06:47:23','2025-12-02 06:47:23','2025-12-02 06:47:23'),(930,455,4,0,1,'2025-09-03 22:15:23','2025-09-03 22:15:23','2025-09-03 22:15:23'),(931,455,5,0,1,'2025-09-03 22:15:46','2025-09-03 22:15:46','2025-09-03 22:15:46'),(932,572,1,0,1,'2025-09-04 14:49:12','2025-09-04 14:49:12','2025-09-04 14:49:12'),(933,572,4,0,1,'2025-09-04 17:05:52','2025-09-04 17:05:52','2025-09-04 17:05:52'),(934,572,5,0,1,'2025-09-04 17:12:46','2025-09-04 17:12:46','2025-09-04 17:12:46'),(935,572,2,0,1,'2025-09-04 17:13:28','2025-09-04 17:13:28','2025-09-04 17:13:28'),(936,572,10,0,1,'2025-09-04 18:52:08','2025-09-04 18:52:08','2025-09-04 18:52:08'),(937,502,31,0,1,'2025-10-10 19:59:39','2025-10-10 19:59:39','2025-10-10 19:59:39'),(938,509,24,0,1,'2025-09-05 06:13:02','2025-09-05 06:13:02','2025-09-05 06:13:02'),(939,517,31,0,1,'2025-09-05 20:35:11','2025-09-05 20:35:11','2025-09-05 20:35:11'),(940,502,13,0,1,'2026-01-21 11:48:57','2026-01-21 11:48:57','2026-01-21 11:48:57'),(941,573,1,0,1,'2025-09-05 22:19:53','2025-09-05 22:19:53','2025-09-05 22:19:53'),(942,573,2,0,1,'2025-09-15 10:50:56','2025-09-15 10:50:56','2025-09-15 10:50:56'),(943,554,8,0,1,'2025-09-06 07:28:30','2025-09-06 07:28:30','2025-09-06 07:28:30'),(944,571,1,0,1,'2025-09-06 10:12:16','2025-09-06 10:12:16','2025-09-06 10:12:16'),(945,571,2,0,1,'2025-09-06 10:20:31','2025-09-06 10:20:31','2025-09-06 10:20:31'),(946,571,3,0,1,'2025-09-06 10:21:04','2025-09-06 10:21:04','2025-09-06 10:21:04'),(947,544,14,0,1,'2025-09-06 11:42:59','2025-09-06 11:42:59','2025-09-06 11:42:59'),(948,544,15,0,1,'2025-09-06 12:04:43','2025-09-06 12:04:43','2025-09-06 12:04:43'),(949,571,9,0,1,'2025-09-06 12:17:51','2025-09-06 12:17:51','2025-09-06 12:17:51'),(950,571,10,0,1,'2025-09-06 12:23:56','2025-09-06 12:23:56','2025-09-06 12:23:56'),(951,571,11,0,1,'2025-09-06 12:32:42','2025-09-06 12:32:42','2025-09-06 12:32:42'),(952,544,16,0,1,'2025-09-06 12:49:28','2025-09-06 12:49:28','2025-09-06 12:49:28'),(953,544,17,0,1,'2025-09-06 14:12:04','2025-09-06 14:12:04','2025-09-06 14:12:04'),(954,574,1,0,1,'2025-09-06 17:55:57','2025-09-06 17:55:57','2025-09-06 17:55:57'),(955,574,2,0,1,'2025-09-06 18:59:24','2025-09-06 18:59:24','2025-09-06 18:59:24'),(956,574,3,0,1,'2025-09-06 19:05:57','2025-09-06 19:05:57','2025-09-06 19:05:57'),(957,574,4,0,1,'2025-09-06 19:57:16','2025-09-06 19:57:16','2025-09-06 19:57:16'),(958,574,5,0,1,'2025-09-06 20:17:27','2025-09-06 20:17:27','2025-09-06 20:17:27'),(959,574,6,0,1,'2025-09-06 20:50:42','2025-09-06 20:50:42','2025-09-06 20:50:42'),(960,540,31,0,1,'2025-09-06 21:09:05','2025-09-06 21:09:05','2025-09-06 21:09:05'),(961,565,14,0,1,'2025-09-07 07:28:35','2025-09-07 07:28:35','2025-09-07 07:28:35'),(962,565,15,0,1,'2025-09-07 07:47:26','2025-09-07 07:47:26','2025-09-07 07:47:26'),(963,574,7,0,1,'2025-09-07 14:35:29','2025-09-07 14:35:29','2025-09-07 14:35:29'),(964,574,8,0,1,'2025-09-07 14:39:42','2025-09-07 14:39:42','2025-09-07 14:39:42'),(965,574,9,0,1,'2025-09-07 14:44:43','2025-09-07 14:44:43','2025-09-07 14:44:43'),(966,567,9,0,1,'2025-09-07 15:45:48','2025-09-07 15:45:48','2025-09-07 15:45:48'),(967,565,16,0,1,'2025-10-27 05:33:00','2025-10-27 05:33:00','2025-10-27 05:33:00'),(968,565,17,0,1,'2025-09-07 18:15:41','2025-09-07 18:15:41','2025-09-07 18:15:41'),(969,575,4,0,1,'2025-09-07 18:26:45','2025-09-07 18:26:45','2025-09-07 18:26:45'),(970,562,6,0,1,'2025-09-07 19:56:22','2025-09-07 19:56:22','2025-09-07 19:56:22'),(971,562,7,0,1,'2025-09-07 23:42:29','2025-09-07 23:42:29','2025-09-07 23:42:29'),(972,562,8,0,1,'2025-09-08 01:18:28','2025-09-08 01:18:28','2025-09-08 01:18:28'),(973,526,24,0,1,'2025-09-08 03:37:46','2025-09-08 03:37:46','2025-09-08 03:37:46'),(974,551,4,0,1,'2025-09-08 15:39:08','2025-09-08 15:39:08','2025-09-08 15:39:08'),(975,551,26,0,1,'2025-09-08 15:40:41','2025-09-08 15:40:41','2025-09-08 15:40:41'),(976,548,15,0,1,'2025-09-09 00:04:57','2025-09-09 00:04:57','2025-09-09 00:04:57'),(977,574,10,0,1,'2025-09-08 18:49:38','2025-09-08 18:49:38','2025-09-08 18:49:38'),(978,565,18,0,1,'2025-09-09 07:29:20','2025-09-09 07:29:20','2025-09-09 07:29:20'),(979,467,13,0,1,'2025-09-09 08:28:30','2025-09-09 08:28:30','2025-09-09 08:28:30'),(980,576,1,0,1,'2025-09-09 09:10:21','2025-09-09 09:10:21','2025-09-09 09:10:21'),(981,576,2,0,1,'2025-09-09 09:18:13','2025-09-09 09:18:13','2025-09-09 09:18:13'),(982,576,3,0,1,'2025-09-09 10:02:34','2025-09-09 10:02:34','2025-09-09 10:02:34'),(983,576,10,0,1,'2025-09-09 13:44:21','2025-09-09 13:44:21','2025-09-09 13:44:21'),(984,576,9,0,1,'2025-09-09 13:45:14','2025-09-09 13:45:14','2025-09-09 13:45:14'),(985,576,14,0,1,'2025-09-09 17:04:22','2025-09-09 17:04:22','2025-09-09 17:04:22'),(986,565,19,0,1,'2026-01-11 19:59:12','2026-01-11 19:59:12','2026-01-11 19:59:12'),(987,577,1,0,1,'2026-01-16 00:17:26','2026-01-16 00:17:26','2026-01-16 00:17:26'),(988,577,2,0,1,'2026-01-16 00:26:19','2026-01-16 00:26:19','2026-01-16 00:26:19'),(989,577,3,0,1,'2025-09-10 00:38:56','2025-09-10 00:38:56','2025-09-10 00:38:56'),(990,577,4,0,1,'2026-01-16 02:11:47','2026-01-16 02:11:47','2026-01-16 02:11:47'),(991,569,2,0,1,'2025-09-10 10:31:42','2025-09-10 10:31:42','2025-09-10 10:31:42'),(992,569,9,0,1,'2025-09-10 11:26:29','2025-09-10 11:26:29','2025-09-10 11:26:29'),(993,569,10,0,1,'2025-09-10 11:32:15','2025-09-10 11:32:15','2025-09-10 11:32:15'),(994,569,11,0,1,'2025-09-10 12:01:02','2025-09-10 12:01:02','2025-09-10 12:01:02'),(995,569,26,0,1,'2025-09-10 12:06:11','2025-09-10 12:06:11','2025-09-10 12:06:11'),(996,569,27,0,1,'2025-09-10 12:11:34','2025-09-10 12:11:34','2025-09-10 12:11:34'),(997,569,28,0,1,'2025-09-10 12:13:55','2025-09-10 12:13:55','2025-09-10 12:13:55'),(998,569,29,0,1,'2025-09-10 12:30:21','2025-09-10 12:30:21','2025-09-10 12:30:21'),(999,569,21,0,1,'2025-09-16 10:03:19','2025-09-16 10:03:19','2025-09-16 10:03:19'),(1000,569,22,0,1,'2025-09-15 22:06:07','2025-09-15 22:06:07','2025-09-15 22:06:07'),(1001,569,15,0,1,'2025-09-10 13:00:53','2025-09-10 13:00:53','2025-09-10 13:00:53'),(1002,462,25,0,1,'2025-09-28 09:05:04','2025-09-28 09:05:04','2025-09-28 09:05:04'),(1003,565,20,0,1,'2025-09-10 16:45:14','2025-09-10 16:45:14','2025-09-10 16:45:14'),(1004,565,21,0,1,'2025-09-10 17:49:54','2025-09-10 17:49:54','2025-09-10 17:49:54'),(1005,565,22,0,1,'2025-09-10 19:14:22','2025-09-10 19:14:22','2025-09-10 19:14:22'),(1006,565,23,0,1,'2025-09-10 19:47:40','2025-09-10 19:47:40','2025-09-10 19:47:40'),(1007,462,23,0,1,'2025-09-10 21:26:04','2025-09-10 21:26:04','2025-09-10 21:26:04'),(1008,561,23,0,1,'2025-11-17 12:17:47','2025-11-17 12:17:47','2025-11-17 12:17:47'),(1009,566,9,0,1,'2025-09-11 19:32:35','2025-09-11 19:32:35','2025-09-11 19:32:35'),(1010,565,31,0,1,'2025-09-11 23:54:50','2025-09-11 23:54:50','2025-09-11 23:54:50'),(1011,562,9,0,1,'2025-09-12 03:32:32','2025-09-12 03:32:32','2025-09-12 03:32:32'),(1012,577,5,0,1,'2026-01-16 02:11:53','2026-01-16 02:11:53','2026-01-16 02:11:53'),(1013,577,6,0,1,'2025-09-12 13:07:18','2025-09-12 13:07:18','2025-09-12 13:07:18'),(1014,577,7,0,1,'2025-09-12 13:45:39','2025-09-12 13:45:39','2025-09-12 13:45:39'),(1015,577,8,0,1,'2025-09-12 14:03:14','2025-09-12 14:03:14','2025-09-12 14:03:14'),(1016,577,9,0,1,'2025-09-12 14:42:09','2025-09-12 14:42:09','2025-09-12 14:42:09'),(1017,577,10,0,1,'2025-09-12 14:47:44','2025-09-12 14:47:44','2025-09-12 14:47:44'),(1018,577,11,0,1,'2025-09-12 14:56:15','2025-09-12 14:56:15','2025-09-12 14:56:15'),(1019,577,12,0,1,'2025-09-12 15:05:27','2025-09-12 15:05:27','2025-09-12 15:05:27'),(1020,540,24,0,1,'2025-09-12 21:55:17','2025-09-12 21:55:17','2025-09-12 21:55:17'),(1021,566,10,0,1,'2025-09-15 20:55:03','2025-09-15 20:55:03','2025-09-15 20:55:03'),(1022,477,23,0,1,'2025-09-13 10:26:23','2025-09-13 10:26:23','2025-09-13 10:26:23'),(1023,577,13,0,1,'2025-09-13 10:57:35','2025-09-13 10:57:35','2025-09-13 10:57:35'),(1024,577,14,0,1,'2025-09-13 11:08:13','2025-09-13 11:08:13','2025-09-13 11:08:13'),(1025,577,15,0,1,'2025-09-13 11:15:02','2025-09-13 11:15:02','2025-09-13 11:15:02'),(1026,577,16,0,1,'2025-09-13 11:19:48','2025-09-13 11:19:48','2025-09-13 11:19:48'),(1027,577,17,0,1,'2025-09-13 11:31:04','2025-09-13 11:31:04','2025-09-13 11:31:04'),(1028,571,12,0,1,'2025-09-13 15:28:27','2025-09-13 15:28:27','2025-09-13 15:28:27'),(1029,571,13,0,1,'2025-09-13 15:35:49','2025-09-13 15:35:49','2025-09-13 15:35:49'),(1030,571,14,0,1,'2025-09-13 15:44:21','2025-09-13 15:44:21','2025-09-13 15:44:21'),(1031,578,2,0,1,'2025-09-13 18:13:49','2025-09-13 18:13:49','2025-09-13 18:13:49'),(1032,579,32,0,1,'2025-09-18 14:22:35','2025-09-18 14:22:35','2025-09-18 14:22:35'),(1033,578,9,0,1,'2025-09-13 19:22:51','2025-09-13 19:22:51','2025-09-13 19:22:51'),(1034,578,24,0,1,'2025-09-13 20:20:54','2025-09-13 20:20:54','2025-09-13 20:20:54'),(1035,578,25,0,1,'2025-09-13 20:27:55','2025-09-13 20:27:55','2025-09-13 20:27:55'),(1036,455,18,0,1,'2026-01-26 20:53:13','2026-01-26 20:53:13','2026-01-26 20:53:13'),(1037,579,23,0,1,'2025-09-20 11:48:53','2025-09-20 11:48:53','2025-09-20 11:48:53'),(1038,579,17,0,1,'2025-10-05 17:31:41','2025-10-05 17:31:41','2025-10-05 17:31:41'),(1039,577,18,0,1,'2025-09-14 13:09:54','2025-09-14 13:09:54','2025-09-14 13:09:54'),(1040,577,19,0,1,'2025-09-14 13:18:51','2025-09-14 13:18:51','2025-09-14 13:18:51'),(1041,577,20,0,1,'2025-09-14 13:26:04','2025-09-14 13:26:04','2025-09-14 13:26:04'),(1042,577,21,0,1,'2025-09-14 13:33:38','2025-09-14 13:33:38','2025-09-14 13:33:38'),(1043,577,22,0,1,'2025-09-14 13:40:33','2025-09-14 13:40:33','2025-09-14 13:40:33'),(1044,577,23,0,1,'2025-09-14 19:21:53','2025-09-14 19:21:53','2025-09-14 19:21:53'),(1045,577,24,0,1,'2025-09-14 19:41:41','2025-09-14 19:41:41','2025-09-14 19:41:41'),(1046,577,25,0,1,'2025-09-14 19:48:45','2025-09-14 19:48:45','2025-09-14 19:48:45'),(1047,577,26,0,1,'2025-09-14 19:51:38','2025-09-14 19:51:38','2025-09-14 19:51:38'),(1048,577,27,0,1,'2025-09-14 19:57:04','2025-09-14 19:57:04','2025-09-14 19:57:04'),(1049,577,28,0,1,'2025-09-14 20:01:00','2025-09-14 20:01:00','2025-09-14 20:01:00'),(1050,577,29,0,1,'2025-09-14 20:17:42','2025-09-14 20:17:42','2025-09-14 20:17:42'),(1051,577,30,0,1,'2025-09-14 20:43:16','2025-09-14 20:43:16','2025-09-14 20:43:16'),(1052,577,31,0,1,'2026-01-13 08:43:19','2026-01-13 08:43:19','2026-01-13 08:43:19'),(1053,577,32,0,1,'2025-09-14 21:40:13','2025-09-14 21:40:13','2025-09-14 21:40:13'),(1054,581,8,0,1,'2025-09-15 01:43:53','2025-09-15 01:43:53','2025-09-15 01:43:53'),(1055,581,1,0,1,'2025-09-15 04:20:59','2025-09-15 04:20:59','2025-09-15 04:20:59'),(1056,581,2,0,1,'2025-09-15 04:21:09','2025-09-15 04:21:09','2025-09-15 04:21:09'),(1057,582,1,0,1,'2025-09-15 16:30:20','2025-09-15 16:30:20','2025-09-15 16:30:20'),(1058,581,9,0,1,'2025-09-15 17:14:28','2025-09-15 17:14:28','2025-09-15 17:14:28'),(1059,583,2,0,1,'2025-09-15 17:56:28','2025-09-15 17:56:28','2025-09-15 17:56:28'),(1060,583,4,0,1,'2025-09-15 19:02:38','2025-09-15 19:02:38','2025-09-15 19:02:38'),(1061,583,5,0,1,'2025-09-22 21:28:30','2025-09-22 21:28:30','2025-09-22 21:28:30'),(1062,583,6,0,1,'2025-09-16 09:29:56','2025-09-16 09:29:56','2025-09-16 09:29:56'),(1063,583,7,0,1,'2025-09-15 20:00:24','2025-09-15 20:00:24','2025-09-15 20:00:24'),(1064,583,8,0,1,'2025-09-15 20:02:25','2025-09-15 20:02:25','2025-09-15 20:02:25'),(1065,457,10,0,1,'2025-09-15 20:36:34','2025-09-15 20:36:34','2025-09-15 20:36:34'),(1066,566,11,0,1,'2025-09-15 21:25:04','2025-09-15 21:25:04','2025-09-15 21:25:04'),(1067,455,23,0,1,'2026-01-15 02:17:03','2026-01-15 02:17:03','2026-01-15 02:17:03'),(1068,455,21,0,1,'2025-11-04 00:37:09','2025-11-04 00:37:09','2025-11-04 00:37:09'),(1069,455,26,0,1,'2025-09-16 01:43:51','2025-09-16 01:43:51','2025-09-16 01:43:51'),(1070,455,27,0,1,'2025-09-16 01:29:47','2025-09-16 01:29:47','2025-09-16 01:29:47'),(1071,455,16,0,1,'2025-09-16 01:35:30','2025-09-16 01:35:30','2025-09-16 01:35:30'),(1072,455,25,0,1,'2025-09-16 01:43:15','2025-09-16 01:43:15','2025-09-16 01:43:15'),(1073,502,16,0,1,'2026-01-21 11:50:23','2026-01-21 11:50:23','2026-01-21 11:50:23'),(1074,583,9,0,1,'2025-09-16 11:01:35','2025-09-16 11:01:35','2025-09-16 11:01:35'),(1075,502,17,0,1,'2025-09-16 10:49:20','2025-09-16 10:49:20','2025-09-16 10:49:20'),(1076,582,9,0,1,'2025-09-16 22:06:54','2025-09-16 22:06:54','2025-09-16 22:06:54'),(1077,462,12,0,1,'2025-09-16 22:16:25','2025-09-16 22:16:25','2025-09-16 22:16:25'),(1078,583,10,0,1,'2025-09-25 13:14:44','2025-09-25 13:14:44','2025-09-25 13:14:44'),(1079,583,11,0,1,'2026-01-13 20:37:11','2026-01-13 20:37:11','2026-01-13 20:37:11'),(1080,583,12,0,1,'2026-01-13 20:39:17','2026-01-13 20:39:17','2026-01-13 20:39:17'),(1081,582,10,0,1,'2025-09-17 11:28:46','2025-09-17 11:28:46','2025-09-17 11:28:46'),(1082,582,12,0,1,'2025-09-16 22:12:18','2025-09-16 22:12:18','2025-09-16 22:12:18'),(1083,582,14,0,1,'2025-09-16 22:45:58','2025-09-16 22:45:58','2025-09-16 22:45:58'),(1084,455,15,0,1,'2026-01-26 21:27:55','2026-01-26 21:27:55','2026-01-26 21:27:55'),(1085,455,29,0,1,'2025-09-17 01:46:56','2025-09-17 01:46:56','2025-09-17 01:46:56'),(1086,455,28,0,1,'2025-09-17 01:49:40','2025-09-17 01:49:40','2025-09-17 01:49:40'),(1087,455,14,0,1,'2026-01-15 02:48:58','2026-01-15 02:48:58','2026-01-15 02:48:58'),(1088,583,26,0,1,'2025-09-17 07:55:06','2025-09-17 07:55:06','2025-09-17 07:55:06'),(1089,583,17,0,1,'2025-10-20 18:50:04','2025-10-20 18:50:04','2025-10-20 18:50:04'),(1090,583,27,0,1,'2025-09-17 08:23:19','2025-09-17 08:23:19','2025-09-17 08:23:19'),(1091,584,1,0,1,'2025-09-17 11:35:06','2025-09-17 11:35:06','2025-09-17 11:35:06'),(1092,584,2,0,1,'2025-09-17 11:42:35','2025-09-17 11:42:35','2025-09-17 11:42:35'),(1093,584,3,0,1,'2025-09-17 11:42:39','2025-09-17 11:42:39','2025-09-17 11:42:39'),(1094,584,16,0,1,'2025-09-17 11:47:18','2025-09-17 11:47:18','2025-09-17 11:47:18'),(1095,584,4,0,1,'2025-09-17 15:25:36','2025-09-17 15:25:36','2025-09-17 15:25:36'),(1096,583,18,0,1,'2025-10-20 18:50:07','2025-10-20 18:50:07','2025-10-20 18:50:07'),(1097,584,5,0,1,'2025-09-17 16:46:41','2025-09-17 16:46:41','2025-09-17 16:46:41'),(1098,582,13,0,1,'2025-09-26 18:39:25','2025-09-26 18:39:25','2025-09-26 18:39:25'),(1099,582,15,0,1,'2025-09-30 21:24:40','2025-09-30 21:24:40','2025-09-30 21:24:40'),(1100,582,16,0,1,'2025-09-25 09:27:34','2025-09-25 09:27:34','2025-09-25 09:27:34'),(1101,581,23,0,1,'2025-09-18 14:29:10','2025-09-18 14:29:10','2025-09-18 14:29:10'),(1102,582,18,0,1,'2025-09-18 22:47:07','2025-09-18 22:47:07','2025-09-18 22:47:07'),(1103,582,17,0,1,'2025-09-18 22:47:22','2025-09-18 22:47:22','2025-09-18 22:47:22'),(1104,582,19,0,1,'2025-09-18 22:54:44','2025-09-18 22:54:44','2025-09-18 22:54:44'),(1105,582,21,0,1,'2025-09-18 22:56:04','2025-09-18 22:56:04','2025-09-18 22:56:04'),(1106,472,32,0,1,'2025-10-02 15:52:32','2025-10-02 15:52:32','2025-10-02 15:52:32'),(1107,544,19,0,1,'2025-09-19 21:10:25','2025-09-19 21:10:25','2025-09-19 21:10:25'),(1108,544,20,0,1,'2025-09-19 21:18:04','2025-09-19 21:18:04','2025-09-19 21:18:04'),(1109,582,6,0,1,'2025-09-19 22:25:31','2025-09-19 22:25:31','2025-09-19 22:25:31'),(1110,516,11,0,1,'2025-09-19 23:45:59','2025-09-19 23:45:59','2025-09-19 23:45:59'),(1111,549,14,0,1,'2025-09-20 07:58:27','2025-09-20 07:58:27','2025-09-20 07:58:27'),(1112,549,11,0,1,'2025-09-20 08:08:13','2025-09-20 08:08:13','2025-09-20 08:08:13'),(1113,586,2,0,1,'2025-09-21 09:33:34','2025-09-21 09:33:34','2025-09-21 09:33:34'),(1114,553,21,0,1,'2025-09-22 10:22:58','2025-09-22 10:22:58','2025-09-22 10:22:58'),(1115,586,6,0,1,'2025-09-21 10:21:01','2025-09-21 10:21:01','2025-09-21 10:21:01'),(1116,586,21,0,1,'2025-09-21 23:04:18','2025-09-21 23:04:18','2025-09-21 23:04:18'),(1117,586,16,0,1,'2025-09-21 14:20:47','2025-09-21 14:20:47','2025-09-21 14:20:47'),(1118,586,15,0,1,'2025-09-21 14:23:34','2025-09-21 14:23:34','2025-09-21 14:23:34'),(1119,586,19,0,1,'2025-09-21 14:39:25','2025-09-21 14:39:25','2025-09-21 14:39:25'),(1120,497,14,0,1,'2025-09-25 10:35:32','2025-09-25 10:35:32','2025-09-25 10:35:32'),(1121,558,10,0,1,'2025-09-22 13:00:21','2025-09-22 13:00:21','2025-09-22 13:00:21'),(1122,508,4,0,1,'2025-09-22 14:06:00','2025-09-22 14:06:00','2025-09-22 14:06:00'),(1123,563,24,0,1,'2025-09-22 18:37:16','2025-09-22 18:37:16','2025-09-22 18:37:16'),(1124,533,9,0,1,'2025-10-10 10:51:48','2025-10-10 10:51:48','2025-10-10 10:51:48'),(1125,533,28,0,1,'2025-09-23 01:56:04','2025-09-23 01:56:04','2025-09-23 01:56:04'),(1126,555,4,0,1,'2025-09-23 09:12:11','2025-09-23 09:12:11','2025-09-23 09:12:11'),(1127,471,21,0,1,'2025-09-23 11:53:23','2025-09-23 11:53:23','2025-09-23 11:53:23'),(1128,579,9,0,1,'2026-01-28 14:16:48','2026-01-28 14:16:48','2026-01-28 14:16:48'),(1129,587,1,0,1,'2025-09-24 11:21:30','2025-09-24 11:21:30','2025-09-24 11:21:30'),(1130,587,2,0,1,'2025-09-24 11:31:36','2025-09-24 11:31:36','2025-09-24 11:31:36'),(1131,587,3,0,1,'2025-09-24 11:32:02','2025-09-24 11:32:02','2025-09-24 11:32:02'),(1132,587,4,0,1,'2025-09-24 13:14:42','2025-09-24 13:14:42','2025-09-24 13:14:42'),(1133,587,5,0,1,'2025-09-24 13:29:01','2025-09-24 13:29:01','2025-09-24 13:29:01'),(1134,497,27,0,1,'2025-12-02 15:42:54','2025-12-02 15:42:54','2025-12-02 15:42:54'),(1135,558,7,0,1,'2025-09-24 18:30:54','2025-09-24 18:30:54','2025-09-24 18:30:54'),(1136,558,8,0,1,'2025-09-24 18:30:58','2025-09-24 18:30:58','2025-09-24 18:30:58'),(1137,497,2,0,1,'2025-09-25 10:33:49','2025-09-25 10:33:49','2025-09-25 10:33:49'),(1138,548,16,0,1,'2025-09-26 01:35:19','2025-09-26 01:35:19','2025-09-26 01:35:19'),(1139,588,1,0,1,'2025-09-26 06:19:26','2025-09-26 06:19:26','2025-09-26 06:19:26'),(1140,588,2,0,1,'2025-09-26 06:29:30','2025-09-26 06:29:30','2025-09-26 06:29:30'),(1141,588,3,0,1,'2025-09-26 06:35:42','2025-09-26 06:35:42','2025-09-26 06:35:42'),(1142,589,1,0,1,'2025-09-27 00:53:46','2025-09-27 00:53:46','2025-09-27 00:53:46'),(1143,589,2,0,1,'2025-09-27 00:53:49','2025-09-27 00:53:49','2025-09-27 00:53:49'),(1144,589,3,0,1,'2025-09-27 00:57:27','2025-09-27 00:57:27','2025-09-27 00:57:27'),(1145,589,4,0,1,'2025-09-27 01:00:26','2025-09-27 01:00:26','2025-09-27 01:00:26'),(1146,587,6,0,1,'2025-09-27 14:07:18','2025-09-27 14:07:18','2025-09-27 14:07:18'),(1147,587,7,0,1,'2025-09-27 14:08:51','2025-09-27 14:08:51','2025-09-27 14:08:51'),(1148,566,20,0,1,'2025-09-28 22:31:41','2025-09-28 22:31:41','2025-09-28 22:31:41'),(1149,587,8,0,1,'2025-09-27 19:59:20','2025-09-27 19:59:20','2025-09-27 19:59:20'),(1150,587,9,0,1,'2025-09-27 19:59:24','2025-09-27 19:59:24','2025-09-27 19:59:24'),(1151,497,4,0,1,'2025-12-09 17:20:41','2025-12-09 17:20:41','2025-12-09 17:20:41'),(1152,541,31,0,1,'2025-09-28 20:20:58','2025-09-28 20:20:58','2025-09-28 20:20:58'),(1153,590,2,0,1,'2025-09-29 06:42:15','2025-09-29 06:42:15','2025-09-29 06:42:15'),(1154,590,4,0,1,'2025-10-12 06:40:35','2025-10-12 06:40:35','2025-10-12 06:40:35'),(1155,590,1,0,1,'2025-09-29 06:42:12','2025-09-29 06:42:12','2025-09-29 06:42:12'),(1156,591,1,0,1,'2025-09-29 12:43:24','2025-09-29 12:43:24','2025-09-29 12:43:24'),(1157,591,2,0,1,'2025-09-29 12:49:27','2025-09-29 12:49:27','2025-09-29 12:49:27'),(1158,591,6,0,1,'2025-09-29 13:31:10','2025-09-29 13:31:10','2025-09-29 13:31:10'),(1159,591,26,0,1,'2025-09-29 15:16:56','2025-09-29 15:16:56','2025-09-29 15:16:56'),(1160,591,18,0,1,'2025-09-29 15:13:35','2025-09-29 15:13:35','2025-09-29 15:13:35'),(1161,506,8,0,1,'2025-09-29 16:06:06','2025-09-29 16:06:06','2025-09-29 16:06:06'),(1162,506,12,0,1,'2025-09-29 16:16:59','2025-09-29 16:16:59','2025-09-29 16:16:59'),(1163,589,5,0,1,'2025-09-29 21:31:29','2025-09-29 21:31:29','2025-09-29 21:31:29'),(1164,591,20,0,1,'2025-09-29 21:46:17','2025-09-29 21:46:17','2025-09-29 21:46:17'),(1165,589,6,0,1,'2025-09-29 22:03:42','2025-09-29 22:03:42','2025-09-29 22:03:42'),(1166,589,7,0,1,'2025-09-29 22:17:51','2025-09-29 22:17:51','2025-09-29 22:17:51'),(1167,589,8,0,1,'2025-09-29 22:18:06','2025-09-29 22:18:06','2025-09-29 22:18:06'),(1168,589,9,0,1,'2025-09-29 22:18:49','2025-09-29 22:18:49','2025-09-29 22:18:49'),(1169,590,6,0,1,'2025-10-01 23:58:48','2025-10-01 23:58:48','2025-10-01 23:58:48'),(1170,592,1,0,1,'2025-09-30 04:58:56','2025-09-30 04:58:56','2025-09-30 04:58:56'),(1171,592,2,0,1,'2025-09-30 05:05:33','2025-09-30 05:05:33','2025-09-30 05:05:33'),(1172,592,4,0,1,'2025-09-30 05:20:05','2025-09-30 05:20:05','2025-09-30 05:20:05'),(1173,592,5,0,1,'2025-09-30 05:57:10','2025-09-30 05:57:10','2025-09-30 05:57:10'),(1174,592,6,0,1,'2025-09-30 08:18:06','2025-09-30 08:18:06','2025-09-30 08:18:06'),(1175,591,13,0,1,'2025-09-30 11:00:45','2025-09-30 11:00:45','2025-09-30 11:00:45'),(1176,470,31,0,1,'2025-09-30 13:44:31','2025-09-30 13:44:31','2025-09-30 13:44:31'),(1177,470,13,0,1,'2025-09-30 19:54:02','2025-09-30 19:54:02','2025-09-30 19:54:02'),(1178,470,11,0,1,'2025-09-30 20:27:00','2025-09-30 20:27:00','2025-09-30 20:27:00'),(1179,593,4,0,1,'2025-09-30 21:14:13','2025-09-30 21:14:13','2025-09-30 21:14:13'),(1180,540,10,0,1,'2025-09-30 23:08:06','2025-09-30 23:08:06','2025-09-30 23:08:06'),(1181,579,20,0,1,'2025-10-04 10:04:15','2025-10-04 10:04:15','2025-10-04 10:04:15'),(1182,579,14,0,1,'2025-10-01 07:59:51','2025-10-01 07:59:51','2025-10-01 07:59:51'),(1183,590,9,0,1,'2025-10-01 09:32:52','2025-10-01 09:32:52','2025-10-01 09:32:52'),(1184,479,5,0,1,'2025-11-15 12:09:28','2025-11-15 12:09:28','2025-11-15 12:09:28'),(1185,490,9,0,1,'2025-10-01 11:52:08','2025-10-01 11:52:08','2025-10-01 11:52:08'),(1186,502,21,0,1,'2026-01-16 13:49:37','2026-01-16 13:49:37','2026-01-16 13:49:37'),(1187,593,9,0,1,'2025-10-01 18:56:55','2025-10-01 18:56:55','2025-10-01 18:56:55'),(1188,593,10,0,1,'2025-10-01 18:57:58','2025-10-01 18:57:58','2025-10-01 18:57:58'),(1189,593,24,0,1,'2025-10-01 19:14:08','2025-10-01 19:14:08','2025-10-01 19:14:08'),(1190,566,15,0,1,'2025-10-01 20:38:42','2025-10-01 20:38:42','2025-10-01 20:38:42'),(1191,589,26,0,1,'2025-10-01 22:46:03','2025-10-01 22:46:03','2025-10-01 22:46:03'),(1192,589,22,0,1,'2025-10-01 22:46:51','2025-10-01 22:46:51','2025-10-01 22:46:51'),(1193,589,32,0,1,'2025-10-01 22:47:07','2025-10-01 22:47:07','2025-10-01 22:47:07'),(1194,589,24,0,1,'2025-12-27 07:05:46','2025-12-27 07:05:46','2025-12-27 07:05:46'),(1195,590,10,0,1,'2025-10-12 08:18:24','2025-10-12 08:18:24','2025-10-12 08:18:24'),(1196,519,4,0,1,'2025-10-02 14:48:39','2025-10-02 14:48:39','2025-10-02 14:48:39'),(1197,594,1,0,1,'2025-10-02 19:36:21','2025-10-02 19:36:21','2025-10-02 19:36:21'),(1198,594,2,0,1,'2025-10-02 19:44:09','2025-10-02 19:44:09','2025-10-02 19:44:09'),(1199,590,11,0,1,'2025-10-11 16:14:09','2025-10-11 16:14:09','2025-10-11 16:14:09'),(1200,591,31,0,1,'2025-10-03 06:14:59','2025-10-03 06:14:59','2025-10-03 06:14:59'),(1201,573,11,0,1,'2025-10-03 18:23:36','2025-10-03 18:23:36','2025-10-03 18:23:36'),(1202,595,1,0,1,'2025-10-03 18:47:11','2025-10-03 18:47:11','2025-10-03 18:47:11'),(1203,595,2,0,1,'2025-10-03 18:54:58','2025-10-03 18:54:58','2025-10-03 18:54:58'),(1204,502,15,0,1,'2026-01-18 15:28:02','2026-01-18 15:28:02','2026-01-18 15:28:02'),(1205,589,12,0,1,'2025-10-05 17:44:56','2025-10-05 17:44:56','2025-10-05 17:44:56'),(1206,589,11,0,1,'2025-10-05 17:45:48','2025-10-05 17:45:48','2025-10-05 17:45:48'),(1207,589,14,0,1,'2025-10-05 17:47:12','2025-10-05 17:47:12','2025-10-05 17:47:12'),(1208,589,25,0,1,'2025-12-27 07:20:34','2025-12-27 07:20:34','2025-12-27 07:20:34'),(1209,589,10,0,1,'2025-12-21 21:59:44','2025-12-21 21:59:44','2025-12-21 21:59:44'),(1210,564,25,0,1,'2025-10-05 19:36:03','2025-10-05 19:36:03','2025-10-05 19:36:03'),(1211,564,24,0,1,'2025-10-05 19:57:59','2025-10-05 19:57:59','2025-10-05 19:57:59'),(1212,516,10,0,1,'2025-10-06 17:35:28','2025-10-06 17:35:28','2025-10-06 17:35:28'),(1213,583,15,0,1,'2025-12-11 07:38:44','2025-12-11 07:38:44','2025-12-11 07:38:44'),(1214,583,23,0,1,'2026-01-31 14:18:31','2026-01-31 14:18:31','2026-01-31 14:18:31'),(1215,595,4,0,1,'2025-10-07 20:10:43','2025-10-07 20:10:43','2025-10-07 20:10:43'),(1216,595,5,0,1,'2025-10-07 21:47:12','2025-10-07 21:47:12','2025-10-07 21:47:12'),(1217,564,13,0,1,'2026-01-26 08:49:56','2026-01-26 08:49:56','2026-01-26 08:49:56'),(1218,576,24,0,1,'2025-10-09 15:22:52','2025-10-09 15:22:52','2025-10-09 15:22:52'),(1219,516,28,0,1,'2025-10-17 08:11:20','2025-10-17 08:11:20','2025-10-17 08:11:20'),(1220,590,13,0,1,'2025-10-29 00:15:03','2025-10-29 00:15:03','2025-10-29 00:15:03'),(1221,533,8,0,1,'2025-10-10 10:14:23','2025-10-10 10:14:23','2025-10-10 10:14:23'),(1222,564,17,0,1,'2025-10-27 09:36:21','2025-10-27 09:36:21','2025-10-27 09:36:21'),(1223,530,9,0,1,'2025-10-10 12:11:41','2025-10-10 12:11:41','2025-10-10 12:11:41'),(1224,530,10,0,1,'2025-10-10 12:17:23','2025-10-10 12:17:23','2025-10-10 12:17:23'),(1225,530,11,0,1,'2025-10-10 12:26:02','2025-10-10 12:26:02','2025-10-10 12:26:02'),(1226,530,12,0,1,'2025-10-10 12:30:46','2025-10-10 12:30:46','2025-10-10 12:30:46'),(1227,530,13,0,1,'2025-10-10 12:36:29','2025-10-10 12:36:29','2025-10-10 12:36:29'),(1228,530,14,0,1,'2025-10-10 12:43:16','2025-10-10 12:43:16','2025-10-10 12:43:16'),(1229,530,15,0,1,'2025-10-10 12:56:03','2025-10-10 12:56:03','2025-10-10 12:56:03'),(1230,530,16,0,1,'2025-10-10 12:57:20','2025-10-10 12:57:20','2025-10-10 12:57:20'),(1231,530,22,0,1,'2025-10-10 13:01:01','2025-10-10 13:01:01','2025-10-10 13:01:01'),(1232,530,25,0,1,'2025-10-10 13:05:46','2025-10-10 13:05:46','2025-10-10 13:05:46'),(1233,530,26,0,1,'2025-10-10 13:06:33','2025-10-10 13:06:33','2025-10-10 13:06:33'),(1234,530,27,0,1,'2025-10-10 13:09:21','2025-10-10 13:09:21','2025-10-10 13:09:21'),(1235,530,28,0,1,'2025-10-10 13:09:28','2025-10-10 13:09:28','2025-10-10 13:09:28'),(1236,483,31,0,1,'2025-10-11 14:40:24','2025-10-11 14:40:24','2025-10-11 14:40:24'),(1237,590,18,0,1,'2025-10-11 13:09:27','2025-10-11 13:09:27','2025-10-11 13:09:27'),(1238,564,14,0,1,'2026-01-26 08:49:58','2026-01-26 08:49:58','2026-01-26 08:49:58'),(1239,583,28,0,1,'2026-01-02 09:03:30','2026-01-02 09:03:30','2026-01-02 09:03:30'),(1240,583,1,0,1,'2025-10-11 21:09:35','2025-10-11 21:09:35','2025-10-11 21:09:35'),(1241,583,3,0,1,'2025-10-11 21:11:03','2025-10-11 21:11:03','2025-10-11 21:11:03'),(1242,592,9,0,1,'2025-10-12 05:11:17','2025-10-12 05:11:17','2025-10-12 05:11:17'),(1243,596,2,0,1,'2025-10-13 09:35:03','2025-10-13 09:35:03','2025-10-13 09:35:03'),(1244,596,4,0,1,'2025-10-13 12:59:43','2025-10-13 12:59:43','2025-10-13 12:59:43'),(1245,596,9,0,1,'2025-10-16 15:24:28','2025-10-16 15:24:28','2025-10-16 15:24:28'),(1246,596,10,0,1,'2025-10-13 13:35:46','2025-10-13 13:35:46','2025-10-13 13:35:46'),(1247,596,11,0,1,'2025-10-13 13:44:25','2025-10-13 13:44:25','2025-10-13 13:44:25'),(1248,596,5,0,1,'2025-10-13 19:34:43','2025-10-13 19:34:43','2025-10-13 19:34:43'),(1249,583,16,0,1,'2025-10-13 23:57:48','2025-10-13 23:57:48','2025-10-13 23:57:48'),(1250,465,32,0,1,'2025-10-14 08:16:31','2025-10-14 08:16:31','2025-10-14 08:16:31'),(1251,592,3,0,1,'2025-10-14 09:54:14','2025-10-14 09:54:14','2025-10-14 09:54:14'),(1252,592,10,0,1,'2025-10-14 10:00:36','2025-10-14 10:00:36','2025-10-14 10:00:36'),(1253,596,6,0,1,'2025-10-15 19:05:42','2025-10-15 19:05:42','2025-10-15 19:05:42'),(1254,564,15,0,1,'2025-10-16 13:38:59','2025-10-16 13:38:59','2025-10-16 13:38:59'),(1255,597,1,0,1,'2025-10-16 21:09:25','2025-10-16 21:09:25','2025-10-16 21:09:25'),(1256,503,23,0,1,'2025-10-16 21:06:38','2025-10-16 21:06:38','2025-10-16 21:06:38'),(1257,516,17,0,1,'2025-10-16 23:03:46','2025-10-16 23:03:46','2025-10-16 23:03:46'),(1258,597,2,0,1,'2025-10-16 21:25:57','2025-10-16 21:25:57','2025-10-16 21:25:57'),(1259,503,25,0,1,'2025-10-16 22:18:29','2025-10-16 22:18:29','2025-10-16 22:18:29'),(1260,590,14,0,1,'2025-10-17 00:15:00','2025-10-17 00:15:00','2025-10-17 00:15:00'),(1261,516,27,0,1,'2025-10-17 08:11:18','2025-10-17 08:11:18','2025-10-17 08:11:18'),(1262,596,14,0,1,'2025-10-17 09:37:42','2025-10-17 09:37:42','2025-10-17 09:37:42'),(1263,597,4,0,1,'2025-10-17 23:52:22','2025-10-17 23:52:22','2025-10-17 23:52:22'),(1264,596,8,0,1,'2025-10-18 06:48:10','2025-10-18 06:48:10','2025-10-18 06:48:10'),(1265,597,5,0,1,'2025-10-18 13:05:09','2025-10-18 13:05:09','2025-10-18 13:05:09'),(1266,521,32,0,1,'2025-10-18 15:29:28','2025-10-18 15:29:28','2025-10-18 15:29:28'),(1267,521,25,0,1,'2025-10-18 15:37:41','2025-10-18 15:37:41','2025-10-18 15:37:41'),(1268,597,6,0,1,'2025-10-18 16:03:07','2025-10-18 16:03:07','2025-10-18 16:03:07'),(1269,589,15,0,1,'2025-12-26 17:57:00','2025-12-26 17:57:00','2025-12-26 17:57:00'),(1270,599,1,0,1,'2025-12-24 00:55:37','2025-12-24 00:55:37','2025-12-24 00:55:37'),(1271,599,2,0,1,'2025-12-24 00:55:39','2025-12-24 00:55:39','2025-12-24 00:55:39'),(1272,599,4,0,1,'2025-12-24 23:38:27','2025-12-24 23:38:27','2025-12-24 23:38:27'),(1273,599,5,0,1,'2025-12-25 22:16:02','2025-12-25 22:16:02','2025-12-25 22:16:02'),(1274,597,9,0,1,'2025-11-18 16:26:49','2025-11-18 16:26:49','2025-11-18 16:26:49'),(1275,597,10,0,1,'2025-11-22 08:18:53','2025-11-22 08:18:53','2025-11-22 08:18:53'),(1276,564,21,0,1,'2025-10-20 15:11:33','2025-10-20 15:11:33','2025-10-20 15:11:33'),(1277,561,24,0,1,'2025-10-21 13:08:49','2025-10-21 13:08:49','2025-10-21 13:08:49'),(1278,599,9,0,1,'2025-12-27 01:27:40','2025-12-27 01:27:40','2025-12-27 01:27:40'),(1279,583,19,0,1,'2025-10-20 19:10:00','2025-10-20 19:10:00','2025-10-20 19:10:00'),(1280,516,26,0,1,'2025-10-21 11:05:41','2025-10-21 11:05:41','2025-10-21 11:05:41'),(1281,518,25,0,1,'2025-10-24 14:10:31','2025-10-24 14:10:31','2025-10-24 14:10:31'),(1282,518,30,0,1,'2025-10-21 18:03:58','2025-10-21 18:03:58','2025-10-21 18:03:58'),(1283,515,7,0,1,'2025-10-21 20:57:56','2025-10-21 20:57:56','2025-10-21 20:57:56'),(1284,515,8,0,1,'2025-10-21 21:17:28','2025-10-21 21:17:28','2025-10-21 21:17:28'),(1285,579,21,0,1,'2025-10-22 10:58:36','2025-10-22 10:58:36','2025-10-22 10:58:36'),(1286,516,16,0,1,'2026-01-19 20:46:25','2026-01-19 20:46:25','2026-01-19 20:46:25'),(1287,516,14,0,1,'2026-01-19 20:36:58','2026-01-19 20:36:58','2026-01-19 20:36:58'),(1288,561,28,0,1,'2025-10-23 09:01:03','2025-10-23 09:01:03','2025-10-23 09:01:03'),(1289,561,26,0,1,'2025-11-30 10:22:48','2025-11-30 10:22:48','2025-11-30 10:22:48'),(1290,561,11,0,1,'2025-10-23 12:53:50','2025-10-23 12:53:50','2025-10-23 12:53:50'),(1291,596,20,0,1,'2025-10-23 13:58:54','2025-10-23 13:58:54','2025-10-23 13:58:54'),(1292,596,26,0,1,'2025-10-23 14:00:04','2025-10-23 14:00:04','2025-10-23 14:00:04'),(1293,596,19,0,1,'2025-12-08 06:46:28','2025-12-08 06:46:28','2025-12-08 06:46:28'),(1294,515,9,0,1,'2025-10-23 14:41:06','2025-10-23 14:41:06','2025-10-23 14:41:06'),(1295,518,24,0,1,'2025-10-24 14:10:24','2025-10-24 14:10:24','2025-10-24 14:10:24'),(1296,531,18,0,1,'2026-01-07 22:45:55','2026-01-07 22:45:55','2026-01-07 22:45:55'),(1297,548,22,0,1,'2025-10-25 14:10:44','2025-10-25 14:10:44','2025-10-25 14:10:44'),(1298,546,21,0,1,'2025-10-27 09:40:16','2025-10-27 09:40:16','2025-10-27 09:40:16'),(1299,600,1,0,1,'2025-10-27 12:59:33','2025-10-27 12:59:33','2025-10-27 12:59:33'),(1300,600,2,0,1,'2025-10-27 13:15:01','2025-10-27 13:15:01','2025-10-27 13:15:01'),(1301,497,21,0,1,'2025-10-27 13:34:56','2025-10-27 13:34:56','2025-10-27 13:34:56'),(1302,600,4,0,1,'2025-10-27 17:20:59','2025-10-27 17:20:59','2025-10-27 17:20:59'),(1303,516,18,0,1,'2025-10-27 19:32:57','2025-10-27 19:32:57','2025-10-27 19:32:57'),(1304,516,19,0,1,'2025-10-27 19:44:14','2025-10-27 19:44:14','2025-10-27 19:44:14'),(1305,600,5,0,1,'2025-10-28 12:01:00','2025-10-28 12:01:00','2025-10-28 12:01:00'),(1306,600,6,0,1,'2025-10-28 13:03:29','2025-10-28 13:03:29','2025-10-28 13:03:29'),(1307,600,7,0,1,'2025-10-28 15:06:24','2025-10-28 15:06:24','2025-10-28 15:06:24'),(1308,600,8,0,1,'2025-10-28 16:05:18','2025-10-28 16:05:18','2025-10-28 16:05:18'),(1309,601,1,0,1,'2025-10-28 18:44:29','2025-10-28 18:44:29','2025-10-28 18:44:29'),(1310,601,2,0,1,'2025-10-28 18:52:45','2025-10-28 18:52:45','2025-10-28 18:52:45'),(1311,601,4,0,1,'2025-10-28 20:37:54','2025-10-28 20:37:54','2025-10-28 20:37:54'),(1312,601,5,0,1,'2025-10-28 22:04:09','2025-10-28 22:04:09','2025-10-28 22:04:09'),(1313,590,15,0,1,'2025-10-29 07:00:52','2025-10-29 07:00:52','2025-10-29 07:00:52'),(1314,561,20,0,1,'2025-12-08 13:05:54','2025-12-08 13:05:54','2025-12-08 13:05:54'),(1315,596,32,0,1,'2025-12-09 12:28:01','2025-12-09 12:28:01','2025-12-09 12:28:01'),(1316,468,32,0,1,'2025-10-29 14:05:58','2025-10-29 14:05:58','2025-10-29 14:05:58'),(1317,468,9,0,1,'2025-10-29 16:42:07','2025-10-29 16:42:07','2025-10-29 16:42:07'),(1318,468,11,0,1,'2025-10-29 16:42:19','2025-10-29 16:42:19','2025-10-29 16:42:19'),(1319,468,19,0,1,'2025-10-29 17:26:02','2025-10-29 17:26:02','2025-10-29 17:26:02'),(1320,567,10,0,1,'2025-10-29 17:47:33','2025-10-29 17:47:33','2025-10-29 17:47:33'),(1321,506,31,0,1,'2026-01-09 09:11:36','2026-01-09 09:11:36','2026-01-09 09:11:36'),(1322,468,10,0,1,'2025-10-30 14:02:58','2025-10-30 14:02:58','2025-10-30 14:02:58'),(1323,468,12,0,1,'2025-10-30 14:03:05','2025-10-30 14:03:05','2025-10-30 14:03:05'),(1324,516,20,0,1,'2025-10-31 12:23:37','2025-10-31 12:23:37','2025-10-31 12:23:37'),(1325,516,21,0,1,'2025-10-31 12:33:52','2025-10-31 12:33:52','2025-10-31 12:33:52'),(1326,583,21,0,1,'2026-01-02 09:59:23','2026-01-02 09:59:23','2026-01-02 09:59:23'),(1327,603,1,0,1,'2025-10-31 21:48:24','2025-10-31 21:48:24','2025-10-31 21:48:24'),(1328,603,2,0,1,'2025-10-31 21:56:50','2025-10-31 21:56:50','2025-10-31 21:56:50'),(1329,516,23,0,1,'2025-11-01 16:45:59','2025-11-01 16:45:59','2025-11-01 16:45:59'),(1330,583,14,0,1,'2025-11-11 21:11:02','2025-11-11 21:11:02','2025-11-11 21:11:02'),(1331,603,4,0,1,'2025-11-02 13:52:30','2025-11-02 13:52:30','2025-11-02 13:52:30'),(1332,516,22,0,1,'2025-11-03 09:19:47','2025-11-03 09:19:47','2025-11-03 09:19:47'),(1333,509,6,0,1,'2025-11-03 14:13:57','2025-11-03 14:13:57','2025-11-03 14:13:57'),(1334,479,9,0,1,'2025-11-03 18:57:08','2025-11-03 18:57:08','2025-11-03 18:57:08'),(1335,603,5,0,1,'2025-11-03 18:57:13','2025-11-03 18:57:13','2025-11-03 18:57:13'),(1336,603,6,0,1,'2025-11-03 22:16:00','2025-11-03 22:16:00','2025-11-03 22:16:00'),(1337,455,22,0,1,'2025-11-04 00:36:44','2025-11-04 00:36:44','2025-11-04 00:36:44'),(1338,509,7,0,1,'2025-11-04 06:59:58','2025-11-04 06:59:58','2025-11-04 06:59:58'),(1339,516,24,0,1,'2025-11-04 19:53:18','2025-11-04 19:53:18','2025-11-04 19:53:18'),(1340,516,29,0,1,'2026-01-16 18:11:08','2026-01-16 18:11:08','2026-01-16 18:11:08'),(1341,516,30,0,1,'2025-11-04 20:07:41','2025-11-04 20:07:41','2025-11-04 20:07:41'),(1342,561,10,0,1,'2025-11-05 08:52:53','2025-11-05 08:52:53','2025-11-05 08:52:53'),(1343,516,32,0,1,'2025-11-06 10:04:37','2025-11-06 10:04:37','2025-11-06 10:04:37'),(1344,561,13,0,1,'2025-11-27 13:26:31','2025-11-27 13:26:31','2025-11-27 13:26:31'),(1345,561,19,0,1,'2025-11-10 22:19:13','2025-11-10 22:19:13','2025-11-10 22:19:13'),(1346,467,15,0,1,'2025-11-08 06:57:46','2025-11-08 06:57:46','2025-11-08 06:57:46'),(1347,514,22,0,1,'2025-11-08 19:59:22','2025-11-08 19:59:22','2025-11-08 19:59:22'),(1348,597,11,0,1,'2025-11-27 10:36:55','2025-11-27 10:36:55','2025-11-27 10:36:55'),(1349,508,11,0,1,'2025-11-10 10:21:35','2025-11-10 10:21:35','2025-11-10 10:21:35'),(1350,508,12,0,1,'2025-11-10 10:34:39','2025-11-10 10:34:39','2025-11-10 10:34:39'),(1351,606,1,0,1,'2025-11-10 10:48:02','2025-11-10 10:48:02','2025-11-10 10:48:02'),(1352,606,2,0,1,'2025-11-10 11:38:57','2025-11-10 11:38:57','2025-11-10 11:38:57'),(1353,553,23,0,1,'2025-11-10 13:02:37','2025-11-10 13:02:37','2025-11-10 13:02:37'),(1354,561,18,0,1,'2025-12-17 16:06:08','2025-12-17 16:06:08','2025-12-17 16:06:08'),(1355,474,10,0,1,'2025-11-11 18:00:41','2025-11-11 18:00:41','2025-11-11 18:00:41'),(1356,467,21,0,1,'2025-12-31 04:23:38','2025-12-31 04:23:38','2025-12-31 04:23:38'),(1357,599,6,0,1,'2025-11-12 18:16:11','2025-11-12 18:16:11','2025-11-12 18:16:11'),(1358,599,7,0,1,'2025-11-12 18:20:53','2025-11-12 18:20:53','2025-11-12 18:20:53'),(1359,599,8,0,1,'2025-11-16 13:17:12','2025-11-16 13:17:12','2025-11-16 13:17:12'),(1360,608,1,0,1,'2025-11-14 09:04:47','2025-11-14 09:04:47','2025-11-14 09:04:47'),(1361,608,2,0,1,'2025-11-14 09:08:42','2025-11-14 09:08:42','2025-11-14 09:08:42'),(1362,608,3,0,1,'2025-11-14 09:08:47','2025-11-14 09:08:47','2025-11-14 09:08:47'),(1363,608,4,0,1,'2025-11-14 09:26:59','2025-11-14 09:26:59','2025-11-14 09:26:59'),(1364,608,5,0,1,'2025-11-14 09:30:01','2025-11-14 09:30:01','2025-11-14 09:30:01'),(1365,608,8,0,1,'2025-11-14 10:12:09','2025-11-14 10:12:09','2025-11-14 10:12:09'),(1366,608,9,0,1,'2025-11-14 09:40:21','2025-11-14 09:40:21','2025-11-14 09:40:21'),(1367,608,6,0,1,'2025-11-14 10:08:21','2025-11-14 10:08:21','2025-11-14 10:08:21'),(1368,608,7,0,1,'2025-11-14 10:12:04','2025-11-14 10:12:04','2025-11-14 10:12:04'),(1369,497,25,0,1,'2025-11-15 14:38:42','2025-11-15 14:38:42','2025-11-15 14:38:42'),(1370,609,1,0,1,'2025-11-18 07:41:10','2025-11-18 07:41:10','2025-11-18 07:41:10'),(1371,609,2,0,1,'2025-11-18 07:47:51','2025-11-18 07:47:51','2025-11-18 07:47:51'),(1372,609,4,0,1,'2025-11-26 06:47:45','2025-11-26 06:47:45','2025-11-26 06:47:45'),(1373,609,5,0,1,'2025-11-18 08:53:30','2025-11-18 08:53:30','2025-11-18 08:53:30'),(1374,609,7,0,1,'2025-11-16 14:08:52','2025-11-16 14:08:52','2025-11-16 14:08:52'),(1375,609,8,0,1,'2025-11-16 14:13:17','2025-11-16 14:13:17','2025-11-16 14:13:17'),(1376,609,9,0,1,'2025-11-16 14:44:03','2025-11-16 14:44:03','2025-11-16 14:44:03'),(1377,597,8,0,1,'2025-11-16 23:20:46','2025-11-16 23:20:46','2025-11-16 23:20:46'),(1378,597,7,0,1,'2025-11-16 23:21:28','2025-11-16 23:21:28','2025-11-16 23:21:28'),(1379,601,6,0,1,'2025-11-17 19:12:40','2025-11-17 19:12:40','2025-11-17 19:12:40'),(1380,601,7,0,1,'2025-11-17 19:51:51','2025-11-17 19:51:51','2025-11-17 19:51:51'),(1381,601,8,0,1,'2025-11-17 20:14:25','2025-11-17 20:14:25','2025-11-17 20:14:25'),(1382,601,9,0,1,'2025-11-17 20:46:54','2025-11-17 20:46:54','2025-11-17 20:46:54'),(1383,601,10,0,1,'2025-11-17 21:22:18','2025-11-17 21:22:18','2025-11-17 21:22:18'),(1384,601,11,0,1,'2025-11-17 21:32:00','2025-11-17 21:32:00','2025-11-17 21:32:00'),(1385,601,12,0,1,'2025-11-17 21:41:17','2025-11-17 21:41:17','2025-11-17 21:41:17'),(1386,601,13,0,1,'2025-11-17 21:50:25','2025-11-17 21:50:25','2025-11-17 21:50:25'),(1387,601,14,0,1,'2025-11-17 22:00:12','2025-11-17 22:00:12','2025-11-17 22:00:12'),(1388,601,15,0,1,'2025-11-18 12:08:56','2025-11-18 12:08:56','2025-11-18 12:08:56'),(1389,601,16,0,1,'2025-11-17 22:15:34','2025-11-17 22:15:34','2025-11-17 22:15:34'),(1390,610,1,0,1,'2025-11-17 23:59:00','2025-11-17 23:59:00','2025-11-17 23:59:00'),(1391,610,2,0,1,'2025-11-17 23:59:05','2025-11-17 23:59:05','2025-11-17 23:59:05'),(1392,610,3,0,1,'2025-11-17 23:59:13','2025-11-17 23:59:13','2025-11-17 23:59:13'),(1393,609,6,0,1,'2025-11-25 14:59:40','2025-11-25 14:59:40','2025-11-25 14:59:40'),(1394,518,1,0,1,'2025-11-18 22:23:26','2025-11-18 22:23:26','2025-11-18 22:23:26'),(1395,518,31,0,1,'2025-11-27 14:55:00','2025-11-27 14:55:00','2025-11-27 14:55:00'),(1396,609,24,0,1,'2025-11-24 08:50:50','2025-11-24 08:50:50','2025-11-24 08:50:50'),(1397,599,10,0,1,'2025-11-19 19:11:29','2025-11-19 19:11:29','2025-11-19 19:11:29'),(1398,603,31,0,1,'2025-11-19 21:46:44','2025-11-19 21:46:44','2025-11-19 21:46:44'),(1399,607,1,0,1,'2025-11-20 09:12:27','2025-11-20 09:12:27','2025-11-20 09:12:27'),(1400,522,21,0,1,'2025-11-21 10:04:06','2025-11-21 10:04:06','2025-11-21 10:04:06'),(1401,522,16,0,1,'2025-11-21 10:05:12','2025-11-21 10:05:12','2025-11-21 10:05:12'),(1402,611,28,0,1,'2025-11-21 15:13:59','2025-11-21 15:13:59','2025-11-21 15:13:59'),(1403,611,2,0,1,'2025-11-21 16:33:53','2025-11-21 16:33:53','2025-11-21 16:33:53'),(1404,611,4,0,1,'2025-11-21 16:44:46','2025-11-21 16:44:46','2025-11-21 16:44:46'),(1405,597,25,0,1,'2025-11-21 23:24:23','2025-11-21 23:24:23','2025-11-21 23:24:23'),(1406,597,26,0,1,'2025-12-04 21:18:23','2025-12-04 21:18:23','2025-12-04 21:18:23'),(1407,604,24,0,1,'2025-12-11 16:00:07','2025-12-11 16:00:07','2025-12-11 16:00:07'),(1408,450,4,0,1,'2025-11-22 08:04:30','2025-11-22 08:04:30','2025-11-22 08:04:30'),(1409,450,5,0,1,'2025-11-22 08:27:38','2025-11-22 08:27:38','2025-11-22 08:27:38'),(1410,450,10,0,1,'2025-11-22 08:56:55','2025-11-22 08:56:55','2025-11-22 08:56:55'),(1411,450,13,0,1,'2025-11-22 13:01:33','2025-11-22 13:01:33','2025-11-22 13:01:33'),(1412,450,14,0,1,'2025-11-22 08:57:32','2025-11-22 08:57:32','2025-11-22 08:57:32'),(1413,507,1,0,1,'2025-11-22 10:05:32','2025-11-22 10:05:32','2025-11-22 10:05:32'),(1414,450,15,0,1,'2025-11-22 13:08:53','2025-11-22 13:08:53','2025-11-22 13:08:53'),(1415,468,17,0,1,'2025-11-24 15:00:12','2025-11-24 15:00:12','2025-11-24 15:00:12'),(1416,612,1,0,1,'2025-11-25 06:17:30','2025-11-25 06:17:30','2025-11-25 06:17:30'),(1417,612,2,0,1,'2025-11-25 06:25:23','2025-11-25 06:25:23','2025-11-25 06:25:23'),(1418,612,3,0,1,'2025-11-25 06:25:34','2025-11-25 06:25:34','2025-11-25 06:25:34'),(1419,612,4,0,1,'2025-11-25 07:24:04','2025-11-25 07:24:04','2025-11-25 07:24:04'),(1420,612,5,0,1,'2025-11-25 07:59:53','2025-11-25 07:59:53','2025-11-25 07:59:53'),(1421,613,2,0,1,'2025-11-25 09:41:06','2025-11-25 09:41:06','2025-11-25 09:41:06'),(1422,613,28,0,1,'2025-11-25 19:08:50','2025-11-25 19:08:50','2025-11-25 19:08:50'),(1423,613,26,0,1,'2025-11-25 16:40:39','2025-11-25 16:40:39','2025-11-25 16:40:39'),(1424,613,14,0,1,'2025-11-26 21:42:21','2025-11-26 21:42:21','2025-11-26 21:42:21'),(1425,613,15,0,1,'2025-11-25 20:32:52','2025-11-25 20:32:52','2025-11-25 20:32:52'),(1426,612,6,0,1,'2025-11-26 07:47:29','2025-11-26 07:47:29','2025-11-26 07:47:29'),(1427,597,30,0,1,'2025-11-26 23:15:00','2025-11-26 23:15:00','2025-11-26 23:15:00'),(1428,614,9,0,1,'2025-11-27 02:52:26','2025-11-27 02:52:26','2025-11-27 02:52:26'),(1429,561,16,0,1,'2025-11-27 13:47:34','2025-11-27 13:47:34','2025-11-27 13:47:34'),(1430,561,15,0,1,'2025-11-30 10:40:25','2025-11-30 10:40:25','2025-11-30 10:40:25'),(1431,597,12,0,1,'2025-11-28 21:08:09','2025-11-28 21:08:09','2025-11-28 21:08:09'),(1432,597,13,0,1,'2025-11-29 13:32:46','2025-11-29 13:32:46','2025-11-29 13:32:46'),(1433,614,10,0,1,'2026-01-18 23:09:11','2026-01-18 23:09:11','2026-01-18 23:09:11'),(1434,507,2,0,1,'2025-11-29 20:12:56','2025-11-29 20:12:56','2025-11-29 20:12:56'),(1435,614,11,0,1,'2025-11-29 15:50:18','2025-11-29 15:50:18','2025-11-29 15:50:18'),(1436,614,12,0,1,'2025-11-29 16:01:35','2025-11-29 16:01:35','2025-11-29 16:01:35'),(1437,614,13,0,1,'2025-11-29 16:08:54','2025-11-29 16:08:54','2025-11-29 16:08:54'),(1438,449,16,0,1,'2025-11-29 22:52:25','2025-11-29 22:52:25','2025-11-29 22:52:25'),(1439,486,28,0,1,'2025-11-30 08:13:18','2025-11-30 08:13:18','2025-11-30 08:13:18'),(1440,561,17,0,1,'2026-01-10 14:30:07','2026-01-10 14:30:07','2026-01-10 14:30:07'),(1441,597,28,0,1,'2025-11-30 13:10:21','2025-11-30 13:10:21','2025-11-30 13:10:21'),(1442,615,11,0,1,'2025-12-01 02:44:56','2025-12-01 02:44:56','2025-12-01 02:44:56'),(1443,597,14,0,1,'2025-12-01 11:23:18','2025-12-01 11:23:18','2025-12-01 11:23:18'),(1444,594,9,0,1,'2025-12-01 19:03:13','2025-12-01 19:03:13','2025-12-01 19:03:13'),(1445,594,16,0,1,'2025-12-01 19:32:25','2025-12-01 19:32:25','2025-12-01 19:32:25'),(1446,589,13,0,1,'2025-12-01 22:58:17','2025-12-01 22:58:17','2025-12-01 22:58:17'),(1447,596,31,0,1,'2025-12-02 07:10:12','2025-12-02 07:10:12','2025-12-02 07:10:12'),(1448,616,1,0,1,'2025-12-02 12:18:10','2025-12-02 12:18:10','2025-12-02 12:18:10'),(1449,616,2,0,1,'2025-12-02 12:26:14','2025-12-02 12:26:14','2025-12-02 12:26:14'),(1450,616,3,0,1,'2025-12-02 12:26:16','2025-12-02 12:26:16','2025-12-02 12:26:16'),(1451,616,4,0,1,'2025-12-02 17:15:32','2025-12-02 17:15:32','2025-12-02 17:15:32'),(1452,616,6,0,1,'2025-12-02 18:03:25','2025-12-02 18:03:25','2025-12-02 18:03:25'),(1453,603,9,0,1,'2025-12-02 22:05:09','2025-12-02 22:05:09','2025-12-02 22:05:09'),(1454,596,13,0,1,'2025-12-03 14:03:07','2025-12-03 14:03:07','2025-12-03 14:03:07'),(1455,596,16,0,1,'2025-12-03 14:04:01','2025-12-03 14:04:01','2025-12-03 14:04:01'),(1456,610,4,0,1,'2025-12-03 14:38:34','2025-12-03 14:38:34','2025-12-03 14:38:34'),(1457,616,9,0,1,'2025-12-03 18:17:23','2025-12-03 18:17:23','2025-12-03 18:17:23'),(1458,616,10,0,1,'2025-12-03 18:25:11','2025-12-03 18:25:11','2025-12-03 18:25:11'),(1459,616,11,0,1,'2025-12-03 18:35:25','2025-12-03 18:35:25','2025-12-03 18:35:25'),(1460,617,1,0,1,'2025-12-03 18:51:02','2025-12-03 18:51:02','2025-12-03 18:51:02'),(1461,617,2,0,1,'2025-12-03 18:58:47','2025-12-03 18:58:47','2025-12-03 18:58:47'),(1462,617,3,0,1,'2025-12-03 18:58:52','2025-12-03 18:58:52','2025-12-03 18:58:52'),(1463,617,4,0,1,'2025-12-03 19:49:27','2025-12-03 19:49:27','2025-12-03 19:49:27'),(1464,617,16,0,1,'2025-12-03 19:54:28','2025-12-03 19:54:28','2025-12-03 19:54:28'),(1465,617,6,0,1,'2025-12-03 22:29:36','2025-12-03 22:29:36','2025-12-03 22:29:36'),(1466,597,15,0,1,'2025-12-03 23:30:40','2025-12-03 23:30:40','2025-12-03 23:30:40'),(1467,618,1,0,1,'2025-12-04 10:54:38','2025-12-04 10:54:38','2025-12-04 10:54:38'),(1468,618,2,0,1,'2025-12-04 11:00:50','2025-12-04 11:00:50','2025-12-04 11:00:50'),(1469,618,3,0,1,'2025-12-04 11:01:31','2025-12-04 11:01:31','2025-12-04 11:01:31'),(1470,618,4,0,1,'2025-12-04 11:13:39','2025-12-04 11:13:39','2025-12-04 11:13:39'),(1471,618,5,0,1,'2025-12-04 11:22:43','2025-12-04 11:22:43','2025-12-04 11:22:43'),(1472,618,6,0,1,'2025-12-04 11:47:48','2025-12-04 11:47:48','2025-12-04 11:47:48'),(1473,618,7,0,1,'2025-12-04 11:50:13','2025-12-04 11:50:13','2025-12-04 11:50:13'),(1474,618,8,0,1,'2025-12-04 11:51:31','2025-12-04 11:51:31','2025-12-04 11:51:31'),(1475,618,9,0,1,'2025-12-04 12:11:41','2025-12-04 12:11:41','2025-12-04 12:11:41'),(1476,594,3,0,1,'2025-12-04 12:28:48','2025-12-04 12:28:48','2025-12-04 12:28:48'),(1477,594,4,0,1,'2025-12-04 12:29:33','2025-12-04 12:29:33','2025-12-04 12:29:33'),(1478,618,10,0,1,'2025-12-04 13:14:58','2025-12-04 13:14:58','2025-12-04 13:14:58'),(1479,597,16,0,1,'2025-12-04 16:43:11','2025-12-04 16:43:11','2025-12-04 16:43:11'),(1480,597,17,0,1,'2025-12-04 16:56:26','2025-12-04 16:56:26','2025-12-04 16:56:26'),(1481,597,18,0,1,'2025-12-04 21:50:28','2025-12-04 21:50:28','2025-12-04 21:50:28'),(1482,619,1,0,1,'2025-12-05 16:20:02','2025-12-05 16:20:02','2025-12-05 16:20:02'),(1483,619,2,0,1,'2025-12-05 16:19:27','2025-12-05 16:19:27','2025-12-05 16:19:27'),(1484,599,12,0,1,'2025-12-05 18:43:59','2025-12-05 18:43:59','2025-12-05 18:43:59'),(1485,618,11,0,1,'2025-12-30 22:25:45','2025-12-30 22:25:45','2025-12-30 22:25:45'),(1486,618,12,0,1,'2025-12-06 01:17:15','2025-12-06 01:17:15','2025-12-06 01:17:15'),(1487,619,10,0,1,'2025-12-06 05:58:53','2025-12-06 05:58:53','2025-12-06 05:58:53'),(1488,606,3,0,1,'2025-12-06 07:34:04','2025-12-06 07:34:04','2025-12-06 07:34:04'),(1489,618,13,0,1,'2025-12-06 12:15:57','2025-12-06 12:15:57','2025-12-06 12:15:57'),(1490,579,22,0,1,'2025-12-06 20:19:08','2025-12-06 20:19:08','2025-12-06 20:19:08'),(1491,619,4,0,1,'2025-12-06 13:47:58','2025-12-06 13:47:58','2025-12-06 13:47:58'),(1492,619,27,0,1,'2025-12-20 11:38:48','2025-12-20 11:38:48','2025-12-20 11:38:48'),(1493,619,11,0,1,'2025-12-06 14:07:54','2025-12-06 14:07:54','2025-12-06 14:07:54'),(1494,619,9,0,1,'2025-12-07 14:32:34','2025-12-07 14:32:34','2025-12-07 14:32:34'),(1495,604,4,0,1,'2025-12-07 06:41:54','2025-12-07 06:41:54','2025-12-07 06:41:54'),(1496,604,28,0,1,'2025-12-07 07:02:27','2025-12-07 07:02:27','2025-12-07 07:02:27'),(1497,604,1,0,1,'2025-12-07 07:47:30','2025-12-07 07:47:30','2025-12-07 07:47:30'),(1498,604,2,0,1,'2025-12-07 07:47:32','2025-12-07 07:47:32','2025-12-07 07:47:32'),(1499,604,3,0,1,'2025-12-07 07:47:34','2025-12-07 07:47:34','2025-12-07 07:47:34'),(1500,604,5,0,1,'2025-12-07 07:48:51','2025-12-07 07:48:51','2025-12-07 07:48:51'),(1501,604,6,0,1,'2025-12-07 07:48:57','2025-12-07 07:48:57','2025-12-07 07:48:57'),(1502,604,7,0,1,'2025-12-07 07:49:00','2025-12-07 07:49:00','2025-12-07 07:49:00'),(1503,604,8,0,1,'2025-12-07 07:49:02','2025-12-07 07:49:02','2025-12-07 07:49:02'),(1504,589,31,0,1,'2025-12-07 20:43:22','2025-12-07 20:43:22','2025-12-07 20:43:22'),(1505,596,18,0,1,'2026-01-02 12:30:33','2026-01-02 12:30:33','2026-01-02 12:30:33'),(1506,609,31,0,1,'2025-12-08 12:24:05','2025-12-08 12:24:05','2025-12-08 12:24:05'),(1507,596,17,0,1,'2025-12-09 16:01:41','2025-12-09 16:01:41','2025-12-09 16:01:41'),(1508,596,12,0,1,'2025-12-19 17:43:11','2025-12-19 17:43:11','2025-12-19 17:43:11'),(1509,620,1,0,1,'2025-12-10 15:41:45','2025-12-10 15:41:45','2025-12-10 15:41:45'),(1510,620,2,0,1,'2025-12-10 15:49:41','2025-12-10 15:49:41','2025-12-10 15:49:41'),(1511,620,4,0,1,'2025-12-10 19:23:45','2025-12-10 19:23:45','2025-12-10 19:23:45'),(1512,620,5,0,1,'2025-12-10 23:00:51','2025-12-10 23:00:51','2025-12-10 23:00:51'),(1513,620,6,0,1,'2025-12-10 23:45:15','2025-12-10 23:45:15','2025-12-10 23:45:15'),(1514,583,13,0,1,'2025-12-11 08:59:22','2025-12-11 08:59:22','2025-12-11 08:59:22'),(1515,611,32,0,1,'2025-12-11 14:43:10','2025-12-11 14:43:10','2025-12-11 14:43:10'),(1516,475,31,0,1,'2025-12-12 06:22:34','2025-12-12 06:22:34','2025-12-12 06:22:34'),(1517,475,32,0,1,'2025-12-12 06:32:45','2025-12-12 06:32:45','2025-12-12 06:32:45'),(1518,619,31,0,1,'2026-01-31 11:06:55','2026-01-31 11:06:55','2026-01-31 11:06:55'),(1519,596,15,0,1,'2025-12-12 12:37:08','2025-12-12 12:37:08','2025-12-12 12:37:08'),(1520,596,21,0,1,'2025-12-12 12:38:43','2025-12-12 12:38:43','2025-12-12 12:38:43'),(1521,620,3,0,1,'2025-12-12 14:07:46','2025-12-12 14:07:46','2025-12-12 14:07:46'),(1522,618,17,0,1,'2025-12-12 14:26:45','2025-12-12 14:26:45','2025-12-12 14:26:45'),(1523,620,7,0,1,'2025-12-12 15:05:40','2025-12-12 15:05:40','2025-12-12 15:05:40'),(1524,620,8,0,1,'2025-12-14 11:55:10','2025-12-14 11:55:10','2025-12-14 11:55:10'),(1525,620,9,0,1,'2025-12-14 11:55:16','2025-12-14 11:55:16','2025-12-14 11:55:16'),(1526,620,12,0,1,'2025-12-13 00:23:56','2025-12-13 00:23:56','2025-12-13 00:23:56'),(1527,621,1,0,1,'2025-12-13 16:48:35','2025-12-13 16:48:35','2025-12-13 16:48:35'),(1528,621,2,0,1,'2025-12-13 16:53:09','2025-12-13 16:53:09','2025-12-13 16:53:09'),(1529,621,3,0,1,'2025-12-13 17:01:24','2025-12-13 17:01:24','2025-12-13 17:01:24'),(1530,620,14,0,1,'2025-12-15 01:11:07','2025-12-15 01:11:07','2025-12-15 01:11:07'),(1531,621,4,0,1,'2025-12-13 20:59:55','2025-12-13 20:59:55','2025-12-13 20:59:55'),(1532,621,5,0,1,'2025-12-14 05:47:52','2025-12-14 05:47:52','2025-12-14 05:47:52'),(1533,621,6,0,1,'2025-12-14 06:21:57','2025-12-14 06:21:57','2025-12-14 06:21:57'),(1534,619,23,0,1,'2025-12-24 05:48:07','2025-12-24 05:48:07','2025-12-24 05:48:07'),(1535,621,7,0,1,'2025-12-14 06:51:02','2025-12-14 06:51:02','2025-12-14 06:51:02'),(1536,621,8,0,1,'2025-12-14 09:33:57','2025-12-14 09:33:57','2025-12-14 09:33:57'),(1537,599,28,0,1,'2025-12-14 14:53:38','2025-12-14 14:53:38','2025-12-14 14:53:38'),(1538,490,1,0,1,'2025-12-14 16:27:35','2025-12-14 16:27:35','2025-12-14 16:27:35'),(1539,490,10,0,1,'2025-12-14 16:51:06','2025-12-14 16:51:06','2025-12-14 16:51:06'),(1540,490,11,0,1,'2025-12-14 16:51:10','2025-12-14 16:51:10','2025-12-14 16:51:10'),(1541,618,20,0,1,'2025-12-15 17:24:16','2025-12-15 17:24:16','2025-12-15 17:24:16'),(1542,618,14,0,1,'2025-12-15 17:24:21','2025-12-15 17:24:21','2025-12-15 17:24:21'),(1543,618,15,0,1,'2025-12-15 17:24:25','2025-12-15 17:24:25','2025-12-15 17:24:25'),(1544,618,16,0,1,'2025-12-15 17:24:31','2025-12-15 17:24:31','2025-12-15 17:24:31'),(1545,618,18,0,1,'2025-12-15 17:24:38','2025-12-15 17:24:38','2025-12-15 17:24:38'),(1546,621,10,0,1,'2026-01-01 11:26:13','2026-01-01 11:26:13','2026-01-01 11:26:13'),(1547,621,11,0,1,'2026-01-04 15:08:03','2026-01-04 15:08:03','2026-01-04 15:08:03'),(1548,621,12,0,1,'2025-12-15 21:06:32','2025-12-15 21:06:32','2025-12-15 21:06:32'),(1549,618,19,0,1,'2025-12-15 22:21:27','2025-12-15 22:21:27','2025-12-15 22:21:27'),(1550,619,28,0,1,'2026-01-20 17:33:02','2026-01-20 17:33:02','2026-01-20 17:33:02'),(1551,620,28,0,1,'2025-12-17 01:20:12','2025-12-17 01:20:12','2025-12-17 01:20:12'),(1552,596,22,0,1,'2025-12-17 13:58:27','2025-12-17 13:58:27','2025-12-17 13:58:27'),(1553,611,25,0,1,'2025-12-17 22:29:14','2025-12-17 22:29:14','2025-12-17 22:29:14'),(1554,597,27,0,1,'2025-12-18 16:11:10','2025-12-18 16:11:10','2025-12-18 16:11:10'),(1555,597,19,0,1,'2025-12-18 16:22:42','2025-12-18 16:22:42','2025-12-18 16:22:42'),(1556,623,1,0,1,'2025-12-27 18:14:51','2025-12-27 18:14:51','2025-12-27 18:14:51'),(1557,623,2,0,1,'2025-12-19 18:23:21','2025-12-19 18:23:21','2025-12-19 18:23:21'),(1558,548,26,0,1,'2025-12-25 13:49:31','2025-12-25 13:49:31','2025-12-25 13:49:31'),(1559,548,13,0,1,'2025-12-20 13:57:06','2025-12-20 13:57:06','2025-12-20 13:57:06'),(1560,619,3,0,1,'2025-12-20 08:43:28','2025-12-20 08:43:28','2025-12-20 08:43:28'),(1561,619,19,0,1,'2025-12-20 11:35:57','2025-12-20 11:35:57','2025-12-20 11:35:57'),(1562,596,28,0,1,'2025-12-20 12:10:51','2025-12-20 12:10:51','2025-12-20 12:10:51'),(1563,548,5,0,1,'2025-12-20 12:14:51','2025-12-20 12:14:51','2025-12-20 12:14:51'),(1564,548,6,0,1,'2025-12-20 12:21:00','2025-12-20 12:21:00','2025-12-20 12:21:00'),(1565,621,16,0,1,'2025-12-20 13:00:10','2025-12-20 13:00:10','2025-12-20 13:00:10'),(1566,621,18,0,1,'2025-12-20 13:10:28','2025-12-20 13:10:28','2025-12-20 13:10:28'),(1567,621,22,0,1,'2025-12-20 13:13:29','2025-12-20 13:13:29','2025-12-20 13:13:29'),(1568,621,23,0,1,'2025-12-20 13:29:53','2025-12-20 13:29:53','2025-12-20 13:29:53'),(1569,621,25,0,1,'2025-12-20 13:51:37','2025-12-20 13:51:37','2025-12-20 13:51:37'),(1570,604,31,0,1,'2025-12-20 13:56:55','2025-12-20 13:56:55','2025-12-20 13:56:55'),(1571,619,24,0,1,'2025-12-24 05:08:26','2025-12-24 05:08:26','2025-12-24 05:08:26'),(1572,597,20,0,1,'2025-12-20 16:50:07','2025-12-20 16:50:07','2025-12-20 16:50:07'),(1573,624,1,0,1,'2025-12-20 17:15:07','2025-12-20 17:15:07','2025-12-20 17:15:07'),(1574,624,2,0,1,'2025-12-20 17:40:53','2025-12-20 17:40:53','2025-12-20 17:40:53'),(1575,625,1,0,1,'2025-12-20 20:31:17','2025-12-20 20:31:17','2025-12-20 20:31:17'),(1576,625,2,0,1,'2025-12-20 20:39:04','2025-12-20 20:39:04','2025-12-20 20:39:04'),(1577,625,10,0,1,'2025-12-24 12:25:47','2025-12-24 12:25:47','2025-12-24 12:25:47'),(1578,625,9,0,1,'2025-12-20 22:21:45','2025-12-20 22:21:45','2025-12-20 22:21:45'),(1579,625,11,0,1,'2025-12-20 22:29:35','2025-12-20 22:29:35','2025-12-20 22:29:35'),(1580,625,13,0,1,'2025-12-22 08:47:00','2025-12-22 08:47:00','2025-12-22 08:47:00'),(1581,617,24,0,1,'2025-12-21 06:40:36','2025-12-21 06:40:36','2025-12-21 06:40:36'),(1582,623,9,0,1,'2025-12-21 14:10:54','2025-12-21 14:10:54','2025-12-21 14:10:54'),(1583,623,10,0,1,'2025-12-21 14:16:46','2025-12-21 14:16:46','2025-12-21 14:16:46'),(1584,623,11,0,1,'2026-01-26 13:28:01','2026-01-26 13:28:01','2026-01-26 13:28:01'),(1585,623,12,0,1,'2026-01-26 14:39:51','2026-01-26 14:39:51','2026-01-26 14:39:51'),(1586,625,14,0,1,'2025-12-21 15:59:43','2025-12-21 15:59:43','2025-12-21 15:59:43'),(1587,625,15,0,1,'2025-12-21 16:31:40','2025-12-21 16:31:40','2025-12-21 16:31:40'),(1588,625,16,0,1,'2025-12-31 18:29:25','2025-12-31 18:29:25','2025-12-31 18:29:25'),(1589,624,4,0,1,'2025-12-21 19:59:32','2025-12-21 19:59:32','2025-12-21 19:59:32'),(1590,597,21,0,1,'2025-12-21 21:05:37','2025-12-21 21:05:37','2025-12-21 21:05:37'),(1591,597,22,0,1,'2026-01-31 17:28:00','2026-01-31 17:28:00','2026-01-31 17:28:00'),(1592,589,16,0,1,'2025-12-21 21:54:20','2025-12-21 21:54:20','2025-12-21 21:54:20'),(1593,589,19,0,1,'2025-12-21 22:00:18','2025-12-21 22:00:18','2025-12-21 22:00:18'),(1594,626,2,0,1,'2025-12-22 13:52:04','2025-12-22 13:52:04','2025-12-22 13:52:04'),(1595,626,1,0,1,'2025-12-22 13:52:35','2025-12-22 13:52:35','2025-12-22 13:52:35'),(1596,623,13,0,1,'2026-01-30 13:58:44','2026-01-30 13:58:44','2026-01-30 13:58:44'),(1597,626,4,0,1,'2025-12-22 14:14:46','2025-12-22 14:14:46','2025-12-22 14:14:46'),(1598,624,5,0,1,'2025-12-22 15:12:40','2025-12-22 15:12:40','2025-12-22 15:12:40'),(1599,624,6,0,1,'2025-12-22 21:22:48','2025-12-22 21:22:48','2025-12-22 21:22:48'),(1600,623,28,0,1,'2025-12-22 21:36:44','2025-12-22 21:36:44','2025-12-22 21:36:44'),(1601,623,29,0,1,'2025-12-22 21:37:20','2025-12-22 21:37:20','2025-12-22 21:37:20'),(1602,624,7,0,1,'2025-12-23 09:22:15','2025-12-23 09:22:15','2025-12-23 09:22:15'),(1603,624,8,0,1,'2025-12-23 11:01:11','2025-12-23 11:01:11','2025-12-23 11:01:11'),(1604,624,9,0,1,'2026-01-06 20:21:56','2026-01-06 20:21:56','2026-01-06 20:21:56'),(1605,624,10,0,1,'2025-12-23 12:03:31','2025-12-23 12:03:31','2025-12-23 12:03:31'),(1606,624,11,0,1,'2025-12-23 13:09:20','2025-12-23 13:09:20','2025-12-23 13:09:20'),(1607,624,12,0,1,'2025-12-23 13:24:46','2025-12-23 13:24:46','2025-12-23 13:24:46'),(1608,624,13,0,1,'2025-12-23 13:36:05','2025-12-23 13:36:05','2025-12-23 13:36:05'),(1609,624,14,0,1,'2025-12-23 13:48:55','2025-12-23 13:48:55','2025-12-23 13:48:55'),(1610,624,15,0,1,'2025-12-23 16:42:58','2025-12-23 16:42:58','2025-12-23 16:42:58'),(1611,624,16,0,1,'2025-12-23 16:47:57','2025-12-23 16:47:57','2025-12-23 16:47:57'),(1612,624,17,0,1,'2025-12-23 21:23:16','2025-12-23 21:23:16','2025-12-23 21:23:16'),(1613,624,18,0,1,'2025-12-23 21:36:10','2025-12-23 21:36:10','2025-12-23 21:36:10'),(1614,627,1,0,1,'2025-12-24 01:28:26','2025-12-24 01:28:26','2025-12-24 01:28:26'),(1615,627,2,0,1,'2025-12-24 01:36:19','2025-12-24 01:36:19','2025-12-24 01:36:19'),(1616,627,3,0,1,'2025-12-24 06:49:15','2025-12-24 06:49:15','2025-12-24 06:49:15'),(1617,624,19,0,1,'2025-12-24 08:40:51','2025-12-24 08:40:51','2025-12-24 08:40:51'),(1618,626,16,0,1,'2025-12-29 08:33:35','2025-12-29 08:33:35','2025-12-29 08:33:35'),(1619,624,20,0,1,'2025-12-24 09:22:57','2025-12-24 09:22:57','2025-12-24 09:22:57'),(1620,626,18,0,1,'2025-12-24 10:02:52','2025-12-24 10:02:52','2025-12-24 10:02:52'),(1621,626,19,0,1,'2025-12-24 10:11:54','2025-12-24 10:11:54','2025-12-24 10:11:54'),(1622,624,21,0,1,'2025-12-24 11:19:09','2025-12-24 11:19:09','2025-12-24 11:19:09'),(1623,624,22,0,1,'2025-12-24 12:23:41','2025-12-24 12:23:41','2025-12-24 12:23:41'),(1624,624,23,0,1,'2026-01-30 13:23:26','2026-01-30 13:23:26','2026-01-30 13:23:26'),(1625,624,24,0,1,'2025-12-24 15:08:15','2025-12-24 15:08:15','2025-12-24 15:08:15'),(1626,629,1,0,1,'2025-12-24 21:13:59','2025-12-24 21:13:59','2025-12-24 21:13:59'),(1627,629,2,0,1,'2025-12-24 21:19:45','2025-12-24 21:19:45','2025-12-24 21:19:45'),(1628,628,9,0,1,'2025-12-24 23:30:49','2025-12-24 23:30:49','2025-12-24 23:30:49'),(1629,604,10,0,1,'2025-12-24 23:42:21','2025-12-24 23:42:21','2025-12-24 23:42:21'),(1630,604,9,0,1,'2025-12-24 23:42:30','2025-12-24 23:42:30','2025-12-24 23:42:30'),(1631,604,25,0,1,'2025-12-25 00:10:27','2025-12-25 00:10:27','2025-12-25 00:10:27'),(1632,624,3,0,1,'2025-12-25 10:46:10','2025-12-25 10:46:10','2025-12-25 10:46:10'),(1633,548,7,0,1,'2025-12-25 13:46:15','2025-12-25 13:46:15','2025-12-25 13:46:15'),(1634,579,16,0,1,'2026-01-17 19:39:08','2026-01-17 19:39:08','2026-01-17 19:39:08'),(1635,623,23,0,1,'2025-12-27 22:01:55','2025-12-27 22:01:55','2025-12-27 22:01:55'),(1636,597,32,0,1,'2025-12-25 22:06:06','2025-12-25 22:06:06','2025-12-25 22:06:06'),(1637,623,21,0,1,'2025-12-27 17:02:18','2025-12-27 17:02:18','2025-12-27 17:02:18'),(1638,623,22,0,1,'2025-12-25 20:42:52','2025-12-25 20:42:52','2025-12-25 20:42:52'),(1639,623,24,0,1,'2025-12-25 20:54:06','2025-12-25 20:54:06','2025-12-25 20:54:06'),(1640,629,9,0,1,'2026-01-21 20:43:17','2026-01-21 20:43:17','2026-01-21 20:43:17'),(1641,594,23,0,1,'2026-01-18 01:04:33','2026-01-18 01:04:33','2026-01-18 01:04:33'),(1642,548,25,0,1,'2025-12-26 13:34:04','2025-12-26 13:34:04','2025-12-26 13:34:04'),(1643,589,21,0,1,'2025-12-26 17:57:14','2025-12-26 17:57:14','2025-12-26 17:57:14'),(1644,629,10,0,1,'2026-01-13 21:24:50','2026-01-13 21:24:50','2026-01-13 21:24:50'),(1645,627,4,0,1,'2025-12-27 05:22:27','2025-12-27 05:22:27','2025-12-27 05:22:27'),(1646,627,5,0,1,'2025-12-27 05:22:40','2025-12-27 05:22:40','2025-12-27 05:22:40'),(1647,627,6,0,1,'2025-12-27 05:23:45','2025-12-27 05:23:45','2025-12-27 05:23:45'),(1648,589,23,0,1,'2026-01-09 11:03:39','2026-01-09 11:03:39','2026-01-09 11:03:39'),(1649,548,11,0,1,'2025-12-27 12:54:32','2025-12-27 12:54:32','2025-12-27 12:54:32'),(1650,623,15,0,1,'2026-01-30 13:59:19','2026-01-30 13:59:19','2026-01-30 13:59:19'),(1651,623,16,0,1,'2026-01-12 16:33:41','2026-01-12 16:33:41','2026-01-12 16:33:41'),(1652,630,4,0,1,'2025-12-27 21:36:38','2025-12-27 21:36:38','2025-12-27 21:36:38'),(1653,604,16,0,1,'2025-12-28 09:46:04','2025-12-28 09:46:04','2025-12-28 09:46:04'),(1654,515,10,0,1,'2025-12-28 11:21:43','2025-12-28 11:21:43','2025-12-28 11:21:43'),(1655,515,11,0,1,'2025-12-28 11:31:57','2025-12-28 11:31:57','2025-12-28 11:31:57'),(1656,515,12,0,1,'2025-12-28 11:41:20','2025-12-28 11:41:20','2025-12-28 11:41:20'),(1657,515,13,0,1,'2025-12-28 11:53:14','2025-12-28 11:53:14','2025-12-28 11:53:14'),(1658,515,14,0,1,'2025-12-28 12:02:04','2025-12-28 12:02:04','2025-12-28 12:02:04'),(1659,623,18,0,1,'2026-01-08 14:08:50','2026-01-08 14:08:50','2026-01-08 14:08:50'),(1660,623,19,0,1,'2025-12-28 19:23:02','2025-12-28 19:23:02','2025-12-28 19:23:02'),(1661,623,20,0,1,'2026-01-12 19:59:03','2026-01-12 19:59:03','2026-01-12 19:59:03'),(1662,630,6,0,1,'2025-12-28 22:12:00','2025-12-28 22:12:00','2025-12-28 22:12:00'),(1663,626,15,0,1,'2026-01-23 08:06:26','2026-01-23 08:06:26','2026-01-23 08:06:26'),(1664,626,17,0,1,'2026-01-23 08:07:59','2026-01-23 08:07:59','2026-01-23 08:07:59'),(1665,624,25,0,1,'2025-12-29 09:11:32','2025-12-29 09:11:32','2025-12-29 09:11:32'),(1666,624,26,0,1,'2025-12-29 09:17:13','2025-12-29 09:17:13','2025-12-29 09:17:13'),(1667,624,27,0,1,'2025-12-29 09:59:01','2025-12-29 09:59:01','2025-12-29 09:59:01'),(1668,624,28,0,1,'2025-12-30 20:50:55','2025-12-30 20:50:55','2025-12-30 20:50:55'),(1669,519,31,0,1,'2025-12-31 17:41:52','2025-12-31 17:41:52','2025-12-31 17:41:52'),(1670,624,29,0,1,'2025-12-29 10:57:06','2025-12-29 10:57:06','2025-12-29 10:57:06'),(1671,519,24,0,1,'2025-12-29 11:11:43','2025-12-29 11:11:43','2025-12-29 11:11:43'),(1672,519,9,0,1,'2025-12-29 11:41:58','2025-12-29 11:41:58','2025-12-29 11:41:58'),(1673,626,23,0,1,'2025-12-29 11:44:42','2025-12-29 11:44:42','2025-12-29 11:44:42'),(1674,519,10,0,1,'2025-12-29 13:09:26','2025-12-29 13:09:26','2025-12-29 13:09:26'),(1675,519,11,0,1,'2025-12-29 13:14:13','2025-12-29 13:14:13','2025-12-29 13:14:13'),(1676,624,30,0,1,'2025-12-29 13:22:34','2025-12-29 13:22:34','2025-12-29 13:22:34'),(1677,579,10,0,1,'2025-12-29 15:11:45','2025-12-29 15:11:45','2025-12-29 15:11:45'),(1678,624,31,0,1,'2025-12-29 15:47:55','2025-12-29 15:47:55','2025-12-29 15:47:55'),(1679,624,32,0,1,'2025-12-29 15:57:58','2025-12-29 15:57:58','2025-12-29 15:57:58'),(1680,604,13,0,1,'2025-12-29 18:39:13','2025-12-29 18:39:13','2025-12-29 18:39:13'),(1681,604,15,0,1,'2025-12-29 18:37:37','2025-12-29 18:37:37','2025-12-29 18:37:37'),(1682,519,13,0,1,'2026-01-02 09:26:30','2026-01-02 09:26:30','2026-01-02 09:26:30'),(1683,519,14,0,1,'2025-12-29 20:41:20','2025-12-29 20:41:20','2025-12-29 20:41:20'),(1684,519,15,0,1,'2025-12-29 20:47:14','2025-12-29 20:47:14','2025-12-29 20:47:14'),(1685,519,16,0,1,'2025-12-29 20:51:38','2025-12-29 20:51:38','2025-12-29 20:51:38'),(1686,519,17,0,1,'2025-12-30 07:20:44','2025-12-30 07:20:44','2025-12-30 07:20:44'),(1687,519,18,0,1,'2026-01-01 12:58:08','2026-01-01 12:58:08','2026-01-01 12:58:08'),(1688,631,10,0,1,'2025-12-30 16:17:59','2025-12-30 16:17:59','2025-12-30 16:17:59'),(1689,476,27,0,1,'2025-12-30 13:37:31','2025-12-30 13:37:31','2025-12-30 13:37:31'),(1690,519,23,0,1,'2026-01-04 14:35:41','2026-01-04 14:35:41','2026-01-04 14:35:41'),(1691,519,26,0,1,'2025-12-31 08:34:36','2025-12-31 08:34:36','2025-12-31 08:34:36'),(1692,519,32,0,1,'2025-12-31 08:48:00','2025-12-31 08:48:00','2025-12-31 08:48:00'),(1693,519,6,0,1,'2026-01-21 07:46:13','2026-01-21 07:46:13','2026-01-21 07:46:13'),(1694,630,10,0,1,'2025-12-31 17:55:10','2025-12-31 17:55:10','2025-12-31 17:55:10'),(1695,633,1,0,1,'2026-01-05 08:40:32','2026-01-05 08:40:32','2026-01-05 08:40:32'),(1696,633,2,0,1,'2025-12-31 21:32:18','2025-12-31 21:32:18','2025-12-31 21:32:18'),(1697,515,15,0,1,'2026-01-01 11:03:22','2026-01-01 11:03:22','2026-01-01 11:03:22'),(1698,631,26,0,1,'2026-01-01 11:10:59','2026-01-01 11:10:59','2026-01-01 11:10:59'),(1699,633,4,0,1,'2026-01-01 14:32:51','2026-01-01 14:32:51','2026-01-01 14:32:51'),(1700,634,1,0,1,'2026-01-01 15:21:16','2026-01-01 15:21:16','2026-01-01 15:21:16'),(1701,634,2,0,1,'2026-01-01 15:30:06','2026-01-01 15:30:06','2026-01-01 15:30:06'),(1702,633,5,0,1,'2026-01-01 18:37:01','2026-01-01 18:37:01','2026-01-01 18:37:01'),(1703,541,24,0,1,'2026-01-05 14:05:04','2026-01-05 14:05:04','2026-01-05 14:05:04'),(1704,633,6,0,1,'2026-01-01 21:12:59','2026-01-01 21:12:59','2026-01-01 21:12:59'),(1705,531,16,0,1,'2026-01-02 18:09:11','2026-01-02 18:09:11','2026-01-02 18:09:11'),(1706,636,1,0,1,'2026-01-02 02:15:55','2026-01-02 02:15:55','2026-01-02 02:15:55'),(1707,636,2,0,1,'2026-01-02 02:29:24','2026-01-02 02:29:24','2026-01-02 02:29:24'),(1708,619,32,0,1,'2026-01-02 06:34:20','2026-01-02 06:34:20','2026-01-02 06:34:20'),(1709,637,1,0,1,'2026-01-02 07:24:55','2026-01-02 07:24:55','2026-01-02 07:24:55'),(1710,637,2,0,1,'2026-01-02 07:24:59','2026-01-02 07:24:59','2026-01-02 07:24:59'),(1711,637,3,0,1,'2026-01-02 07:25:02','2026-01-02 07:25:02','2026-01-02 07:25:02'),(1712,525,10,0,1,'2026-01-02 08:10:49','2026-01-02 08:10:49','2026-01-02 08:10:49'),(1713,637,4,0,1,'2026-01-02 12:42:24','2026-01-02 12:42:24','2026-01-02 12:42:24'),(1714,633,7,0,1,'2026-01-02 13:20:16','2026-01-02 13:20:16','2026-01-02 13:20:16'),(1715,633,8,0,1,'2026-01-02 13:54:35','2026-01-02 13:54:35','2026-01-02 13:54:35'),(1716,633,9,0,1,'2026-01-03 05:06:48','2026-01-03 05:06:48','2026-01-03 05:06:48'),(1717,544,28,0,1,'2026-01-02 16:44:25','2026-01-02 16:44:25','2026-01-02 16:44:25'),(1718,531,15,0,1,'2026-01-02 18:06:13','2026-01-02 18:06:13','2026-01-02 18:06:13'),(1719,633,10,0,1,'2026-01-06 18:40:02','2026-01-06 18:40:02','2026-01-06 18:40:02'),(1720,633,11,0,1,'2026-01-04 14:00:48','2026-01-04 14:00:48','2026-01-04 14:00:48'),(1721,633,12,0,1,'2026-01-03 05:42:33','2026-01-03 05:42:33','2026-01-03 05:42:33'),(1722,636,3,0,1,'2026-01-03 06:42:56','2026-01-03 06:42:56','2026-01-03 06:42:56'),(1723,636,4,0,1,'2026-01-03 07:12:44','2026-01-03 07:12:44','2026-01-03 07:12:44'),(1724,637,9,0,1,'2026-01-03 08:06:55','2026-01-03 08:06:55','2026-01-03 08:06:55'),(1725,634,23,0,1,'2026-01-03 11:02:25','2026-01-03 11:02:25','2026-01-03 11:02:25'),(1726,634,24,0,1,'2026-01-03 11:23:49','2026-01-03 11:23:49','2026-01-03 11:23:49'),(1727,635,10,0,1,'2026-01-03 12:00:24','2026-01-03 12:00:24','2026-01-03 12:00:24'),(1728,634,15,0,1,'2026-01-03 13:40:57','2026-01-03 13:40:57','2026-01-03 13:40:57'),(1729,637,5,0,1,'2026-01-03 13:47:42','2026-01-03 13:47:42','2026-01-03 13:47:42'),(1730,621,9,0,1,'2026-01-03 13:54:35','2026-01-03 13:54:35','2026-01-03 13:54:35'),(1731,634,16,0,1,'2026-01-08 16:01:27','2026-01-08 16:01:27','2026-01-08 16:01:27'),(1732,634,20,0,1,'2026-01-03 15:02:03','2026-01-03 15:02:03','2026-01-03 15:02:03'),(1733,525,6,0,1,'2026-01-03 17:05:57','2026-01-03 17:05:57','2026-01-03 17:05:57'),(1734,629,30,0,1,'2026-01-03 19:21:39','2026-01-03 19:21:39','2026-01-03 19:21:39'),(1735,629,11,0,1,'2026-01-03 19:41:18','2026-01-03 19:41:18','2026-01-03 19:41:18'),(1736,519,20,0,1,'2026-01-03 22:24:10','2026-01-03 22:24:10','2026-01-03 22:24:10'),(1737,634,3,0,1,'2026-01-03 23:16:27','2026-01-03 23:16:27','2026-01-03 23:16:27'),(1738,602,4,0,1,'2026-01-04 08:44:07','2026-01-04 08:44:07','2026-01-04 08:44:07'),(1739,525,15,0,1,'2026-01-04 09:20:37','2026-01-04 09:20:37','2026-01-04 09:20:37'),(1740,602,5,0,1,'2026-01-04 09:48:02','2026-01-04 09:48:02','2026-01-04 09:48:02'),(1741,525,9,0,1,'2026-01-04 10:26:44','2026-01-04 10:26:44','2026-01-04 10:26:44'),(1742,525,13,0,1,'2026-01-04 10:26:22','2026-01-04 10:26:22','2026-01-04 10:26:22'),(1743,602,6,0,1,'2026-01-04 10:26:53','2026-01-04 10:26:53','2026-01-04 10:26:53'),(1744,638,1,0,1,'2026-01-04 12:28:35','2026-01-04 12:28:35','2026-01-04 12:28:35'),(1745,638,2,0,1,'2026-01-07 21:01:42','2026-01-07 21:01:42','2026-01-07 21:01:42'),(1746,629,13,0,1,'2026-01-18 22:37:13','2026-01-18 22:37:13','2026-01-18 22:37:13'),(1747,633,13,0,1,'2026-01-20 13:31:29','2026-01-20 13:31:29','2026-01-20 13:31:29'),(1748,633,14,0,1,'2026-01-04 16:53:54','2026-01-04 16:53:54','2026-01-04 16:53:54'),(1749,633,15,0,1,'2026-01-20 13:53:32','2026-01-20 13:53:32','2026-01-20 13:53:32'),(1750,633,16,0,1,'2026-01-20 14:28:41','2026-01-20 14:28:41','2026-01-20 14:28:41'),(1751,633,17,0,1,'2026-01-20 14:45:07','2026-01-20 14:45:07','2026-01-20 14:45:07'),(1752,633,18,0,1,'2026-01-19 17:01:37','2026-01-19 17:01:37','2026-01-19 17:01:37'),(1753,633,19,0,1,'2026-01-04 20:14:08','2026-01-04 20:14:08','2026-01-04 20:14:08'),(1754,633,20,0,1,'2026-01-20 15:52:14','2026-01-20 15:52:14','2026-01-20 15:52:14'),(1755,633,22,0,1,'2026-01-04 20:22:30','2026-01-04 20:22:30','2026-01-04 20:22:30'),(1756,485,32,0,1,'2026-01-28 14:06:48','2026-01-28 14:06:48','2026-01-28 14:06:48'),(1757,633,30,0,1,'2026-01-05 12:36:56','2026-01-05 12:36:56','2026-01-05 12:36:56'),(1758,633,25,0,1,'2026-01-05 12:43:43','2026-01-05 12:43:43','2026-01-05 12:43:43'),(1759,619,16,0,1,'2026-01-07 18:57:39','2026-01-07 18:57:39','2026-01-07 18:57:39'),(1760,621,13,0,1,'2026-01-20 20:53:29','2026-01-20 20:53:29','2026-01-20 20:53:29'),(1761,525,16,0,1,'2026-01-05 18:41:02','2026-01-05 18:41:02','2026-01-05 18:41:02'),(1762,604,11,0,1,'2026-01-06 07:33:44','2026-01-06 07:33:44','2026-01-06 07:33:44'),(1763,604,12,0,1,'2026-01-06 07:33:49','2026-01-06 07:33:49','2026-01-06 07:33:49'),(1764,604,14,0,1,'2026-01-06 07:37:27','2026-01-06 07:37:27','2026-01-06 07:37:27'),(1765,604,17,0,1,'2026-01-06 07:37:56','2026-01-06 07:37:56','2026-01-06 07:37:56'),(1766,604,18,0,1,'2026-01-06 07:38:04','2026-01-06 07:38:04','2026-01-06 07:38:04'),(1767,604,19,0,1,'2026-01-06 07:38:27','2026-01-06 07:38:27','2026-01-06 07:38:27'),(1768,604,20,0,1,'2026-01-06 07:39:26','2026-01-06 07:39:26','2026-01-06 07:39:26'),(1769,604,21,0,1,'2026-01-11 17:56:12','2026-01-11 17:56:12','2026-01-11 17:56:12'),(1770,604,22,0,1,'2026-01-06 07:42:29','2026-01-06 07:42:29','2026-01-06 07:42:29'),(1771,604,23,0,1,'2026-01-06 07:43:48','2026-01-06 07:43:48','2026-01-06 07:43:48'),(1772,604,26,0,1,'2026-01-06 07:43:59','2026-01-06 07:43:59','2026-01-06 07:43:59'),(1773,604,27,0,1,'2026-01-06 07:44:08','2026-01-06 07:44:08','2026-01-06 07:44:08'),(1774,604,29,0,1,'2026-01-06 07:44:16','2026-01-06 07:44:16','2026-01-06 07:44:16'),(1775,604,30,0,1,'2026-01-06 07:44:23','2026-01-06 07:44:23','2026-01-06 07:44:23'),(1776,604,32,0,1,'2026-01-06 07:47:33','2026-01-06 07:47:33','2026-01-06 07:47:33'),(1777,474,15,0,1,'2026-01-06 10:19:37','2026-01-06 10:19:37','2026-01-06 10:19:37'),(1778,474,20,0,1,'2026-01-06 10:40:10','2026-01-06 10:40:10','2026-01-06 10:40:10'),(1779,525,18,0,1,'2026-01-06 12:21:13','2026-01-06 12:21:13','2026-01-06 12:21:13'),(1780,525,19,0,1,'2026-01-06 12:44:43','2026-01-06 12:44:43','2026-01-06 12:44:43'),(1781,525,20,0,1,'2026-01-06 18:57:47','2026-01-06 18:57:47','2026-01-06 18:57:47'),(1782,640,1,0,1,'2026-01-07 17:53:51','2026-01-07 17:53:51','2026-01-07 17:53:51'),(1783,640,2,0,1,'2026-01-07 17:48:37','2026-01-07 17:48:37','2026-01-07 17:48:37'),(1784,640,3,0,1,'2026-01-07 17:53:58','2026-01-07 17:53:58','2026-01-07 17:53:58'),(1785,525,21,0,1,'2026-01-07 18:40:00','2026-01-07 18:40:00','2026-01-07 18:40:00'),(1786,640,4,0,1,'2026-01-07 19:09:27','2026-01-07 19:09:27','2026-01-07 19:09:27'),(1787,602,9,0,1,'2026-01-07 19:30:00','2026-01-07 19:30:00','2026-01-07 19:30:00'),(1788,640,5,0,1,'2026-01-07 19:50:53','2026-01-07 19:50:53','2026-01-07 19:50:53'),(1789,531,20,0,1,'2026-01-07 22:42:29','2026-01-07 22:42:29','2026-01-07 22:42:29'),(1790,531,21,0,1,'2026-01-07 22:44:27','2026-01-07 22:44:27','2026-01-07 22:44:27'),(1791,630,26,0,1,'2026-01-08 10:21:16','2026-01-08 10:21:16','2026-01-08 10:21:16'),(1792,630,22,0,1,'2026-01-08 10:24:48','2026-01-08 10:24:48','2026-01-08 10:24:48'),(1793,637,8,0,1,'2026-01-08 11:10:19','2026-01-08 11:10:19','2026-01-08 11:10:19'),(1794,640,6,0,1,'2026-01-08 11:40:49','2026-01-08 11:40:49','2026-01-08 11:40:49'),(1795,525,26,0,1,'2026-01-08 12:44:42','2026-01-08 12:44:42','2026-01-08 12:44:42'),(1796,623,26,0,1,'2026-01-08 13:59:47','2026-01-08 13:59:47','2026-01-08 13:59:47'),(1797,626,13,0,1,'2026-01-08 14:06:56','2026-01-08 14:06:56','2026-01-08 14:06:56'),(1798,626,21,0,1,'2026-01-08 15:09:53','2026-01-08 15:09:53','2026-01-08 15:09:53'),(1799,638,3,0,1,'2026-01-08 15:45:17','2026-01-08 15:45:17','2026-01-08 15:45:17'),(1800,633,24,0,1,'2026-01-15 10:20:42','2026-01-15 10:20:42','2026-01-15 10:20:42'),(1801,641,2,0,1,'2026-01-08 18:07:25','2026-01-08 18:07:25','2026-01-08 18:07:25'),(1802,641,1,0,1,'2026-01-08 18:07:22','2026-01-08 18:07:22','2026-01-08 18:07:22'),(1803,610,9,0,1,'2026-01-09 00:10:12','2026-01-09 00:10:12','2026-01-09 00:10:12'),(1804,641,6,0,1,'2026-01-09 06:01:15','2026-01-09 06:01:15','2026-01-09 06:01:15'),(1805,630,18,0,1,'2026-01-09 10:41:09','2026-01-09 10:41:09','2026-01-09 10:41:09'),(1806,642,1,0,1,'2026-01-09 10:45:30','2026-01-09 10:45:30','2026-01-09 10:45:30'),(1807,642,2,0,1,'2026-01-09 10:55:38','2026-01-09 10:55:38','2026-01-09 10:55:38'),(1808,637,10,0,1,'2026-01-09 12:19:59','2026-01-09 12:19:59','2026-01-09 12:19:59'),(1809,637,11,0,1,'2026-01-09 12:25:47','2026-01-09 12:25:47','2026-01-09 12:25:47'),(1810,637,12,0,1,'2026-01-09 12:28:35','2026-01-09 12:28:35','2026-01-09 12:28:35'),(1811,610,11,0,1,'2026-01-10 11:16:08','2026-01-10 11:16:08','2026-01-10 11:16:08'),(1812,642,9,0,1,'2026-01-09 13:40:36','2026-01-09 13:40:36','2026-01-09 13:40:36'),(1813,642,10,0,1,'2026-01-09 14:13:09','2026-01-09 14:13:09','2026-01-09 14:13:09'),(1814,476,11,0,1,'2026-01-09 15:15:53','2026-01-09 15:15:53','2026-01-09 15:15:53'),(1815,537,9,0,1,'2026-01-09 19:33:04','2026-01-09 19:33:04','2026-01-09 19:33:04'),(1816,642,23,0,1,'2026-01-10 10:01:49','2026-01-10 10:01:49','2026-01-10 10:01:49'),(1817,638,10,0,1,'2026-01-25 08:49:54','2026-01-25 08:49:54','2026-01-25 08:49:54'),(1818,640,9,0,1,'2026-01-10 13:16:43','2026-01-10 13:16:43','2026-01-10 13:16:43'),(1819,634,13,0,1,'2026-01-10 13:55:21','2026-01-10 13:55:21','2026-01-10 13:55:21'),(1820,634,18,0,1,'2026-01-31 16:06:56','2026-01-31 16:06:56','2026-01-31 16:06:56'),(1821,643,1,0,1,'2026-01-10 15:30:09','2026-01-10 15:30:09','2026-01-10 15:30:09'),(1822,643,2,0,1,'2026-01-10 15:37:57','2026-01-10 15:37:57','2026-01-10 15:37:57'),(1823,638,17,0,1,'2026-01-10 16:46:03','2026-01-10 16:46:03','2026-01-10 16:46:03'),(1824,456,10,0,1,'2026-01-12 13:35:20','2026-01-12 13:35:20','2026-01-12 13:35:20'),(1825,610,26,0,1,'2026-01-12 22:43:06','2026-01-12 22:43:06','2026-01-12 22:43:06'),(1826,610,32,0,1,'2026-01-12 22:44:24','2026-01-12 22:44:24','2026-01-12 22:44:24'),(1827,643,3,0,1,'2026-01-13 15:17:51','2026-01-13 15:17:51','2026-01-13 15:17:51'),(1828,534,1,0,1,'2026-01-13 18:40:57','2026-01-13 18:40:57','2026-01-13 18:40:57'),(1829,616,18,0,1,'2026-01-14 09:13:16','2026-01-14 09:13:16','2026-01-14 09:13:16'),(1830,616,19,0,1,'2026-01-14 09:24:34','2026-01-14 09:24:34','2026-01-14 09:24:34'),(1831,644,1,0,1,'2026-01-14 14:58:38','2026-01-14 14:58:38','2026-01-14 14:58:38'),(1832,644,2,0,1,'2026-01-14 15:28:45','2026-01-14 15:28:45','2026-01-14 15:28:45'),(1833,644,3,0,1,'2026-01-14 15:29:18','2026-01-14 15:29:18','2026-01-14 15:29:18'),(1834,534,9,0,1,'2026-01-14 18:42:18','2026-01-14 18:42:18','2026-01-14 18:42:18'),(1835,455,13,0,1,'2026-01-27 19:42:56','2026-01-27 19:42:56','2026-01-27 19:42:56'),(1836,646,1,0,1,'2026-01-15 09:35:39','2026-01-15 09:35:39','2026-01-15 09:35:39'),(1837,646,2,0,1,'2026-01-15 09:43:08','2026-01-15 09:43:08','2026-01-15 09:43:08'),(1838,646,3,0,1,'2026-01-15 09:43:17','2026-01-15 09:43:17','2026-01-15 09:43:17'),(1839,645,1,0,1,'2026-01-15 10:40:17','2026-01-15 10:40:17','2026-01-15 10:40:17'),(1840,645,2,0,1,'2026-01-15 10:40:27','2026-01-15 10:40:27','2026-01-15 10:40:27'),(1841,646,4,0,1,'2026-01-15 10:44:02','2026-01-15 10:44:02','2026-01-15 10:44:02'),(1842,646,5,0,1,'2026-01-15 10:51:51','2026-01-15 10:51:51','2026-01-15 10:51:51'),(1843,646,6,0,1,'2026-01-15 11:40:43','2026-01-15 11:40:43','2026-01-15 11:40:43'),(1844,646,7,0,1,'2026-01-15 11:42:34','2026-01-15 11:42:34','2026-01-15 11:42:34'),(1845,646,11,0,1,'2026-01-15 14:26:04','2026-01-15 14:26:04','2026-01-15 14:26:04'),(1846,646,12,0,1,'2026-01-15 14:43:42','2026-01-15 14:43:42','2026-01-15 14:43:42'),(1847,629,12,0,1,'2026-01-15 19:33:55','2026-01-15 19:33:55','2026-01-15 19:33:55'),(1848,644,4,0,1,'2026-01-15 20:56:16','2026-01-15 20:56:16','2026-01-15 20:56:16'),(1849,623,4,0,1,'2026-01-16 00:03:47','2026-01-16 00:03:47','2026-01-16 00:03:47'),(1850,647,29,0,1,'2026-01-16 11:07:54','2026-01-16 11:07:54','2026-01-16 11:07:54'),(1851,647,6,0,1,'2026-01-16 13:24:09','2026-01-16 13:24:09','2026-01-16 13:24:09'),(1852,648,1,0,1,'2026-01-17 21:45:20','2026-01-17 21:45:20','2026-01-17 21:45:20'),(1853,648,2,0,1,'2026-01-17 21:50:25','2026-01-17 21:50:25','2026-01-17 21:50:25'),(1854,648,3,0,1,'2026-01-17 22:00:11','2026-01-17 22:00:11','2026-01-17 22:00:11'),(1855,648,4,0,1,'2026-01-17 22:00:56','2026-01-17 22:00:56','2026-01-17 22:00:56'),(1856,648,5,0,1,'2026-01-17 22:01:02','2026-01-17 22:01:02','2026-01-17 22:01:02'),(1857,648,6,0,1,'2026-01-18 11:27:41','2026-01-18 11:27:41','2026-01-18 11:27:41'),(1858,648,7,0,1,'2026-01-18 11:30:57','2026-01-18 11:30:57','2026-01-18 11:30:57'),(1859,648,8,0,1,'2026-01-18 11:32:28','2026-01-18 11:32:28','2026-01-18 11:32:28'),(1860,634,28,0,1,'2026-01-18 12:19:40','2026-01-18 12:19:40','2026-01-18 12:19:40'),(1861,599,17,0,1,'2026-01-18 12:28:48','2026-01-18 12:28:48','2026-01-18 12:28:48'),(1862,617,31,0,1,'2026-01-18 15:05:30','2026-01-18 15:05:30','2026-01-18 15:05:30'),(1863,617,23,0,1,'2026-01-18 15:45:54','2026-01-18 15:45:54','2026-01-18 15:45:54'),(1864,562,10,0,1,'2026-01-18 18:00:55','2026-01-18 18:00:55','2026-01-18 18:00:55'),(1865,562,11,0,1,'2026-01-18 18:09:51','2026-01-18 18:09:51','2026-01-18 18:09:51'),(1866,648,9,0,1,'2026-01-18 19:41:41','2026-01-18 19:41:41','2026-01-18 19:41:41'),(1867,619,6,0,1,'2026-01-31 06:25:26','2026-01-31 06:25:26','2026-01-31 06:25:26'),(1868,648,10,0,1,'2026-01-19 08:09:51','2026-01-19 08:09:51','2026-01-19 08:09:51'),(1869,633,21,0,1,'2026-01-20 16:32:02','2026-01-20 16:32:02','2026-01-20 16:32:02'),(1870,645,3,0,1,'2026-01-19 11:51:02','2026-01-19 11:51:02','2026-01-19 11:51:02'),(1871,645,4,0,1,'2026-01-19 11:52:12','2026-01-19 11:52:12','2026-01-19 11:52:12'),(1872,588,4,0,1,'2026-01-19 11:52:16','2026-01-19 11:52:16','2026-01-19 11:52:16'),(1873,645,5,0,1,'2026-01-22 12:16:18','2026-01-22 12:16:18','2026-01-22 12:16:18'),(1874,633,23,0,1,'2026-01-20 18:57:17','2026-01-20 18:57:17','2026-01-20 18:57:17'),(1875,645,6,0,1,'2026-01-19 13:02:44','2026-01-19 13:02:44','2026-01-19 13:02:44'),(1876,645,7,0,1,'2026-01-19 13:13:36','2026-01-19 13:13:36','2026-01-19 13:13:36'),(1877,645,8,0,1,'2026-01-19 13:14:45','2026-01-19 13:14:45','2026-01-19 13:14:45'),(1878,645,10,0,1,'2026-01-19 13:16:26','2026-01-19 13:16:26','2026-01-19 13:16:26'),(1879,645,9,0,1,'2026-01-23 07:56:33','2026-01-23 07:56:33','2026-01-23 07:56:33'),(1880,645,28,0,1,'2026-01-19 13:39:36','2026-01-19 13:39:36','2026-01-19 13:39:36'),(1881,648,11,0,1,'2026-01-19 17:31:10','2026-01-19 17:31:10','2026-01-19 17:31:10'),(1882,648,12,0,1,'2026-01-19 17:32:31','2026-01-19 17:32:31','2026-01-19 17:32:31'),(1883,479,25,0,1,'2026-01-20 10:21:47','2026-01-20 10:21:47','2026-01-20 10:21:47'),(1884,479,23,0,1,'2026-01-20 08:48:02','2026-01-20 08:48:02','2026-01-20 08:48:02'),(1885,648,13,0,1,'2026-01-20 06:59:38','2026-01-20 06:59:38','2026-01-20 06:59:38'),(1886,479,24,0,1,'2026-01-20 10:21:43','2026-01-20 10:21:43','2026-01-20 10:21:43'),(1887,648,14,0,1,'2026-01-20 15:44:30','2026-01-20 15:44:30','2026-01-20 15:44:30'),(1888,648,15,0,1,'2026-01-20 17:40:58','2026-01-20 17:40:58','2026-01-20 17:40:58'),(1889,633,31,0,1,'2026-01-20 20:30:32','2026-01-20 20:30:32','2026-01-20 20:30:32'),(1890,619,26,0,1,'2026-01-20 21:26:29','2026-01-20 21:26:29','2026-01-20 21:26:29'),(1891,621,31,0,1,'2026-01-21 20:57:11','2026-01-21 20:57:11','2026-01-21 20:57:11'),(1892,506,32,0,1,'2026-01-21 14:03:52','2026-01-21 14:03:52','2026-01-21 14:03:52'),(1893,647,18,0,1,'2026-01-20 22:19:21','2026-01-20 22:19:21','2026-01-20 22:19:21'),(1894,647,26,0,1,'2026-01-20 22:20:12','2026-01-20 22:20:12','2026-01-20 22:20:12'),(1895,637,13,0,1,'2026-01-25 09:00:13','2026-01-25 09:00:13','2026-01-25 09:00:13'),(1896,519,21,0,1,'2026-01-21 07:59:59','2026-01-21 07:59:59','2026-01-21 07:59:59'),(1897,630,32,0,1,'2026-01-21 12:01:30','2026-01-21 12:01:30','2026-01-21 12:01:30'),(1898,648,16,0,1,'2026-01-21 14:31:59','2026-01-21 14:31:59','2026-01-21 14:31:59'),(1899,637,14,0,1,'2026-01-21 14:47:11','2026-01-21 14:47:11','2026-01-21 14:47:11'),(1900,621,21,0,1,'2026-01-21 21:05:47','2026-01-21 21:05:47','2026-01-21 21:05:47'),(1901,484,4,0,1,'2026-01-22 03:31:12','2026-01-22 03:31:12','2026-01-22 03:31:12'),(1902,648,17,0,1,'2026-01-22 06:42:12','2026-01-22 06:42:12','2026-01-22 06:42:12'),(1903,645,13,0,1,'2026-01-22 12:04:48','2026-01-22 12:04:48','2026-01-22 12:04:48'),(1904,645,15,0,1,'2026-01-22 12:04:52','2026-01-22 12:04:52','2026-01-22 12:04:52'),(1905,645,16,0,1,'2026-01-22 12:04:55','2026-01-22 12:04:55','2026-01-22 12:04:55'),(1906,645,17,0,1,'2026-01-22 12:04:59','2026-01-22 12:04:59','2026-01-22 12:04:59'),(1907,621,20,0,1,'2026-01-22 13:44:13','2026-01-22 13:44:13','2026-01-22 13:44:13'),(1908,648,18,0,1,'2026-01-22 16:45:41','2026-01-22 16:45:41','2026-01-22 16:45:41'),(1909,648,19,0,1,'2026-01-22 16:45:48','2026-01-22 16:45:48','2026-01-22 16:45:48'),(1910,648,20,0,1,'2026-01-22 18:21:38','2026-01-22 18:21:38','2026-01-22 18:21:38'),(1911,649,1,0,1,'2026-01-22 19:24:48','2026-01-22 19:24:48','2026-01-22 19:24:48'),(1912,649,2,0,1,'2026-01-22 19:25:13','2026-01-22 19:25:13','2026-01-22 19:25:13'),(1913,608,10,0,1,'2026-01-23 07:26:44','2026-01-23 07:26:44','2026-01-23 07:26:44'),(1914,608,25,0,1,'2026-01-23 07:28:00','2026-01-23 07:28:00','2026-01-23 07:28:00'),(1915,623,31,0,1,'2026-01-24 13:31:19','2026-01-24 13:31:19','2026-01-24 13:31:19'),(1916,585,16,0,1,'2026-01-23 21:35:45','2026-01-23 21:35:45','2026-01-23 21:35:45'),(1917,647,25,0,1,'2026-01-29 05:29:13','2026-01-29 05:29:13','2026-01-29 05:29:13'),(1918,648,21,0,1,'2026-01-24 06:57:01','2026-01-24 06:57:01','2026-01-24 06:57:01'),(1919,648,22,0,1,'2026-01-24 06:58:55','2026-01-24 06:58:55','2026-01-24 06:58:55'),(1920,588,5,0,1,'2026-01-24 07:34:02','2026-01-24 07:34:02','2026-01-24 07:34:02'),(1921,648,23,0,1,'2026-01-24 12:53:49','2026-01-24 12:53:49','2026-01-24 12:53:49'),(1922,651,3,0,1,'2026-01-24 14:18:26','2026-01-24 14:18:26','2026-01-24 14:18:26'),(1923,649,18,0,1,'2026-01-24 15:52:59','2026-01-24 15:52:59','2026-01-24 15:52:59'),(1924,650,1,0,1,'2026-01-25 10:39:59','2026-01-25 10:39:59','2026-01-25 10:39:59'),(1925,650,2,0,1,'2026-01-25 10:47:44','2026-01-25 10:47:44','2026-01-25 10:47:44'),(1926,650,3,0,1,'2026-01-25 10:47:52','2026-01-25 10:47:52','2026-01-25 10:47:52'),(1927,485,23,0,1,'2026-01-25 14:01:28','2026-01-25 14:01:28','2026-01-25 14:01:28'),(1928,588,6,0,1,'2026-01-25 17:27:27','2026-01-25 17:27:27','2026-01-25 17:27:27'),(1929,588,7,0,1,'2026-01-25 18:20:47','2026-01-25 18:20:47','2026-01-25 18:20:47'),(1930,652,1,0,1,'2026-01-25 20:52:51','2026-01-25 20:52:51','2026-01-25 20:52:51'),(1931,652,2,0,1,'2026-01-25 21:00:42','2026-01-25 21:00:42','2026-01-25 21:00:42'),(1932,455,31,0,1,'2026-01-25 23:40:37','2026-01-25 23:40:37','2026-01-25 23:40:37'),(1933,485,31,0,1,'2026-01-28 14:06:30','2026-01-28 14:06:30','2026-01-28 14:06:30'),(1934,648,24,0,1,'2026-01-27 06:50:04','2026-01-27 06:50:04','2026-01-27 06:50:04'),(1935,648,27,0,1,'2026-01-27 07:04:02','2026-01-27 07:04:02','2026-01-27 07:04:02'),(1936,653,1,0,1,'2026-01-27 13:36:07','2026-01-27 13:36:07','2026-01-27 13:36:07'),(1937,653,2,0,1,'2026-01-27 13:50:38','2026-01-27 13:50:38','2026-01-27 13:50:38'),(1938,653,3,0,1,'2026-01-27 13:53:25','2026-01-27 13:53:25','2026-01-27 13:53:25'),(1939,653,4,0,1,'2026-01-27 16:04:31','2026-01-27 16:04:31','2026-01-27 16:04:31'),(1940,500,8,0,1,'2026-01-28 22:21:44','2026-01-28 22:21:44','2026-01-28 22:21:44'),(1941,654,1,0,1,'2026-01-28 09:35:58','2026-01-28 09:35:58','2026-01-28 09:35:58'),(1942,654,2,0,1,'2026-01-28 09:44:19','2026-01-28 09:44:19','2026-01-28 09:44:19'),(1943,485,25,0,1,'2026-01-28 14:11:36','2026-01-28 14:11:36','2026-01-28 14:11:36'),(1944,485,26,0,1,'2026-01-28 14:11:39','2026-01-28 14:11:39','2026-01-28 14:11:39'),(1945,485,27,0,1,'2026-01-28 14:11:43','2026-01-28 14:11:43','2026-01-28 14:11:43'),(1946,485,28,0,1,'2026-01-28 14:11:46','2026-01-28 14:11:46','2026-01-28 14:11:46'),(1947,485,29,0,1,'2026-01-28 14:11:50','2026-01-28 14:11:50','2026-01-28 14:11:50'),(1948,485,30,0,1,'2026-01-28 14:11:53','2026-01-28 14:11:53','2026-01-28 14:11:53'),(1949,485,24,0,1,'2026-01-28 14:11:27','2026-01-28 14:11:27','2026-01-28 14:11:27'),(1950,653,5,0,1,'2026-01-28 14:12:05','2026-01-28 14:12:05','2026-01-28 14:12:05'),(1951,654,9,0,1,'2026-01-29 05:36:36','2026-01-29 05:36:36','2026-01-29 05:36:36'),(1952,612,7,0,1,'2026-01-28 16:12:46','2026-01-28 16:12:46','2026-01-28 16:12:46'),(1953,656,1,0,1,'2026-01-28 16:36:47','2026-01-28 16:36:47','2026-01-28 16:36:47'),(1954,656,2,0,1,'2026-01-28 16:54:14','2026-01-28 16:54:14','2026-01-28 16:54:14'),(1955,656,3,0,1,'2026-01-28 17:22:05','2026-01-28 17:22:05','2026-01-28 17:22:05'),(1956,647,13,0,1,'2026-01-28 20:10:54','2026-01-28 20:10:54','2026-01-28 20:10:54'),(1957,656,4,0,1,'2026-01-28 20:37:14','2026-01-28 20:37:14','2026-01-28 20:37:14'),(1958,647,24,0,1,'2026-01-28 21:09:28','2026-01-28 21:09:28','2026-01-28 21:09:28'),(1959,656,32,0,1,'2026-01-28 21:21:50','2026-01-28 21:21:50','2026-01-28 21:21:50'),(1960,659,1,0,1,'2026-01-28 23:23:58','2026-01-28 23:23:58','2026-01-28 23:23:58'),(1961,659,2,0,1,'2026-01-28 23:29:11','2026-01-28 23:29:11','2026-01-28 23:29:11'),(1962,659,8,0,1,'2026-01-29 00:02:08','2026-01-29 00:02:08','2026-01-29 00:02:08'),(1963,659,9,0,1,'2026-01-29 00:12:45','2026-01-29 00:12:45','2026-01-29 00:12:45'),(1964,647,16,0,1,'2026-01-29 05:26:58','2026-01-29 05:26:58','2026-01-29 05:26:58'),(1965,637,6,0,1,'2026-01-29 07:20:09','2026-01-29 07:20:09','2026-01-29 07:20:09'),(1966,637,7,0,1,'2026-01-29 07:20:13','2026-01-29 07:20:13','2026-01-29 07:20:13'),(1967,637,20,0,1,'2026-01-29 07:27:26','2026-01-29 07:27:26','2026-01-29 07:27:26'),(1968,637,15,0,1,'2026-01-29 07:32:56','2026-01-29 07:32:56','2026-01-29 07:32:56'),(1969,637,16,0,1,'2026-01-29 07:33:07','2026-01-29 07:33:07','2026-01-29 07:33:07'),(1970,637,17,0,1,'2026-01-29 07:34:47','2026-01-29 07:34:47','2026-01-29 07:34:47'),(1971,637,18,0,1,'2026-01-29 07:35:01','2026-01-29 07:35:01','2026-01-29 07:35:01'),(1972,637,19,0,1,'2026-01-29 07:35:21','2026-01-29 07:35:21','2026-01-29 07:35:21'),(1973,637,21,0,1,'2026-01-29 07:35:39','2026-01-29 07:35:39','2026-01-29 07:35:39'),(1974,637,22,0,1,'2026-01-29 07:35:55','2026-01-29 07:35:55','2026-01-29 07:35:55'),(1975,637,23,0,1,'2026-01-29 07:36:01','2026-01-29 07:36:01','2026-01-29 07:36:01'),(1976,637,24,0,1,'2026-01-29 07:37:24','2026-01-29 07:37:24','2026-01-29 07:37:24'),(1977,637,25,0,1,'2026-01-29 07:39:38','2026-01-29 07:39:38','2026-01-29 07:39:38'),(1978,637,26,0,1,'2026-01-29 07:40:10','2026-01-29 07:40:10','2026-01-29 07:40:10'),(1979,637,27,0,1,'2026-01-29 07:40:56','2026-01-29 07:40:56','2026-01-29 07:40:56'),(1980,637,28,0,1,'2026-01-29 07:41:18','2026-01-29 07:41:18','2026-01-29 07:41:18'),(1981,637,29,0,1,'2026-01-29 07:41:38','2026-01-29 07:41:38','2026-01-29 07:41:38'),(1982,637,30,0,1,'2026-01-29 07:42:00','2026-01-29 07:42:00','2026-01-29 07:42:00'),(1983,637,31,0,1,'2026-01-29 07:42:55','2026-01-29 07:42:55','2026-01-29 07:42:55'),(1984,637,32,0,1,'2026-01-29 07:43:47','2026-01-29 07:43:47','2026-01-29 07:43:47'),(1985,660,1,0,1,'2026-01-29 11:31:47','2026-01-29 11:31:47','2026-01-29 11:31:47'),(1986,660,2,0,1,'2026-01-29 11:36:26','2026-01-29 11:36:26','2026-01-29 11:36:26'),(1987,660,3,0,1,'2026-01-29 11:38:08','2026-01-29 11:38:08','2026-01-29 11:38:08'),(1988,661,1,0,1,'2026-01-29 16:18:43','2026-01-29 16:18:43','2026-01-29 16:18:43'),(1989,662,1,0,1,'2026-01-30 01:07:55','2026-01-30 01:07:55','2026-01-30 01:07:55'),(1990,661,2,0,1,'2026-01-29 16:23:37','2026-01-29 16:23:37','2026-01-29 16:23:37'),(1991,661,3,0,1,'2026-01-29 16:23:44','2026-01-29 16:23:44','2026-01-29 16:23:44'),(1992,648,25,0,1,'2026-01-29 18:29:51','2026-01-29 18:29:51','2026-01-29 18:29:51'),(1993,648,26,0,1,'2026-01-29 18:29:54','2026-01-29 18:29:54','2026-01-29 18:29:54'),(1994,652,3,0,1,'2026-01-29 18:40:47','2026-01-29 18:40:47','2026-01-29 18:40:47'),(1995,658,1,0,1,'2026-01-29 20:10:14','2026-01-29 20:10:14','2026-01-29 20:10:14'),(1996,658,2,0,1,'2026-01-29 20:18:08','2026-01-29 20:18:08','2026-01-29 20:18:08'),(1997,652,4,0,1,'2026-01-29 20:26:57','2026-01-29 20:26:57','2026-01-29 20:26:57'),(1998,663,1,0,1,'2026-01-29 23:09:40','2026-01-29 23:09:40','2026-01-29 23:09:40'),(1999,663,2,0,1,'2026-01-29 23:17:32','2026-01-29 23:17:32','2026-01-29 23:17:32'),(2000,662,2,0,1,'2026-01-30 01:12:33','2026-01-30 01:12:33','2026-01-30 01:12:33'),(2001,663,4,0,1,'2026-01-30 01:38:43','2026-01-30 01:38:43','2026-01-30 01:38:43'),(2002,588,8,0,1,'2026-01-30 06:13:17','2026-01-30 06:13:17','2026-01-30 06:13:17'),(2003,661,4,0,1,'2026-01-30 14:04:19','2026-01-30 14:04:19','2026-01-30 14:04:19'),(2004,664,1,0,1,'2026-01-30 15:34:33','2026-01-30 15:34:33','2026-01-30 15:34:33'),(2005,652,5,0,1,'2026-01-30 16:15:18','2026-01-30 16:15:18','2026-01-30 16:15:18'),(2006,652,6,0,1,'2026-01-30 17:02:15','2026-01-30 17:02:15','2026-01-30 17:02:15'),(2007,661,5,0,1,'2026-01-30 18:02:36','2026-01-30 18:02:36','2026-01-30 18:02:36'),(2008,661,6,0,1,'2026-01-30 19:20:06','2026-01-30 19:20:06','2026-01-30 19:20:06'),(2009,661,7,0,1,'2026-01-30 19:25:06','2026-01-30 19:25:06','2026-01-30 19:25:06'),(2010,664,2,0,1,'2026-01-30 21:14:47','2026-01-30 21:14:47','2026-01-30 21:14:47'),(2011,652,7,0,1,'2026-01-30 23:48:31','2026-01-30 23:48:31','2026-01-30 23:48:31'),(2012,652,8,0,1,'2026-01-31 00:05:40','2026-01-31 00:05:40','2026-01-31 00:05:40'),(2013,662,4,0,1,'2026-01-31 03:28:17','2026-01-31 03:28:17','2026-01-31 03:28:17'),(2014,662,5,0,1,'2026-01-31 09:14:06','2026-01-31 09:14:06','2026-01-31 09:14:06'),(2015,662,6,0,1,'2026-01-31 09:36:59','2026-01-31 09:36:59','2026-01-31 09:36:59'),(2016,633,32,0,1,'2026-01-31 12:50:33','2026-01-31 12:50:33','2026-01-31 12:50:33'),(2017,612,9,0,1,'2026-01-31 15:00:35','2026-01-31 15:00:35','2026-01-31 15:00:35');
/*!40000 ALTER TABLE `lesson_progress` ENABLE KEYS */;
UNLOCK TABLES;

--
-- Table structure for table `lessons`
--

DROP TABLE IF EXISTS `lessons`;
/*!40101 SET @saved_cs_client     = @@character_set_client */;
/*!50503 SET character_set_client = utf8mb4 */;
CREATE TABLE `lessons` (
  `id` bigint unsigned NOT NULL AUTO_INCREMENT,
  `topic_id` bigint unsigned NOT NULL,
  `title` varchar(255) COLLATE utf8mb4_unicode_ci NOT NULL,
  `description` text COLLATE utf8mb4_unicode_ci,
  `youtube_url` varchar(255) COLLATE utf8mb4_unicode_ci NOT NULL,
  `duration` int NOT NULL DEFAULT '0',
  `order` int NOT NULL DEFAULT '0',
  `is_free` tinyint(1) NOT NULL DEFAULT '0',
  `created_at` timestamp NULL DEFAULT NULL,
  `updated_at` timestamp NULL DEFAULT NULL,
  PRIMARY KEY (`id`),
  KEY `lessons_topic_id_order_index` (`topic_id`,`order`),
  CONSTRAINT `lessons_topic_id_foreign` FOREIGN KEY (`topic_id`) REFERENCES `topics` (`id`) ON DELETE CASCADE
) ENGINE=InnoDB AUTO_INCREMENT=33 DEFAULT CHARSET=utf8mb4 COLLATE=utf8mb4_unicode_ci;
/*!40101 SET character_set_client = @saved_cs_client */;

--
-- Dumping data for table `lessons`
--

LOCK TABLES `lessons` WRITE;
/*!40000 ALTER TABLE `lessons` DISABLE KEYS */;
INSERT INTO `lessons` VALUES (1,1,'Perkenalan Digitalabs','','https://youtu.be/dPp1i-2Qh8A',572,1,1,'2025-06-12 13:54:34','2026-02-03 09:05:06'),(2,1,'Perkenalan Lisensi','','https://www.youtube.com/watch?v=NyfkPB0UOx8',461,2,1,'2025-06-12 13:55:47','2026-02-03 09:05:06'),(3,1,'Bergabung Di Grup Support','<p>Silakan bergabung di Grup Support Digitalabs - <a href=\"https://t.me/+YNEVYoF-zJY2YWM1\"><strong>KLIK DISINI</strong></a></p>','',0,3,0,'2025-06-20 08:48:52','2025-06-20 08:49:05'),(4,2,'Riset Melalui Website Adobestock','','https://youtu.be/CjB4V5a4mR4',5995,4,0,'2025-06-12 14:01:10','2026-02-03 09:05:06'),(5,2,'Riset Adobestock melalui Pinterest','','https://youtu.be/Y2eO7RM8NU0',4883,5,0,'2025-06-12 14:01:51','2026-02-03 09:05:06'),(6,2,'Riset imstocker dan Tutorial Animasi','','https://youtu.be/b_szxriV5D0',2732,6,0,'2025-06-12 14:02:27','2026-02-03 09:05:06'),(7,2,'Riset Adobestock Melalui Google Keyword Planner','','https://youtu.be/GGtRIjOwOAQ',2226,7,0,'2025-06-12 14:03:10','2026-02-03 09:05:06'),(8,2,'Riset Adobestock Time and date','','https://youtu.be/DfkqYKpZqfY',1013,8,0,'2025-06-12 14:04:12','2026-02-03 09:05:06'),(9,3,'Tutorial Recording Screen Overlay','','https://youtu.be/erBTMdm1Sts',1793,9,0,'2025-06-12 14:06:20','2026-02-03 09:05:06'),(10,3,'Tutorial Arrow','','https://youtu.be/exuPvKHhSAY',328,10,0,'2025-06-12 14:06:58','2026-02-03 09:05:06'),(11,3,'Tutorial Camera Recording Overlay','','https://youtu.be/pgEyZMUoZYE',503,11,0,'2025-06-12 14:08:01','2026-02-03 09:05:06'),(12,3,'Tutorial Camera Recording Vertical','','https://youtu.be/54FWYYHrIgk',545,12,0,'2025-06-12 14:09:02','2026-02-03 09:05:06'),(13,3,'Tutorial Filmgrain Overlay','','https://youtu.be/tyEPt15zH68',431,13,0,'2025-06-12 14:09:25','2026-02-03 09:05:06'),(14,3,'Tutorial Heartbeat','','https://youtu.be/TcvJBH6Rmio',501,14,0,'2025-06-12 14:10:29','2026-02-03 09:05:06'),(15,3,'Tutorial Old Film Tape','','https://youtu.be/4cItfrblAEw',403,15,0,'2025-06-12 14:11:08','2026-02-03 09:05:06'),(16,3,'Tutorial Scratches Overlay','','https://youtu.be/sxg9-vbp-tU',282,16,0,'2025-06-12 14:11:43','2026-02-03 09:05:06'),(17,3,'Tutorial Signal Error','','https://youtu.be/OAEUsNbLejk',672,17,0,'2025-06-12 14:12:16','2026-02-03 09:05:06'),(18,3,'Tutorial Play VHS','','https://youtu.be/5H0wARln2ko',503,18,0,'2025-06-12 14:12:44','2026-02-03 09:05:06'),(19,3,'Tutorial PLease Stand BY','','https://youtu.be/sD6Ufb8nfxw',527,19,0,'2025-06-12 14:13:15','2026-02-03 09:05:06'),(20,3,'Tutorial REWIND VHS','','https://youtu.be/3HbbTvJDtb0',416,20,0,'2025-06-12 14:13:46','2026-02-03 09:05:06'),(21,3,'Tutorial Vintage super 8 mm','','https://youtu.be/OxDg-eXLHwI',445,21,0,'2025-06-12 14:14:17','2026-02-03 09:05:06'),(22,3,'Tutorial Payout Dollar dari Microstock','','https://youtu.be/Cm7dJ4EO0NA',197,22,0,'2025-06-12 14:14:48','2026-02-03 09:05:06'),(23,3,'Tutorial Text Glitch','','https://www.youtube.com/watch?v=jZLBgnlLxVQ',948,23,0,'2025-06-20 08:46:00','2026-02-03 09:05:06'),(24,3,'Tutorial Text Animasi','','https://youtu.be/2eUetFT7NNw',1176,24,0,'2025-06-20 08:46:58','2026-02-03 09:05:06'),(25,3,'Tutorial Adobe Illustrator - Desain Materi Tutorial 2 Arrow','','https://youtu.be/uDPQ4LstoP8',412,25,0,'2025-07-22 21:08:56','2026-02-03 09:05:06'),(26,3,'Tutorial Adobe Illustrator - Desain Materi Tutorial 10 Play VHS','','https://youtu.be/GQCYq6a3OoU',131,26,0,'2025-07-22 21:09:33','2026-02-03 09:05:06'),(27,3,'Tutorial Adobe Illustrator - Desain Materi Tutorial 11 Please Stand By','','https://youtu.be/mGrGv9cX_dI',315,27,0,'2025-07-22 21:10:21','2026-02-03 09:05:06'),(28,3,'Tutorial Adobe Illustrator - Desain Materi Tutorial 6 Heartbeat','','https://youtu.be/mHanQnN6SB0',121,28,0,'2025-07-22 21:10:41','2026-02-03 09:05:06'),(29,3,'Tutorial Adobe Illustrator - Desain Materi Tutorial 4 Camera Recording Vertical','','https://youtu.be/f3S31JbOQF4',975,29,0,'2025-07-22 21:11:00','2026-02-03 09:05:06'),(30,3,'Tutorial Adobe Illustrator - Desain Materi Tutorial 3 Camera Recording Overlay','','https://youtu.be/lll4u4EnSsc',1429,30,0,'2025-07-22 21:11:16','2026-02-03 09:05:06'),(31,3,'Materi Tutorial 17 - Tutorial Light Leaks','','https://www.youtube.com/watch?v=NqguVpLGb64',1258,31,0,'2025-08-13 11:18:55','2026-02-03 09:05:06'),(32,3,'Materi Tutorial 18 Tutorial Sunbrust','','https://www.youtube.com/watch?v=yVqoWlZygU0',636,32,0,'2025-08-13 11:19:37','2026-02-03 09:05:06');
/*!40000 ALTER TABLE `lessons` ENABLE KEYS */;
UNLOCK TABLES;

--
-- Table structure for table `migrations`
--

DROP TABLE IF EXISTS `migrations`;
/*!40101 SET @saved_cs_client     = @@character_set_client */;
/*!50503 SET character_set_client = utf8mb4 */;
CREATE TABLE `migrations` (
  `id` int unsigned NOT NULL AUTO_INCREMENT,
  `migration` varchar(255) COLLATE utf8mb4_unicode_ci NOT NULL,
  `batch` int NOT NULL,
  PRIMARY KEY (`id`)
) ENGINE=InnoDB AUTO_INCREMENT=46 DEFAULT CHARSET=utf8mb4 COLLATE=utf8mb4_unicode_ci;
/*!40101 SET character_set_client = @saved_cs_client */;

--
-- Dumping data for table `migrations`
--

LOCK TABLES `migrations` WRITE;
/*!40000 ALTER TABLE `migrations` DISABLE KEYS */;
INSERT INTO `migrations` VALUES (1,'0001_01_01_000000_create_users_table',1),(2,'0001_01_01_000001_create_cache_table',1),(3,'0001_01_01_000002_create_jobs_table',1),(4,'2026_01_31_000001_update_users_table',1),(5,'2026_01_31_000002_create_course_categories_table',1),(6,'2026_01_31_000003_create_courses_table',1),(26,'2026_01_31_000004_create_topics_table',2),(27,'2026_01_31_000005_create_lessons_table',2),(28,'2026_01_31_000006_create_affiliates_table',2),(29,'2026_01_31_000007_create_orders_table',2),(30,'2026_01_31_000008_create_order_items_table',2),(31,'2026_01_31_000009_create_user_courses_table',2),(32,'2026_01_31_000010_create_lesson_progress_table',2),(33,'2026_01_31_000011_create_affiliate_commissions_table',2),(34,'2026_01_31_000012_create_affiliate_payouts_table',2),(35,'2026_01_31_000013_create_course_reviews_table',2),(36,'2026_01_31_000014_create_article_categories_table',2),(37,'2026_01_31_000015_create_articles_table',2),(38,'2026_01_31_000016_create_testimonials_table',2),(39,'2026_01_31_000017_create_settings_table',2),(40,'2026_01_31_100000_rename_sections_to_topics',3),(41,'2026_01_31_200000_create_coupons_table',4),(42,'2026_01_31_210000_add_original_price_to_order_items_table',4),(43,'2026_02_01_100000_add_payment_fee_to_orders_table',4),(44,'2026_02_02_043835_add_uuid_to_sensitive_tables',4),(45,'2026_02_02_065549_add_watched_seconds_to_lesson_progress_table',4);
/*!40000 ALTER TABLE `migrations` ENABLE KEYS */;
UNLOCK TABLES;

--
-- Table structure for table `order_items`
--

DROP TABLE IF EXISTS `order_items`;
/*!40101 SET @saved_cs_client     = @@character_set_client */;
/*!50503 SET character_set_client = utf8mb4 */;
CREATE TABLE `order_items` (
  `id` bigint unsigned NOT NULL AUTO_INCREMENT,
  `order_id` bigint unsigned NOT NULL,
  `course_id` bigint unsigned NOT NULL,
  `original_price` decimal(12,2) DEFAULT NULL,
  `price` decimal(12,2) NOT NULL,
  `discount` decimal(12,2) NOT NULL DEFAULT '0.00',
  `created_at` timestamp NULL DEFAULT NULL,
  `updated_at` timestamp NULL DEFAULT NULL,
  PRIMARY KEY (`id`),
  KEY `order_items_order_id_foreign` (`order_id`),
  KEY `order_items_course_id_foreign` (`course_id`),
  CONSTRAINT `order_items_course_id_foreign` FOREIGN KEY (`course_id`) REFERENCES `courses` (`id`) ON DELETE CASCADE,
  CONSTRAINT `order_items_order_id_foreign` FOREIGN KEY (`order_id`) REFERENCES `orders` (`id`) ON DELETE CASCADE
) ENGINE=InnoDB AUTO_INCREMENT=229 DEFAULT CHARSET=utf8mb4 COLLATE=utf8mb4_unicode_ci;
/*!40101 SET character_set_client = @saved_cs_client */;

--
-- Dumping data for table `order_items`
--

LOCK TABLES `order_items` WRITE;
/*!40000 ALTER TABLE `order_items` DISABLE KEYS */;
INSERT INTO `order_items` VALUES (1,1,1,1399000.00,279800.00,0.00,'2025-06-12 15:42:06','2026-02-03 09:05:06'),(2,2,1,1399000.00,279800.00,0.00,'2025-06-12 18:13:54','2026-02-03 09:05:06'),(3,3,1,1399000.00,279800.00,0.00,'2025-06-12 18:16:37','2026-02-03 09:05:06'),(4,4,1,1399000.00,279800.00,0.00,'2025-06-12 18:17:08','2026-02-03 09:05:06'),(5,5,1,1399000.00,279800.00,0.00,'2025-06-12 18:18:39','2026-02-03 09:05:06'),(6,6,1,1399000.00,279800.00,0.00,'2025-06-12 18:27:15','2026-02-03 09:05:06'),(7,7,1,1399000.00,279800.00,0.00,'2025-06-12 18:31:26','2026-02-03 09:05:06'),(8,8,1,1399000.00,279800.00,0.00,'2025-06-12 18:34:01','2026-02-03 09:05:06'),(9,9,1,1399000.00,279800.00,0.00,'2025-06-12 18:35:13','2026-02-03 09:05:06'),(10,10,1,1399000.00,279800.00,0.00,'2025-06-12 18:38:46','2026-02-03 09:05:06'),(11,11,1,1399000.00,279800.00,0.00,'2025-06-12 18:40:13','2026-02-03 09:05:06'),(12,12,1,1399000.00,279800.00,0.00,'2025-06-12 19:04:54','2026-02-03 09:05:06'),(13,13,1,1399000.00,279800.00,0.00,'2025-06-12 19:08:10','2026-02-03 09:05:06'),(14,14,1,1399000.00,279800.00,0.00,'2025-06-12 19:11:49','2026-02-03 09:05:06'),(15,15,1,1399000.00,489650.00,0.00,'2025-06-12 19:12:06','2026-02-03 09:05:06'),(16,16,1,1399000.00,279800.00,0.00,'2025-06-12 19:17:35','2026-02-03 09:05:06'),(17,17,1,1399000.00,279800.00,0.00,'2025-06-12 19:17:44','2026-02-03 09:05:06'),(18,18,1,1399000.00,279800.00,0.00,'2025-06-12 19:18:03','2026-02-03 09:05:06'),(19,19,1,1399000.00,279800.00,0.00,'2025-06-12 19:18:59','2026-02-03 09:05:06'),(20,20,1,1399000.00,279800.00,0.00,'2025-06-12 19:30:46','2026-02-03 09:05:06'),(21,21,1,1399000.00,279800.00,0.00,'2025-06-12 19:37:54','2026-02-03 09:05:06'),(22,22,1,1399000.00,279800.00,0.00,'2025-06-12 19:43:11','2026-02-03 09:05:06'),(23,23,1,1399000.00,279800.00,0.00,'2025-06-12 19:45:34','2026-02-03 09:05:06'),(24,24,1,1399000.00,279800.00,0.00,'2025-06-12 19:50:42','2026-02-03 09:05:06'),(25,25,1,1399000.00,279800.00,0.00,'2025-06-12 20:01:09','2026-02-03 09:05:06'),(26,26,1,1399000.00,279800.00,0.00,'2025-06-12 20:12:14','2026-02-03 09:05:06'),(27,27,1,1399000.00,279800.00,0.00,'2025-06-12 20:13:44','2026-02-03 09:05:06'),(28,28,1,1399000.00,279800.00,0.00,'2025-06-12 20:22:06','2026-02-03 09:05:06'),(29,29,1,1399000.00,279800.00,0.00,'2025-06-12 20:25:27','2026-02-03 09:05:06'),(30,30,1,1399000.00,279800.00,0.00,'2025-06-12 20:31:05','2026-02-03 09:05:06'),(31,31,1,1399000.00,279800.00,0.00,'2025-06-12 20:42:17','2026-02-03 09:05:06'),(32,32,1,1399000.00,279800.00,0.00,'2025-06-12 22:50:19','2026-02-03 09:05:06'),(33,33,1,1399000.00,279800.00,0.00,'2025-06-12 23:45:19','2026-02-03 09:05:06'),(34,34,1,1399000.00,279800.00,0.00,'2025-06-13 00:53:53','2026-02-03 09:05:06'),(35,35,1,1399000.00,279800.00,0.00,'2025-06-13 05:19:56','2026-02-03 09:05:06'),(36,36,1,1399000.00,279800.00,0.00,'2025-06-13 06:06:52','2026-02-03 09:05:06'),(37,37,1,1399000.00,279800.00,0.00,'2025-06-13 07:23:37','2026-02-03 09:05:06'),(38,38,1,1399000.00,279800.00,0.00,'2025-06-13 09:00:21','2026-02-03 09:05:06'),(39,39,1,1399000.00,279800.00,0.00,'2025-06-13 15:46:22','2026-02-03 09:05:06'),(40,40,1,1399000.00,279800.00,0.00,'2025-06-13 16:28:37','2026-02-03 09:05:06'),(41,41,1,1399000.00,279800.00,0.00,'2025-06-13 20:28:19','2026-02-03 09:05:06'),(42,42,1,1399000.00,279800.00,0.00,'2025-06-14 07:43:02','2026-02-03 09:05:06'),(43,43,1,1399000.00,279800.00,0.00,'2025-06-14 10:29:45','2026-02-03 09:05:06'),(44,44,1,1399000.00,279800.00,0.00,'2025-06-15 11:08:33','2026-02-03 09:05:06'),(45,45,1,1399000.00,279800.00,0.00,'2025-06-16 09:38:40','2026-02-03 09:05:06'),(46,46,1,1399000.00,1399000.00,0.00,'2025-06-17 09:47:59','2026-02-03 09:05:06'),(47,47,1,1399000.00,279800.00,0.00,'2025-06-17 10:46:06','2026-02-03 09:05:06'),(48,48,1,1399000.00,279800.00,0.00,'2025-06-17 11:01:05','2026-02-03 09:05:06'),(49,49,1,1399000.00,279800.00,0.00,'2025-06-17 14:01:21','2026-02-03 09:05:06'),(50,50,1,1399000.00,279800.00,0.00,'2025-06-17 16:42:59','2026-02-03 09:05:06'),(51,51,1,1399000.00,279800.00,0.00,'2025-06-18 18:20:51','2026-02-03 09:05:06'),(52,52,1,1399000.00,279800.00,0.00,'2025-06-18 19:37:21','2026-02-03 09:05:06'),(53,53,1,1399000.00,279800.00,0.00,'2025-06-18 19:56:34','2026-02-03 09:05:06'),(54,54,1,1399000.00,279800.00,0.00,'2025-06-18 20:13:24','2026-02-03 09:05:06'),(55,55,1,1399000.00,279800.00,0.00,'2025-06-19 09:16:22','2026-02-03 09:05:06'),(56,56,1,1399000.00,279800.00,0.00,'2025-06-20 21:44:33','2026-02-03 09:05:06'),(57,57,1,1399000.00,279800.00,0.00,'2025-06-21 11:35:26','2026-02-03 09:05:06'),(58,58,1,1399000.00,279800.00,0.00,'2025-06-21 14:47:19','2026-02-03 09:05:06'),(59,59,1,1399000.00,279800.00,0.00,'2025-06-21 23:29:28','2026-02-03 09:05:06'),(60,60,1,1399000.00,279800.00,0.00,'2025-06-22 07:06:15','2026-02-03 09:05:06'),(61,61,1,1399000.00,279800.00,0.00,'2025-06-22 21:59:59','2026-02-03 09:05:06'),(62,62,1,1399000.00,279800.00,0.00,'2025-06-23 10:58:03','2026-02-03 09:05:06'),(63,63,1,1399000.00,279800.00,0.00,'2025-06-23 14:33:36','2026-02-03 09:05:06'),(64,64,1,1399000.00,279800.00,0.00,'2025-06-23 19:34:51','2026-02-03 09:05:06'),(65,65,1,1399000.00,279800.00,0.00,'2025-06-24 03:46:27','2026-02-03 09:05:06'),(66,66,1,1399000.00,279800.00,0.00,'2025-06-24 15:45:45','2026-02-03 09:05:06'),(67,67,1,1399000.00,279800.00,0.00,'2025-06-25 21:00:58','2026-02-03 09:05:06'),(68,68,1,1399000.00,279800.00,0.00,'2025-06-27 18:22:30','2026-02-03 09:05:06'),(69,69,1,1399000.00,279800.00,0.00,'2025-06-28 12:51:24','2026-02-03 09:05:06'),(70,70,1,1399000.00,279800.00,0.00,'2025-06-28 16:51:41','2026-02-03 09:05:06'),(71,71,1,1399000.00,279800.00,0.00,'2025-06-28 21:11:48','2026-02-03 09:05:06'),(72,72,1,1399000.00,279800.00,0.00,'2025-06-28 21:38:26','2026-02-03 09:05:06'),(73,73,1,1399000.00,279800.00,0.00,'2025-06-29 10:07:12','2026-02-03 09:05:06'),(74,74,1,1399000.00,279800.00,0.00,'2025-06-30 17:20:29','2026-02-03 09:05:06'),(75,75,1,1399000.00,279800.00,0.00,'2025-06-30 21:09:21','2026-02-03 09:05:06'),(76,76,1,489000.00,489000.00,0.00,'2025-07-13 15:54:25','2026-02-03 09:05:06'),(77,77,1,489000.00,489000.00,0.00,'2025-07-15 18:42:13','2026-02-03 09:05:06'),(78,78,1,489000.00,489000.00,0.00,'2025-07-18 19:24:03','2026-02-03 09:05:06'),(79,79,1,489000.00,489000.00,0.00,'2025-07-19 12:57:34','2026-02-03 09:05:06'),(80,80,1,489000.00,489000.00,0.00,'2025-07-19 20:21:50','2026-02-03 09:05:06'),(81,81,1,489000.00,489000.00,0.00,'2025-07-20 11:14:28','2026-02-03 09:05:06'),(82,82,1,489000.00,489000.00,0.00,'2025-07-20 21:59:19','2026-02-03 09:05:06'),(83,83,1,489000.00,489000.00,0.00,'2025-07-24 12:00:35','2026-02-03 09:05:06'),(84,84,1,489000.00,489000.00,0.00,'2025-07-25 17:31:26','2026-02-03 09:05:06'),(85,85,1,489000.00,489000.00,0.00,'2025-07-26 19:26:31','2026-02-03 09:05:06'),(86,86,1,489000.00,489000.00,0.00,'2025-08-02 10:59:51','2026-02-03 09:05:06'),(87,87,1,489000.00,489000.00,0.00,'2025-08-03 18:39:59','2026-02-03 09:05:06'),(88,88,1,489000.00,489000.00,0.00,'2025-08-03 21:13:44','2026-02-03 09:05:06'),(89,89,1,489000.00,489000.00,0.00,'2025-08-04 01:12:28','2026-02-03 09:05:06'),(90,90,1,489000.00,489000.00,0.00,'2025-08-04 11:18:04','2026-02-03 09:05:06'),(91,91,1,489000.00,489000.00,0.00,'2025-08-04 15:39:29','2026-02-03 09:05:06'),(92,92,1,489000.00,489000.00,0.00,'2025-08-05 11:42:59','2026-02-03 09:05:06'),(93,93,1,489000.00,489000.00,0.00,'2025-08-05 19:17:41','2026-02-03 09:05:06'),(94,94,1,489000.00,489000.00,0.00,'2025-08-05 21:32:05','2026-02-03 09:05:06'),(95,95,1,489000.00,489000.00,0.00,'2025-08-07 19:43:12','2026-02-03 09:05:06'),(96,96,1,489000.00,489000.00,0.00,'2025-08-07 22:10:16','2026-02-03 09:05:06'),(97,97,1,489000.00,489000.00,0.00,'2025-08-08 09:20:09','2026-02-03 09:05:06'),(98,98,1,489000.00,489000.00,0.00,'2025-08-08 13:44:32','2026-02-03 09:05:06'),(99,99,1,489000.00,489000.00,0.00,'2025-08-09 16:25:33','2026-02-03 09:05:06'),(100,100,1,489000.00,489000.00,0.00,'2025-08-09 16:39:38','2026-02-03 09:05:06'),(101,101,1,489000.00,489000.00,0.00,'2025-08-09 18:43:45','2026-02-03 09:05:06'),(102,102,1,489000.00,489000.00,0.00,'2025-08-13 11:04:31','2026-02-03 09:05:06'),(103,103,1,489000.00,489000.00,0.00,'2025-08-14 00:24:19','2026-02-03 09:05:06'),(104,104,1,489000.00,489000.00,0.00,'2025-08-14 14:09:29','2026-02-03 09:05:06'),(105,105,1,489000.00,489000.00,0.00,'2025-08-17 16:53:41','2026-02-03 09:05:06'),(106,106,1,489000.00,489000.00,0.00,'2025-08-18 21:08:48','2026-02-03 09:05:06'),(107,107,1,489000.00,489000.00,0.00,'2025-08-19 11:45:07','2026-02-03 09:05:06'),(108,108,1,489000.00,489000.00,0.00,'2025-08-19 23:02:08','2026-02-03 09:05:06'),(109,109,1,489000.00,489000.00,0.00,'2025-08-21 14:56:55','2026-02-03 09:05:06'),(110,110,1,489000.00,489000.00,0.00,'2025-08-22 11:33:58','2026-02-03 09:05:06'),(111,111,1,489000.00,489000.00,0.00,'2025-08-22 19:38:50','2026-02-03 09:05:06'),(112,112,1,489000.00,489000.00,0.00,'2025-08-23 07:05:03','2026-02-03 09:05:06'),(113,113,1,489000.00,489000.00,0.00,'2025-08-23 09:00:11','2026-02-03 09:05:06'),(114,114,1,489000.00,489000.00,0.00,'2025-08-24 14:46:43','2026-02-03 09:05:06'),(115,115,1,489000.00,489000.00,0.00,'2025-08-27 15:47:33','2026-02-03 09:05:06'),(116,116,1,489000.00,489000.00,0.00,'2025-08-27 19:42:37','2026-02-03 09:05:06'),(117,117,1,489000.00,489000.00,0.00,'2025-08-29 12:59:44','2026-02-03 09:05:06'),(118,118,1,489000.00,489000.00,0.00,'2025-08-29 15:43:40','2026-02-03 09:05:06'),(119,119,1,489000.00,489000.00,0.00,'2025-08-30 12:18:27','2026-02-03 09:05:06'),(120,120,1,489000.00,489000.00,0.00,'2025-08-31 17:43:14','2026-02-03 09:05:06'),(121,121,1,489000.00,489000.00,0.00,'2025-09-01 17:29:34','2026-02-03 09:05:06'),(122,122,1,489000.00,489000.00,0.00,'2025-09-01 22:22:16','2026-02-03 09:05:06'),(123,123,1,489000.00,489000.00,0.00,'2025-09-02 15:53:55','2026-02-03 09:05:06'),(124,124,1,489000.00,489000.00,0.00,'2025-09-02 16:27:02','2026-02-03 09:05:06'),(125,125,1,489000.00,489000.00,0.00,'2025-09-02 20:16:38','2026-02-03 09:05:06'),(126,126,1,489000.00,489000.00,0.00,'2025-09-03 10:14:27','2026-02-03 09:05:06'),(127,127,1,489000.00,489000.00,0.00,'2025-09-04 12:54:42','2026-02-03 09:05:06'),(128,128,1,489000.00,489000.00,0.00,'2025-09-04 14:40:21','2026-02-03 09:05:06'),(129,129,1,489000.00,489000.00,0.00,'2025-09-05 22:10:16','2026-02-03 09:05:06'),(130,130,1,489000.00,489000.00,0.00,'2025-09-06 17:07:19','2026-02-03 09:05:06'),(131,131,1,489000.00,489000.00,0.00,'2025-09-07 17:26:48','2026-02-03 09:05:06'),(132,132,1,489000.00,489000.00,0.00,'2025-09-09 08:51:27','2026-02-03 09:05:06'),(133,133,1,489000.00,489000.00,0.00,'2025-09-09 23:52:50','2026-02-03 09:05:06'),(134,134,1,489000.00,489000.00,0.00,'2025-09-13 17:41:54','2026-02-03 09:05:06'),(135,135,1,489000.00,489000.00,0.00,'2025-09-13 18:11:18','2026-02-03 09:05:06'),(136,136,1,489000.00,489000.00,0.00,'2025-09-14 17:25:40','2026-02-03 09:05:06'),(137,137,1,489000.00,489000.00,0.00,'2025-09-15 00:51:27','2026-02-03 09:05:06'),(138,138,1,489000.00,489000.00,0.00,'2025-09-15 15:26:30','2026-02-03 09:05:06'),(139,139,1,489000.00,489000.00,0.00,'2025-09-15 17:48:06','2026-02-03 09:05:06'),(140,140,1,489000.00,489000.00,0.00,'2025-09-17 11:11:15','2026-02-03 09:05:06'),(141,141,1,489000.00,489000.00,0.00,'2025-09-18 16:15:23','2026-02-03 09:05:06'),(142,142,1,489000.00,489000.00,0.00,'2025-09-21 08:58:41','2026-02-03 09:05:06'),(143,143,1,489000.00,489000.00,0.00,'2025-09-24 10:56:12','2026-02-03 09:05:06'),(144,144,1,489000.00,489000.00,0.00,'2025-09-25 14:38:24','2026-02-03 09:05:06'),(145,145,1,489000.00,489000.00,0.00,'2025-09-27 00:16:41','2026-02-03 09:05:06'),(146,146,1,489000.00,489000.00,0.00,'2025-09-28 18:16:28','2026-02-03 09:05:06'),(147,147,1,489000.00,489000.00,0.00,'2025-09-29 12:29:34','2026-02-03 09:05:06'),(148,148,1,489000.00,489000.00,0.00,'2025-09-30 04:54:11','2026-02-03 09:05:06'),(149,149,1,489000.00,489000.00,0.00,'2025-09-30 20:26:37','2026-02-03 09:05:06'),(150,150,1,489000.00,489000.00,0.00,'2025-10-02 11:01:32','2026-02-03 09:05:06'),(151,151,1,489000.00,489000.00,0.00,'2025-10-03 18:25:21','2026-02-03 09:05:06'),(152,152,1,489000.00,489000.00,0.00,'2025-10-13 09:10:28','2026-02-03 09:05:06'),(153,153,1,489000.00,489000.00,0.00,'2025-10-16 20:16:37','2026-02-03 09:05:06'),(154,154,1,489000.00,489000.00,0.00,'2025-10-17 13:28:44','2026-02-03 09:05:06'),(155,155,1,489000.00,489000.00,0.00,'2025-10-19 13:19:15','2026-02-03 09:05:06'),(156,156,1,489000.00,489000.00,0.00,'2025-10-27 12:24:27','2026-02-03 09:05:06'),(157,157,1,489000.00,489000.00,0.00,'2025-10-28 11:48:10','2026-02-03 09:05:06'),(158,158,1,489000.00,489000.00,0.00,'2025-10-28 22:20:37','2026-02-03 09:05:06'),(159,159,1,489000.00,489000.00,0.00,'2025-10-30 09:50:08','2026-02-03 09:05:06'),(160,160,1,489000.00,489000.00,0.00,'2025-11-02 13:38:02','2026-02-03 09:05:06'),(161,161,1,489000.00,489000.00,0.00,'2025-11-02 21:12:13','2026-02-03 09:05:06'),(162,162,1,489000.00,489000.00,0.00,'2025-11-10 08:57:26','2026-02-03 09:05:06'),(163,163,1,489000.00,489000.00,0.00,'2025-11-12 13:44:47','2026-02-03 09:05:06'),(164,164,1,489000.00,489000.00,0.00,'2025-11-12 14:08:13','2026-02-03 09:05:06'),(165,165,1,489000.00,489000.00,0.00,'2025-11-14 08:49:49','2026-02-03 09:05:06'),(166,166,1,489000.00,489000.00,0.00,'2025-11-15 13:28:51','2026-02-03 09:05:06'),(167,167,1,489000.00,489000.00,0.00,'2025-11-17 15:42:46','2026-02-03 09:05:06'),(168,168,1,489000.00,489000.00,0.00,'2025-11-21 14:40:58','2026-02-03 09:05:06'),(169,169,1,489000.00,489000.00,0.00,'2025-11-24 06:58:08','2026-02-03 09:05:06'),(170,170,1,489000.00,489000.00,0.00,'2025-11-24 21:07:22','2026-02-03 09:05:06'),(171,171,1,489000.00,489000.00,0.00,'2025-11-26 09:58:05','2026-02-03 09:05:06'),(172,172,1,489000.00,489000.00,0.00,'2025-12-01 02:30:27','2026-02-03 09:05:06'),(173,173,1,489000.00,489000.00,0.00,'2025-12-02 11:37:51','2026-02-03 09:05:06'),(174,174,1,489000.00,489000.00,0.00,'2025-12-03 17:21:29','2026-02-03 09:05:06'),(175,175,1,489000.00,489000.00,0.00,'2025-12-04 10:41:01','2026-02-03 09:05:06'),(176,176,1,489000.00,489000.00,0.00,'2025-12-05 15:50:59','2026-02-03 09:05:06'),(177,177,1,489000.00,489000.00,0.00,'2025-12-10 15:37:18','2026-02-03 09:05:06'),(178,178,1,489000.00,489000.00,0.00,'2025-12-13 16:35:25','2026-02-03 09:05:06'),(179,179,1,489000.00,489000.00,0.00,'2025-12-16 06:53:16','2026-02-03 09:05:06'),(180,180,1,489000.00,489000.00,0.00,'2025-12-19 15:50:02','2026-02-03 09:05:06'),(181,181,1,489000.00,489000.00,0.00,'2025-12-20 13:32:06','2026-02-03 09:05:06'),(182,182,1,489000.00,489000.00,0.00,'2025-12-20 20:24:39','2026-02-03 09:05:06'),(183,183,1,489000.00,489000.00,0.00,'2025-12-22 13:43:28','2026-02-03 09:05:06'),(184,184,1,489000.00,489000.00,0.00,'2025-12-22 16:56:36','2026-02-03 09:05:06'),(185,185,1,489000.00,489000.00,0.00,'2025-12-24 20:07:11','2026-02-03 09:05:06'),(186,186,1,489000.00,489000.00,0.00,'2025-12-24 21:07:44','2026-02-03 09:05:06'),(187,187,1,489000.00,489000.00,0.00,'2025-12-27 09:39:49','2026-02-03 09:05:06'),(188,188,1,489000.00,489000.00,0.00,'2025-12-29 09:25:33','2026-02-03 09:05:06'),(189,189,1,489000.00,489000.00,0.00,'2025-12-29 09:42:56','2026-02-03 09:05:06'),(190,190,1,489000.00,489000.00,0.00,'2025-12-31 20:34:51','2026-02-03 09:05:06'),(191,191,1,489000.00,489000.00,0.00,'2026-01-01 14:12:15','2026-02-03 09:05:06'),(192,192,1,489000.00,489000.00,0.00,'2026-01-01 20:46:01','2026-02-03 09:05:06'),(193,193,1,489000.00,489000.00,0.00,'2026-01-02 01:52:21','2026-02-03 09:05:06'),(194,194,1,489000.00,489000.00,0.00,'2026-01-02 05:28:52','2026-02-03 09:05:06'),(195,195,1,489000.00,489000.00,0.00,'2026-01-04 12:02:41','2026-02-03 09:05:06'),(196,196,1,489000.00,489000.00,0.00,'2026-01-04 12:05:25','2026-02-03 09:05:06'),(197,197,1,489000.00,489000.00,0.00,'2026-01-07 17:22:33','2026-02-03 09:05:06'),(198,198,1,489000.00,489000.00,0.00,'2026-01-08 17:50:55','2026-02-03 09:05:06'),(199,199,1,489000.00,489000.00,0.00,'2026-01-09 10:28:25','2026-02-03 09:05:06'),(200,200,1,489000.00,489000.00,0.00,'2026-01-10 15:12:22','2026-02-03 09:05:06'),(201,201,1,489000.00,489000.00,0.00,'2026-01-14 14:39:07','2026-02-03 09:05:06'),(202,202,1,489000.00,489000.00,0.00,'2026-01-14 21:08:48','2026-02-03 09:05:06'),(203,203,1,489000.00,489000.00,0.00,'2026-01-15 09:13:14','2026-02-03 09:05:06'),(204,204,1,489000.00,489000.00,0.00,'2026-01-16 10:56:06','2026-02-03 09:05:06'),(205,205,1,489000.00,489000.00,0.00,'2026-01-17 21:31:23','2026-02-03 09:05:06'),(206,206,1,489000.00,489000.00,0.00,'2026-01-19 16:12:58','2026-02-03 09:05:06'),(207,207,1,489000.00,489000.00,0.00,'2026-01-23 08:28:15','2026-02-03 09:05:06'),(208,208,1,489000.00,489000.00,0.00,'2026-01-24 14:01:45','2026-02-03 09:05:06'),(209,209,1,489000.00,489000.00,0.00,'2026-01-25 19:54:12','2026-02-03 09:05:06'),(210,210,1,489000.00,489000.00,0.00,'2026-01-27 12:02:47','2026-02-03 09:05:07'),(211,211,1,489000.00,489000.00,0.00,'2026-01-28 09:16:50','2026-02-03 09:05:07'),(212,212,1,489000.00,489000.00,0.00,'2026-01-28 14:16:56','2026-02-03 09:05:07'),(213,213,1,489000.00,489000.00,0.00,'2026-01-28 16:23:18','2026-02-03 09:05:07'),(214,214,1,489000.00,489000.00,0.00,'2026-01-28 16:34:08','2026-02-03 09:05:07'),(215,215,1,489000.00,489000.00,0.00,'2026-01-28 21:00:23','2026-02-03 09:05:07'),(216,216,1,489000.00,489000.00,0.00,'2026-01-28 23:09:53','2026-02-03 09:05:07'),(217,217,1,489000.00,489000.00,0.00,'2026-01-29 11:03:59','2026-02-03 09:05:07'),(218,218,1,489000.00,489000.00,0.00,'2026-01-29 12:15:16','2026-02-03 09:05:07'),(219,219,1,489000.00,489000.00,0.00,'2026-01-29 13:46:46','2026-02-03 09:05:07'),(220,220,1,489000.00,489000.00,0.00,'2026-01-29 22:47:51','2026-02-03 09:05:07'),(221,221,1,489000.00,489000.00,0.00,'2026-01-30 10:08:25','2026-02-03 09:05:07');
/*!40000 ALTER TABLE `order_items` ENABLE KEYS */;
UNLOCK TABLES;

--
-- Table structure for table `orders`
--

DROP TABLE IF EXISTS `orders`;
/*!40101 SET @saved_cs_client     = @@character_set_client */;
/*!50503 SET character_set_client = utf8mb4 */;
CREATE TABLE `orders` (
  `id` bigint unsigned NOT NULL AUTO_INCREMENT,
  `uuid` char(36) COLLATE utf8mb4_unicode_ci DEFAULT NULL,
  `order_number` varchar(255) COLLATE utf8mb4_unicode_ci NOT NULL,
  `user_id` bigint unsigned NOT NULL,
  `affiliate_id` bigint unsigned DEFAULT NULL,
  `coupon_id` bigint unsigned DEFAULT NULL,
  `subtotal` decimal(12,2) NOT NULL,
  `discount` decimal(12,2) NOT NULL DEFAULT '0.00',
  `payment_fee` decimal(12,2) NOT NULL DEFAULT '0.00',
  `total` decimal(12,2) NOT NULL,
  `payment_method` varchar(255) COLLATE utf8mb4_unicode_ci DEFAULT NULL,
  `status` enum('pending','paid','failed','expired','refunded') COLLATE utf8mb4_unicode_ci NOT NULL DEFAULT 'pending',
  `duitku_reference` varchar(255) COLLATE utf8mb4_unicode_ci DEFAULT NULL,
  `duitku_payment_url` varchar(255) COLLATE utf8mb4_unicode_ci DEFAULT NULL,
  `duitku_response` json DEFAULT NULL,
  `paid_at` timestamp NULL DEFAULT NULL,
  `expired_at` timestamp NULL DEFAULT NULL,
  `created_at` timestamp NULL DEFAULT NULL,
  `updated_at` timestamp NULL DEFAULT NULL,
  PRIMARY KEY (`id`),
  UNIQUE KEY `orders_order_number_unique` (`order_number`),
  KEY `orders_affiliate_id_foreign` (`affiliate_id`),
  KEY `orders_user_id_status_index` (`user_id`,`status`),
  KEY `orders_order_number_index` (`order_number`),
  KEY `orders_coupon_id_foreign` (`coupon_id`),
  CONSTRAINT `orders_affiliate_id_foreign` FOREIGN KEY (`affiliate_id`) REFERENCES `affiliates` (`id`) ON DELETE SET NULL,
  CONSTRAINT `orders_coupon_id_foreign` FOREIGN KEY (`coupon_id`) REFERENCES `coupons` (`id`) ON DELETE SET NULL,
  CONSTRAINT `orders_user_id_foreign` FOREIGN KEY (`user_id`) REFERENCES `users` (`id`) ON DELETE CASCADE
) ENGINE=InnoDB AUTO_INCREMENT=229 DEFAULT CHARSET=utf8mb4 COLLATE=utf8mb4_unicode_ci;
/*!40101 SET character_set_client = @saved_cs_client */;

--
-- Dumping data for table `orders`
--

LOCK TABLES `orders` WRITE;
/*!40000 ALTER TABLE `orders` DISABLE KEYS */;
INSERT INTO `orders` VALUES (1,'71da5b4b-8f88-48d3-81eb-cc07b6ed5970','WP-000002',449,NULL,2,1399000.00,1119200.00,0.00,279800.00,'duitku','paid',NULL,NULL,NULL,'2025-06-12 16:03:51',NULL,'2025-06-12 15:42:06','2026-02-03 09:05:06'),(2,'e09e1d56-90c9-4cdd-bb92-bb574be266f2','WP-000005',450,NULL,2,1399000.00,1119200.00,2.00,279802.00,'bank_transfer','paid',NULL,NULL,NULL,'2025-06-12 22:31:15',NULL,'2025-06-12 18:13:54','2026-02-03 09:05:06'),(3,'340e4438-ed22-4ba3-9951-1502d026cbb3','WP-000006',451,NULL,2,1399000.00,1119200.00,3.00,279803.00,'bank_transfer','paid',NULL,NULL,NULL,'2025-06-12 18:35:14',NULL,'2025-06-12 18:16:37','2026-02-03 09:05:06'),(4,'71ae64bd-1f7e-4c25-95cb-1c6b68ea6340','WP-000008',452,NULL,2,1399000.00,1119200.00,5.00,279805.00,'bank_transfer','paid',NULL,NULL,NULL,'2025-06-12 18:35:09',NULL,'2025-06-12 18:17:08','2026-02-03 09:05:06'),(5,'0751700f-ffd1-4cd1-9e90-850935f9a966','WP-000009',453,NULL,2,1399000.00,1119200.00,6.00,279806.00,'bank_transfer','paid',NULL,NULL,NULL,'2025-06-12 18:35:04',NULL,'2025-06-12 18:18:39','2026-02-03 09:05:06'),(6,'434b1474-0067-40a8-a2dc-f5e330c631aa','WP-000010',454,NULL,2,1399000.00,1119200.00,7.00,279807.00,'bank_transfer','paid',NULL,NULL,NULL,'2025-06-12 18:34:56',NULL,'2025-06-12 18:27:15','2026-02-03 09:05:06'),(7,'d604698a-2451-43bf-a1ff-1d9341e7579f','WP-000012',455,NULL,2,1399000.00,1119200.00,9.00,279809.00,'bank_transfer','paid',NULL,NULL,NULL,'2025-06-12 23:30:27',NULL,'2025-06-12 18:31:26','2026-02-03 09:05:06'),(8,'5a4ce3fc-041b-472f-9194-4606def6ac3b','WP-000013',456,NULL,2,1399000.00,1119200.00,10.00,279810.00,'bank_transfer','paid',NULL,NULL,NULL,'2025-06-12 22:31:14',NULL,'2025-06-12 18:34:01','2026-02-03 09:05:06'),(9,'e81a5fc1-f025-4fd6-88d8-132c15085b5c','WP-000014',457,NULL,2,1399000.00,1119200.00,11.00,279811.00,'bank_transfer','paid',NULL,NULL,NULL,'2025-06-12 22:31:12',NULL,'2025-06-12 18:35:13','2026-02-03 09:05:06'),(10,'a720a947-ffc1-4c9b-8e4e-01152cc13069','WP-000015',458,NULL,2,1399000.00,1119200.00,12.00,279812.00,'bank_transfer','paid',NULL,NULL,NULL,'2025-06-12 22:31:10',NULL,'2025-06-12 18:38:46','2026-02-03 09:05:06'),(11,'dab9f7f4-2ff3-45f7-b490-40d69c629775','WP-000016',459,NULL,2,1399000.00,1119200.00,13.00,279813.00,'bank_transfer','paid',NULL,NULL,NULL,'2025-06-12 22:31:09',NULL,'2025-06-12 18:40:13','2026-02-03 09:05:06'),(12,'d505bfd0-0790-4b96-ac07-6e0e20d1fc5a','WP-000017',460,NULL,2,1399000.00,1119200.00,14.00,279814.00,'bank_transfer','paid',NULL,NULL,NULL,'2025-06-12 22:31:07',NULL,'2025-06-12 19:04:54','2026-02-03 09:05:06'),(13,'8ff03c68-a05a-43cf-8818-a35e486e0775','WP-000018',461,NULL,2,1399000.00,1119200.00,15.00,279815.00,'bank_transfer','paid',NULL,NULL,NULL,'2025-06-12 22:31:05',NULL,'2025-06-12 19:08:10','2026-02-03 09:05:06'),(14,'ebd9170e-b8de-4373-9b98-ec8533cd8fe7','WP-000019',462,NULL,2,1399000.00,1119200.00,16.00,279816.00,'bank_transfer','paid',NULL,NULL,NULL,'2025-06-12 22:31:03',NULL,'2025-06-12 19:11:49','2026-02-03 09:05:06'),(15,'52223e25-ed61-4bb0-8f80-8ae437ed8eab','WP-000020',463,NULL,1,1399000.00,909350.00,17.00,489667.00,'bank_transfer','paid',NULL,NULL,NULL,'2025-06-12 22:31:02',NULL,'2025-06-12 19:12:06','2026-02-03 09:05:06'),(16,'e6dc61da-392d-4ef5-99c4-963258eb3dc2','WP-000021',464,NULL,2,1399000.00,1119200.00,18.00,279818.00,'bank_transfer','paid',NULL,NULL,NULL,'2025-06-20 04:27:17',NULL,'2025-06-12 19:17:35','2026-02-03 09:05:06'),(17,'b619e044-9ffc-4e3e-8a45-eb2d56ae9f01','WP-000022',465,NULL,2,1399000.00,1119200.00,19.00,279819.00,'bank_transfer','paid',NULL,NULL,NULL,'2025-06-12 22:31:00',NULL,'2025-06-12 19:17:44','2026-02-03 09:05:06'),(18,'6eeedab5-d771-40c8-b31c-e95c2f9af8f4','WP-000023',465,NULL,2,1399000.00,1119200.00,20.00,279820.00,'bank_transfer','paid',NULL,NULL,NULL,'2025-06-13 09:21:27',NULL,'2025-06-12 19:18:03','2026-02-03 09:05:06'),(19,'8389286f-256e-41e0-8759-430ecdc670d2','WP-000024',466,NULL,2,1399000.00,1119200.00,21.00,279821.00,'bank_transfer','paid',NULL,NULL,NULL,'2025-06-12 22:30:58',NULL,'2025-06-12 19:18:59','2026-02-03 09:05:06'),(20,'84093d8b-7d6d-4985-8616-4c295221c17e','WP-000025',467,NULL,2,1399000.00,1119200.00,22.00,279822.00,'bank_transfer','paid',NULL,NULL,NULL,'2025-06-12 22:30:57',NULL,'2025-06-12 19:30:46','2026-02-03 09:05:06'),(21,'4d96f5a9-2bca-423e-978b-04f29ae453f1','WP-000026',468,NULL,2,1399000.00,1119200.00,23.00,279823.00,'bank_transfer','paid',NULL,NULL,NULL,'2025-06-16 21:04:53',NULL,'2025-06-12 19:37:54','2026-02-03 09:05:06'),(22,'5c1eced6-411a-4d25-b2d9-fdfdea55cf2a','WP-000027',469,NULL,2,1399000.00,1119200.00,24.00,279824.00,'bank_transfer','paid',NULL,NULL,NULL,'2025-06-12 22:30:55',NULL,'2025-06-12 19:43:11','2026-02-03 09:05:06'),(23,'0554eef4-c0db-485e-a3b2-86a8d20cd16c','WP-000028',470,NULL,2,1399000.00,1119200.00,25.00,279825.00,'bank_transfer','paid',NULL,NULL,NULL,'2025-06-12 22:30:53',NULL,'2025-06-12 19:45:34','2026-02-03 09:05:06'),(24,'bd20b7cb-647a-4e64-a14f-94b1a9001be7','WP-000029',471,NULL,2,1399000.00,1119200.00,26.00,279826.00,'bank_transfer','paid',NULL,NULL,NULL,'2025-06-12 22:30:52',NULL,'2025-06-12 19:50:42','2026-02-03 09:05:06'),(25,'2fff2edc-542b-4d6f-8237-158ee7b039a3','WP-000030',472,NULL,2,1399000.00,1119200.00,27.00,279827.00,'bank_transfer','paid',NULL,NULL,NULL,'2025-06-13 09:18:46',NULL,'2025-06-12 20:01:09','2026-02-03 09:05:06'),(26,'4646f1ac-f2ce-4f95-a2a8-507adada749b','WP-000031',473,NULL,2,1399000.00,1119200.00,28.00,279828.00,'bank_transfer','paid',NULL,NULL,NULL,'2025-06-12 22:31:50',NULL,'2025-06-12 20:12:14','2026-02-03 09:05:06'),(27,'471c8ea4-cb18-46c7-857b-a7c6ebc3c0cf','WP-000032',474,NULL,2,1399000.00,1119200.00,29.00,279829.00,'bank_transfer','paid',NULL,NULL,NULL,'2025-06-12 22:30:50',NULL,'2025-06-12 20:13:44','2026-02-03 09:05:06'),(28,'6caea53c-4a64-421f-94c7-ed300082907b','WP-000033',475,NULL,2,1399000.00,1119200.00,30.00,279830.00,'bank_transfer','paid',NULL,NULL,NULL,'2025-06-12 22:30:48',NULL,'2025-06-12 20:22:06','2026-02-03 09:05:06'),(29,'d58f1708-baa2-4fd9-95dc-4cce54fc1652','WP-000034',476,NULL,2,1399000.00,1119200.00,31.00,279831.00,'bank_transfer','paid',NULL,NULL,NULL,'2025-06-12 22:30:47',NULL,'2025-06-12 20:25:27','2026-02-03 09:05:06'),(30,'eb7d1b69-9c1e-4ea9-9ada-48405382d3bc','WP-000035',477,NULL,2,1399000.00,1119200.00,32.00,279832.00,'bank_transfer','paid',NULL,NULL,NULL,'2025-06-12 22:30:45',NULL,'2025-06-12 20:31:05','2026-02-03 09:05:06'),(31,'23a98df5-1aca-488d-b22d-ed38942e923a','WP-000037',478,NULL,2,1399000.00,1119200.00,34.00,279834.00,'bank_transfer','paid',NULL,NULL,NULL,'2025-06-12 22:30:43',NULL,'2025-06-12 20:42:17','2026-02-03 09:05:06'),(32,'27ebd1fd-f6fa-4fff-a7e2-227df9e95534','WP-000038',479,NULL,2,1399000.00,1119200.00,35.00,279835.00,'bank_transfer','paid',NULL,NULL,NULL,'2025-06-12 23:30:25',NULL,'2025-06-12 22:50:19','2026-02-03 09:05:06'),(33,'4bb94abf-524b-4bd5-82d8-af6bc9ce52e9','WP-000039',480,NULL,2,1399000.00,1119200.00,36.00,279836.00,'bank_transfer','paid',NULL,NULL,NULL,'2025-06-13 09:20:04',NULL,'2025-06-12 23:45:19','2026-02-03 09:05:06'),(34,'4db8f5c3-4ed8-4bcb-9a07-75e63048859c','WP-000040',481,NULL,2,1399000.00,1119200.00,37.00,279837.00,'bank_transfer','paid',NULL,NULL,NULL,'2025-06-14 05:22:50',NULL,'2025-06-13 00:53:53','2026-02-03 09:05:06'),(35,'0cbe453c-3470-44ce-8a70-7b346ecd3d76','WP-000041',482,NULL,2,1399000.00,1119200.00,38.00,279838.00,'bank_transfer','paid',NULL,NULL,NULL,'2025-06-20 13:36:14',NULL,'2025-06-13 05:19:56','2026-02-03 09:05:06'),(36,'2a274015-8ad5-4a52-a00a-6d83a5ae8696','WP-000042',483,NULL,2,1399000.00,1119200.00,39.00,279839.00,'bank_transfer','paid',NULL,NULL,NULL,'2025-06-20 12:06:11',NULL,'2025-06-13 06:06:52','2026-02-03 09:05:06'),(37,'c2e3f146-2ac2-4f9b-951c-e787305632b0','WP-000045',484,NULL,2,1399000.00,1119200.00,42.00,279842.00,'bank_transfer','paid',NULL,NULL,NULL,'2025-06-20 04:26:29',NULL,'2025-06-13 07:23:37','2026-02-03 09:05:06'),(38,'230c2864-7b39-401e-96bc-065c10d608f7','WP-000046',485,NULL,2,1399000.00,1119200.00,43.00,279843.00,'bank_transfer','paid',NULL,NULL,NULL,'2025-06-24 18:02:53',NULL,'2025-06-13 09:00:21','2026-02-03 09:05:06'),(39,'d562fa18-ac9f-45c9-b978-d5bcc1e150ca','WP-000047',486,NULL,2,1399000.00,1119200.00,44.00,279844.00,'bank_transfer','paid',NULL,NULL,NULL,'2025-06-14 05:22:48',NULL,'2025-06-13 15:46:22','2026-02-03 09:05:06'),(40,'9fbb2b37-a169-4aa6-8bab-a155cdf89b19','WP-000048',487,NULL,2,1399000.00,1119200.00,45.00,279845.00,'bank_transfer','paid',NULL,NULL,NULL,'2025-06-16 18:16:52',NULL,'2025-06-13 16:28:37','2026-02-03 09:05:06'),(41,'4dd33c1c-bcbd-4c3e-bc50-28204ada6532','WP-000050',488,NULL,2,1399000.00,1119200.00,47.00,279847.00,'bank_transfer','paid',NULL,NULL,NULL,'2025-06-21 18:57:45',NULL,'2025-06-13 20:28:19','2026-02-03 09:05:06'),(42,'8cb2c606-b6ee-4c38-b283-8f28d8f12b0f','WP-000051',489,NULL,2,1399000.00,1119200.00,48.00,279848.00,'bank_transfer','paid',NULL,NULL,NULL,'2025-06-14 21:21:06',NULL,'2025-06-14 07:43:02','2026-02-03 09:05:06'),(43,'e53b05a8-a333-4b7c-b9d1-a17a34f3a103','WP-000052',490,NULL,2,1399000.00,1119200.00,49.00,279849.00,'bank_transfer','paid',NULL,NULL,NULL,'2025-06-14 21:21:04',NULL,'2025-06-14 10:29:45','2026-02-03 09:05:06'),(44,'686630cd-1448-4cf0-8fc8-22d9d790509b','WP-000053',491,NULL,2,1399000.00,1119200.00,0.00,279800.00,'duitku','paid',NULL,NULL,NULL,'2025-06-15 11:12:08',NULL,'2025-06-15 11:08:33','2026-02-03 09:05:06'),(45,'5a2a4c88-e355-4578-a061-0c442b01f3e1','WP-000054',492,NULL,2,1399000.00,1119200.00,0.00,279800.00,'duitku','paid',NULL,NULL,NULL,'2025-06-17 11:16:19',NULL,'2025-06-16 09:38:40','2026-02-03 09:05:06'),(46,'9d0c04d0-8285-442e-9169-2cdb1e2f4d23','WP-000057',493,NULL,NULL,1399000.00,0.00,0.00,1399000.00,'duitku','paid',NULL,NULL,NULL,'2025-07-07 17:22:04',NULL,'2025-06-17 09:47:59','2026-02-03 08:57:04'),(47,'3dedd5ea-cc38-44cb-a4b9-148f92eec0e0','WP-000059',494,NULL,2,1399000.00,1119200.00,0.00,279800.00,'duitku','paid',NULL,NULL,NULL,'2025-06-17 10:47:22',NULL,'2025-06-17 10:46:06','2026-02-03 09:05:06'),(48,'9e744000-f357-411e-b478-a96d235c4a02','WP-000060',477,NULL,2,1399000.00,1119200.00,0.00,279800.00,'duitku','paid',NULL,NULL,NULL,'2025-06-17 11:03:06',NULL,'2025-06-17 11:01:05','2026-02-03 09:05:06'),(49,'a15a6369-0239-4254-bef4-fd322e16b9fd','WP-000061',495,NULL,2,1399000.00,1119200.00,0.00,279800.00,'duitku','paid',NULL,NULL,NULL,'2025-06-17 14:22:07',NULL,'2025-06-17 14:01:21','2026-02-03 09:05:06'),(50,'fea92528-0b81-439f-a683-22749697c345','WP-000062',496,NULL,2,1399000.00,1119200.00,0.00,279800.00,'duitku','paid',NULL,NULL,NULL,'2025-06-17 16:46:30',NULL,'2025-06-17 16:42:59','2026-02-03 09:05:06'),(51,'6cba2035-9ada-49f8-bfb7-9373428bc132','WP-000063',497,NULL,2,1399000.00,1119200.00,0.00,279800.00,'duitku','paid',NULL,NULL,NULL,'2025-06-18 18:27:14',NULL,'2025-06-18 18:20:51','2026-02-03 09:05:06'),(52,'e77dea4a-5c88-453f-9ea0-48481cd737db','WP-000064',498,NULL,2,1399000.00,1119200.00,0.00,279800.00,'duitku','paid',NULL,NULL,NULL,'2025-06-18 19:46:31',NULL,'2025-06-18 19:37:21','2026-02-03 09:05:06'),(53,'11cbeb79-6b60-4414-af6a-01fa6d8dcf4a','WP-000065',499,NULL,2,1399000.00,1119200.00,0.00,279800.00,'duitku','paid',NULL,NULL,NULL,'2025-06-18 20:02:58',NULL,'2025-06-18 19:56:34','2026-02-03 09:05:06'),(54,'4532ab95-73e2-454d-976f-517761ebac61','WP-000066',500,NULL,2,1399000.00,1119200.00,0.00,279800.00,'duitku','paid',NULL,NULL,NULL,'2025-06-18 20:17:36',NULL,'2025-06-18 20:13:24','2026-02-03 09:05:06'),(55,'9044b76b-82b9-4cf8-a355-c8acd74f22c8','WP-000067',501,NULL,2,1399000.00,1119200.00,0.00,279800.00,'duitku','paid',NULL,NULL,NULL,'2025-06-19 09:23:21',NULL,'2025-06-19 09:16:22','2026-02-03 09:05:06'),(56,'9a920d23-0041-4be3-91bd-7309edb760cf','WP-000071',502,NULL,2,1399000.00,1119200.00,0.00,279800.00,'duitku','paid',NULL,NULL,NULL,'2025-06-20 21:46:54',NULL,'2025-06-20 21:44:33','2026-02-03 09:05:06'),(57,'0dbc1d9b-b91c-411c-b8af-a760b1ea36b6','WP-000072',503,NULL,2,1399000.00,1119200.00,0.00,279800.00,'duitku','paid',NULL,NULL,NULL,'2025-06-21 11:38:44',NULL,'2025-06-21 11:35:26','2026-02-03 09:05:06'),(58,'71d7666b-dec8-4199-926d-1d7a48ebbca9','WP-000073',504,NULL,2,1399000.00,1119200.00,0.00,279800.00,'duitku','paid',NULL,NULL,NULL,'2025-06-21 14:54:53',NULL,'2025-06-21 14:47:19','2026-02-03 09:05:06'),(59,'848ac497-8fb9-4ec5-b322-283fb8b6c1c0','WP-000074',505,NULL,2,1399000.00,1119200.00,0.00,279800.00,'duitku','paid',NULL,NULL,NULL,'2025-06-21 23:32:20',NULL,'2025-06-21 23:29:28','2026-02-03 09:05:06'),(60,'a0371145-5925-465f-b810-537ab06d8cb3','WP-000076',506,NULL,2,1399000.00,1119200.00,0.00,279800.00,'duitku','paid',NULL,NULL,NULL,'2025-06-22 07:08:29',NULL,'2025-06-22 07:06:15','2026-02-03 09:05:06'),(61,'e97f1083-ef8a-427b-81b0-4d8fb3e65987','WP-000078',507,NULL,2,1399000.00,1119200.00,0.00,279800.00,'duitku','paid',NULL,NULL,NULL,'2025-06-22 22:29:46',NULL,'2025-06-22 21:59:59','2026-02-03 09:05:06'),(62,'8794f481-0dd5-48b5-a99f-01149c024c38','WP-000079',508,NULL,2,1399000.00,1119200.00,0.00,279800.00,'duitku','paid',NULL,NULL,NULL,'2025-06-23 11:00:36',NULL,'2025-06-23 10:58:03','2026-02-03 09:05:06'),(63,'b4ce0762-b7ac-4630-aa02-28f09b87eb45','WP-000080',509,NULL,2,1399000.00,1119200.00,0.00,279800.00,'duitku','paid',NULL,NULL,NULL,'2025-06-23 15:06:23',NULL,'2025-06-23 14:33:36','2026-02-03 09:05:06'),(64,'048a19e3-073a-44ae-89cc-301ab7363c59','WP-000081',510,NULL,2,1399000.00,1119200.00,0.00,279800.00,'duitku','paid',NULL,NULL,NULL,'2025-06-23 19:37:31',NULL,'2025-06-23 19:34:51','2026-02-03 09:05:06'),(65,'e137d8a4-7306-4580-9e41-b77d253fa687','WP-000083',511,NULL,2,1399000.00,1119200.00,0.00,279800.00,'duitku','paid',NULL,NULL,NULL,'2025-06-24 18:12:48',NULL,'2025-06-24 03:46:27','2026-02-03 09:05:06'),(66,'515e2117-48ad-4d46-9deb-62821d972a62','WP-000084',512,NULL,2,1399000.00,1119200.00,0.00,279800.00,'duitku','paid',NULL,NULL,NULL,'2025-06-24 15:47:13',NULL,'2025-06-24 15:45:45','2026-02-03 09:05:06'),(67,'125856da-36f4-464d-b032-8e9dec35f775','WP-000085',513,NULL,2,1399000.00,1119200.00,0.00,279800.00,'duitku','paid',NULL,NULL,NULL,'2025-06-25 21:02:24',NULL,'2025-06-25 21:00:58','2026-02-03 09:05:06'),(68,'bd6a1873-1f20-4c46-83ee-afb0e42f627c','WP-000087',514,NULL,2,1399000.00,1119200.00,0.00,279800.00,'duitku','paid',NULL,NULL,NULL,'2025-06-27 19:14:03',NULL,'2025-06-27 18:22:30','2026-02-03 09:05:06'),(69,'06b068d3-0ca2-4f28-954c-a1ed694c62a3','WP-000088',515,NULL,2,1399000.00,1119200.00,0.00,279800.00,'duitku','paid',NULL,NULL,NULL,'2025-07-08 22:25:53',NULL,'2025-06-28 12:51:24','2026-02-03 09:05:06'),(70,'f3601780-16f4-4f50-ac47-ab3341e73bc1','WP-000089',516,NULL,2,1399000.00,1119200.00,0.00,279800.00,'duitku','paid',NULL,NULL,NULL,'2025-06-28 16:54:56',NULL,'2025-06-28 16:51:41','2026-02-03 09:05:06'),(71,'8994bd7d-c79d-4f10-8482-b30775ce9c27','WP-000090',515,NULL,2,1399000.00,1119200.00,0.00,279800.00,'duitku','paid',NULL,NULL,NULL,'2025-07-08 17:16:30',NULL,'2025-06-28 21:11:48','2026-02-03 09:05:06'),(72,'fab9fc58-c110-4892-90a2-aa2bf478b508','WP-000091',515,NULL,2,1399000.00,1119200.00,0.00,279800.00,'duitku','paid',NULL,NULL,NULL,'2025-06-28 21:43:22',NULL,'2025-06-28 21:38:26','2026-02-03 09:05:06'),(73,'17323c3e-6c71-4a69-bc4d-1cf86e1bf42f','WP-000092',517,NULL,2,1399000.00,1119200.00,0.00,279800.00,'duitku','paid',NULL,NULL,NULL,'2025-06-29 10:08:51',NULL,'2025-06-29 10:07:12','2026-02-03 09:05:06'),(74,'43cb1222-5972-469e-ae02-18435bc1b1b8','WP-000093',518,NULL,2,1399000.00,1119200.00,0.00,279800.00,'duitku','paid',NULL,NULL,NULL,'2025-06-30 17:46:45',NULL,'2025-06-30 17:20:29','2026-02-03 09:05:06'),(75,'dc45ca19-0604-40ac-9574-bedb086a6db2','WP-000095',519,NULL,2,1399000.00,1119200.00,0.00,279800.00,'duitku','paid',NULL,NULL,NULL,'2025-06-30 21:11:14',NULL,'2025-06-30 21:09:21','2026-02-03 09:05:06'),(76,'a2433885-4fa9-4987-b52a-46ea67fe8728','WP-000098',520,NULL,NULL,489000.00,0.00,0.00,489000.00,'duitku','paid',NULL,NULL,NULL,'2025-07-13 15:56:39',NULL,'2025-07-13 15:54:25','2026-02-03 08:57:04'),(77,'19be1774-d0c1-440a-85b7-d616af3d152c','WP-000099',521,NULL,NULL,489000.00,0.00,0.00,489000.00,'duitku','paid',NULL,NULL,NULL,'2025-07-15 18:47:05',NULL,'2025-07-15 18:42:13','2026-02-03 08:57:04'),(78,'0b21e35d-ef15-4e70-9cd2-ccbb8161e6a0','WP-000100',522,NULL,NULL,489000.00,0.00,0.00,489000.00,'duitku','paid',NULL,NULL,NULL,'2025-07-18 19:37:37',NULL,'2025-07-18 19:24:03','2026-02-03 08:57:04'),(79,'976ec503-0d8b-406d-8cee-f4f0471d99d9','WP-000101',523,NULL,NULL,489000.00,0.00,0.00,489000.00,'duitku','paid',NULL,NULL,NULL,'2025-07-19 12:58:35',NULL,'2025-07-19 12:57:34','2026-02-03 08:57:04'),(80,'c0dd6897-76b6-4cb4-8652-0cc4de79d4b9','WP-000102',524,NULL,NULL,489000.00,0.00,0.00,489000.00,'duitku','paid',NULL,NULL,NULL,'2025-07-19 20:22:16',NULL,'2025-07-19 20:21:50','2026-02-03 08:57:04'),(81,'5d788cdb-cfd0-40d8-a051-a589dc226fd8','WP-000103',525,NULL,NULL,489000.00,0.00,0.00,489000.00,'duitku','paid',NULL,NULL,NULL,'2025-07-20 11:16:13',NULL,'2025-07-20 11:14:28','2026-02-03 08:57:04'),(82,'0729a3ee-42a1-4ec9-ab9c-e79872713621','WP-000105',526,NULL,NULL,489000.00,0.00,0.00,489000.00,'duitku','paid',NULL,NULL,NULL,'2025-07-20 22:00:43',NULL,'2025-07-20 21:59:19','2026-02-03 08:57:04'),(83,'da01d3bf-d005-4e24-9428-ff39f9c5f4bb','WP-000107',527,NULL,NULL,489000.00,0.00,0.00,489000.00,'duitku','paid',NULL,NULL,NULL,'2025-07-24 12:01:12',NULL,'2025-07-24 12:00:35','2026-02-03 08:57:04'),(84,'46b5b118-c130-411c-8069-093d4a5d63c8','WP-000108',528,NULL,NULL,489000.00,0.00,0.00,489000.00,'duitku','paid',NULL,NULL,NULL,'2025-07-25 17:32:11',NULL,'2025-07-25 17:31:26','2026-02-03 08:57:04'),(85,'e56360c3-79cc-4a35-925d-133e7cef2cec','WP-000109',529,NULL,NULL,489000.00,0.00,0.00,489000.00,'duitku','paid',NULL,NULL,NULL,'2025-07-26 19:27:47',NULL,'2025-07-26 19:26:31','2026-02-03 08:57:04'),(86,'708c606d-6334-49b5-9e69-a206cc2a772d','WP-000111',530,NULL,NULL,489000.00,0.00,0.00,489000.00,'duitku','paid',NULL,NULL,NULL,'2025-08-02 11:03:25',NULL,'2025-08-02 10:59:51','2026-02-03 08:57:04'),(87,'c51510fb-76c2-4057-a81e-9d0fb2249994','WP-000112',531,NULL,NULL,489000.00,0.00,0.00,489000.00,'duitku','paid',NULL,NULL,NULL,'2025-08-03 18:41:45',NULL,'2025-08-03 18:39:59','2026-02-03 08:57:04'),(88,'0ad85336-0872-41d9-93d6-857f3c682ae1','WP-000113',532,NULL,NULL,489000.00,0.00,0.00,489000.00,'duitku','paid',NULL,NULL,NULL,'2025-08-03 21:47:37',NULL,'2025-08-03 21:13:44','2026-02-03 08:57:04'),(89,'0c8eedc1-cc87-45b9-9ab0-7aaa9c167e73','WP-000114',533,NULL,NULL,489000.00,0.00,0.00,489000.00,'duitku','paid',NULL,NULL,NULL,'2025-08-04 08:23:04',NULL,'2025-08-04 01:12:28','2026-02-03 08:57:04'),(90,'4199d11e-bf2a-4a71-9376-a48f54af2157','WP-000120',534,NULL,NULL,489000.00,0.00,0.00,489000.00,'duitku','paid',NULL,NULL,NULL,'2025-08-04 11:18:47',NULL,'2025-08-04 11:18:04','2026-02-03 08:57:04'),(91,'b18a293e-8c26-4a25-a6cc-df6bfa97fcc2','WP-000122',535,NULL,NULL,489000.00,0.00,0.00,489000.00,'duitku','paid',NULL,NULL,NULL,'2025-08-04 15:41:07',NULL,'2025-08-04 15:39:29','2026-02-03 08:57:04'),(92,'a90bad71-b9e7-40ed-bd17-97cdd2568df9','WP-000123',536,NULL,NULL,489000.00,0.00,0.00,489000.00,'duitku','paid',NULL,NULL,NULL,'2025-08-05 11:44:07',NULL,'2025-08-05 11:42:59','2026-02-03 08:57:04'),(93,'9f3061cc-76a0-4fdb-b340-f12ac557111c','WP-000124',537,NULL,NULL,489000.00,0.00,0.00,489000.00,'duitku','paid',NULL,NULL,NULL,'2025-08-05 19:22:02',NULL,'2025-08-05 19:17:41','2026-02-03 08:57:04'),(94,'c998dab9-38aa-4492-8703-eff8b1f05ea4','WP-000125',538,NULL,NULL,489000.00,0.00,0.00,489000.00,'duitku','paid',NULL,NULL,NULL,'2025-08-05 21:33:24',NULL,'2025-08-05 21:32:05','2026-02-03 08:57:04'),(95,'2545d4c9-19fa-4e14-94f4-af1c3d3a2b55','WP-000126',539,NULL,NULL,489000.00,0.00,0.00,489000.00,'duitku','paid',NULL,NULL,NULL,'2025-08-07 19:43:55',NULL,'2025-08-07 19:43:12','2026-02-03 08:57:04'),(96,'0c653115-fbd8-4546-9931-e1041ad4a981','WP-000127',540,NULL,NULL,489000.00,0.00,52.00,489052.00,'bank_transfer','paid',NULL,NULL,NULL,'2025-08-07 22:17:50',NULL,'2025-08-07 22:10:16','2026-02-03 08:57:04'),(97,'3b03f741-d65a-4c96-b76b-6fc6f89f2baf','WP-000128',541,NULL,NULL,489000.00,0.00,0.00,489000.00,'duitku','paid',NULL,NULL,NULL,'2025-08-08 10:00:19',NULL,'2025-08-08 09:20:09','2026-02-03 08:57:04'),(98,'809b11ec-f7af-4f03-9419-6023ccac21ed','WP-000130',542,NULL,NULL,489000.00,0.00,0.00,489000.00,'duitku','paid',NULL,NULL,NULL,'2025-08-08 13:45:18',NULL,'2025-08-08 13:44:32','2026-02-03 08:57:04'),(99,'44fccea1-b0bd-4e26-be8b-3d797c3239c7','WP-000131',543,NULL,NULL,489000.00,0.00,0.00,489000.00,'duitku','paid',NULL,NULL,NULL,'2025-08-09 16:26:36',NULL,'2025-08-09 16:25:33','2026-02-03 08:57:04'),(100,'d4a45ad5-1098-48f1-84f9-a9ffb1257fc4','WP-000132',544,NULL,NULL,489000.00,0.00,0.00,489000.00,'duitku','paid',NULL,NULL,NULL,'2025-08-09 16:44:16',NULL,'2025-08-09 16:39:38','2026-02-03 08:57:04'),(101,'cce03705-0ef3-4da1-81b5-3a01080cb97f','WP-000134',545,NULL,NULL,489000.00,0.00,0.00,489000.00,'duitku','paid',NULL,NULL,NULL,'2025-08-09 18:44:46',NULL,'2025-08-09 18:43:45','2026-02-03 08:57:04'),(102,'038283e0-32a2-4a25-9dee-c2f6c4cf5149','WP-000135',546,NULL,NULL,489000.00,0.00,0.00,489000.00,'duitku','paid',NULL,NULL,NULL,'2025-08-13 11:05:20',NULL,'2025-08-13 11:04:31','2026-02-03 08:57:04'),(103,'be4c8930-dd00-4655-bcf1-2a252c645620','WP-000136',547,NULL,NULL,489000.00,0.00,0.00,489000.00,'duitku','paid',NULL,NULL,NULL,'2025-08-14 00:25:20',NULL,'2025-08-14 00:24:19','2026-02-03 08:57:04'),(104,'a21d6c40-359a-4d0e-9d0f-bf43409594b1','WP-000137',548,NULL,NULL,489000.00,0.00,0.00,489000.00,'duitku','paid',NULL,NULL,NULL,'2025-08-14 14:28:50',NULL,'2025-08-14 14:09:29','2026-02-03 08:57:04'),(105,'484b804d-2b83-407b-9a03-836318975c78','WP-000138',549,NULL,NULL,489000.00,0.00,0.00,489000.00,'duitku','paid',NULL,NULL,NULL,'2025-08-17 16:54:35',NULL,'2025-08-17 16:53:41','2026-02-03 08:57:04'),(106,'a88fb005-6ab9-415a-bb0b-c0060f99ffb6','WP-000140',550,NULL,NULL,489000.00,0.00,0.00,489000.00,'duitku','paid',NULL,NULL,NULL,'2025-08-18 21:09:52',NULL,'2025-08-18 21:08:48','2026-02-03 08:57:04'),(107,'74d7b789-93c1-40a9-901e-9720ecbe0d1d','WP-000142',551,NULL,NULL,489000.00,0.00,0.00,489000.00,'duitku','paid',NULL,NULL,NULL,'2025-08-19 11:47:05',NULL,'2025-08-19 11:45:07','2026-02-03 08:57:04'),(108,'42ba0d2b-817e-48ec-a027-3d688a9f21cd','WP-000144',552,NULL,NULL,489000.00,0.00,0.00,489000.00,'duitku','paid',NULL,NULL,NULL,'2025-08-19 23:03:28',NULL,'2025-08-19 23:02:08','2026-02-03 08:57:04'),(109,'0b6eeb3b-e43a-453c-b753-c784721887d6','WP-000146',553,NULL,NULL,489000.00,0.00,0.00,489000.00,'duitku','paid',NULL,NULL,NULL,'2025-08-21 14:57:39',NULL,'2025-08-21 14:56:55','2026-02-03 08:57:04'),(110,'7e15d6cf-5170-46dc-9645-be28aaf605cc','WP-000147',554,NULL,NULL,489000.00,0.00,0.00,489000.00,'duitku','paid',NULL,NULL,NULL,'2025-08-22 14:05:12',NULL,'2025-08-22 11:33:58','2026-02-03 08:57:04'),(111,'471dfb67-409d-4205-82eb-4ad71bba5e69','WP-000148',555,NULL,NULL,489000.00,0.00,0.00,489000.00,'duitku','paid',NULL,NULL,NULL,'2025-08-22 19:39:44',NULL,'2025-08-22 19:38:50','2026-02-03 08:57:04'),(112,'14b27c8b-e4eb-49ee-8424-4774eba3a086','WP-000149',556,NULL,NULL,489000.00,0.00,0.00,489000.00,'duitku','paid',NULL,NULL,NULL,'2025-08-23 07:05:47',NULL,'2025-08-23 07:05:03','2026-02-03 08:57:04'),(113,'c99bc8a8-35b0-45af-aaf9-a6623f46064c','WP-000150',557,NULL,NULL,489000.00,0.00,0.00,489000.00,'duitku','paid',NULL,NULL,NULL,'2025-08-23 09:02:13',NULL,'2025-08-23 09:00:11','2026-02-03 08:57:04'),(114,'b3c43b8d-78f2-4c21-b473-f0c578d6a9a6','WP-000151',558,NULL,NULL,489000.00,0.00,0.00,489000.00,'duitku','paid',NULL,NULL,NULL,'2025-08-24 14:49:09',NULL,'2025-08-24 14:46:43','2026-02-03 08:57:04'),(115,'eb13b120-1c7f-4561-a7bb-ae294281788f','WP-000152',559,NULL,NULL,489000.00,0.00,0.00,489000.00,'duitku','paid',NULL,NULL,NULL,'2025-08-27 15:48:32',NULL,'2025-08-27 15:47:33','2026-02-03 08:57:04'),(116,'60c57b12-a22b-4d44-91f5-0b8e5d3ddfe2','WP-000153',560,NULL,NULL,489000.00,0.00,0.00,489000.00,'duitku','paid',NULL,NULL,NULL,'2025-08-27 19:43:09',NULL,'2025-08-27 19:42:37','2026-02-03 08:57:04'),(117,'15f38398-435d-4810-9cf0-0db5f76a4331','WP-000154',561,NULL,NULL,489000.00,0.00,0.00,489000.00,'duitku','paid',NULL,NULL,NULL,'2025-08-29 13:01:28',NULL,'2025-08-29 12:59:44','2026-02-03 08:57:04'),(118,'5aa8c56d-1417-48f3-a7a9-75150f859da3','WP-000155',562,NULL,NULL,489000.00,0.00,0.00,489000.00,'duitku','paid',NULL,NULL,NULL,'2025-08-29 15:45:10',NULL,'2025-08-29 15:43:40','2026-02-03 08:57:04'),(119,'cbbf8ae7-84da-4e1a-bf07-5726b3b469e8','WP-000156',563,NULL,NULL,489000.00,0.00,55.00,489055.00,'bank_transfer','paid',NULL,NULL,NULL,'2025-08-30 14:05:40',NULL,'2025-08-30 12:18:27','2026-02-03 08:57:04'),(120,'90e4741f-6150-4d73-a3a8-5dac311710dc','WP-000157',564,NULL,NULL,489000.00,0.00,0.00,489000.00,'duitku','paid',NULL,NULL,NULL,'2025-08-31 17:43:37',NULL,'2025-08-31 17:43:14','2026-02-03 08:57:04'),(121,'30ebe2ac-9109-4f85-b497-d088194a90a7','WP-000158',565,NULL,NULL,489000.00,0.00,0.00,489000.00,'duitku','paid',NULL,NULL,NULL,'2025-09-01 17:31:15',NULL,'2025-09-01 17:29:34','2026-02-03 08:57:04'),(122,'a43ff3c5-bad0-4fda-9434-7e3aef13db93','WP-000159',566,NULL,NULL,489000.00,0.00,0.00,489000.00,'duitku','paid',NULL,NULL,NULL,'2025-09-01 22:25:01',NULL,'2025-09-01 22:22:16','2026-02-03 08:57:04'),(123,'d704f1e2-5229-4f47-82d9-f64211d8d9b7','WP-000160',567,NULL,NULL,489000.00,0.00,0.00,489000.00,'duitku','paid',NULL,NULL,NULL,'2025-09-02 15:55:30',NULL,'2025-09-02 15:53:55','2026-02-03 08:57:04'),(124,'6c8b2e2d-2a02-40ee-bc1c-905fd36e03c7','WP-000161',568,NULL,NULL,489000.00,0.00,0.00,489000.00,'duitku','paid',NULL,NULL,NULL,'2025-09-02 16:28:49',NULL,'2025-09-02 16:27:02','2026-02-03 08:57:04'),(125,'40699679-2a86-4925-b958-5031ac6cd72f','WP-000162',569,NULL,NULL,489000.00,0.00,0.00,489000.00,'duitku','paid',NULL,NULL,NULL,'2025-09-02 20:17:27',NULL,'2025-09-02 20:16:38','2026-02-03 08:57:04'),(126,'242a65d1-2f27-4925-b78b-797acb450d59','WP-000163',570,NULL,NULL,489000.00,0.00,0.00,489000.00,'duitku','paid',NULL,NULL,NULL,'2025-09-03 10:48:32',NULL,'2025-09-03 10:14:27','2026-02-03 08:57:04'),(127,'ae40ac36-e44e-4da9-bcfc-5f4a7f34ebde','WP-000164',571,NULL,NULL,489000.00,0.00,0.00,489000.00,'duitku','paid',NULL,NULL,NULL,'2025-09-04 12:55:51',NULL,'2025-09-04 12:54:42','2026-02-03 08:57:04'),(128,'f30ed987-ead3-4060-9298-573a6b4ce583','WP-000165',572,NULL,NULL,489000.00,0.00,0.00,489000.00,'duitku','paid',NULL,NULL,NULL,'2025-09-04 14:41:42',NULL,'2025-09-04 14:40:21','2026-02-03 08:57:04'),(129,'af55b7e3-f33f-420e-b0f3-f1fe30b6a955','WP-000166',573,NULL,NULL,489000.00,0.00,0.00,489000.00,'duitku','paid',NULL,NULL,NULL,'2025-09-05 22:11:00',NULL,'2025-09-05 22:10:16','2026-02-03 08:57:04'),(130,'bc8d4480-8ef0-434f-809d-63f124240488','WP-000167',574,NULL,NULL,489000.00,0.00,0.00,489000.00,'duitku','paid',NULL,NULL,NULL,'2025-09-06 17:08:17',NULL,'2025-09-06 17:07:19','2026-02-03 08:57:04'),(131,'08aba890-f812-4650-b0d9-1e7b094d690c','WP-000168',575,NULL,NULL,489000.00,0.00,0.00,489000.00,'duitku','paid',NULL,NULL,NULL,'2025-09-07 17:29:01',NULL,'2025-09-07 17:26:48','2026-02-03 08:57:04'),(132,'e1def06a-ad59-4999-b79a-895ae02f1754','WP-000169',576,NULL,NULL,489000.00,0.00,0.00,489000.00,'duitku','paid',NULL,NULL,NULL,'2025-09-09 08:52:58',NULL,'2025-09-09 08:51:27','2026-02-03 08:57:04'),(133,'f5d73622-8bee-435f-b579-01e13ca26f79','WP-000174',577,NULL,NULL,489000.00,0.00,0.00,489000.00,'duitku','paid',NULL,NULL,NULL,'2025-09-09 23:53:28',NULL,'2025-09-09 23:52:50','2026-02-03 08:57:04'),(134,'c2a4b199-7242-4d86-9614-598a0bff4011','WP-000175',578,NULL,NULL,489000.00,0.00,0.00,489000.00,'duitku','paid',NULL,NULL,NULL,'2025-09-13 17:42:30',NULL,'2025-09-13 17:41:54','2026-02-03 08:57:04'),(135,'d73a67b1-9f89-4daf-a618-d30aec6f281f','WP-000176',579,NULL,NULL,489000.00,0.00,0.00,489000.00,'duitku','paid',NULL,NULL,NULL,'2025-09-13 18:12:09',NULL,'2025-09-13 18:11:18','2026-02-03 08:57:04'),(136,'d7d4131f-0dc6-4051-a84a-d93769d92ac1','WP-000177',580,NULL,NULL,489000.00,0.00,0.00,489000.00,'duitku','paid',NULL,NULL,NULL,'2025-09-14 17:27:15',NULL,'2025-09-14 17:25:40','2026-02-03 08:57:04'),(137,'4a28178f-84d5-418b-aa1f-708911326489','WP-000178',581,NULL,NULL,489000.00,0.00,0.00,489000.00,'duitku','paid',NULL,NULL,NULL,'2025-09-15 00:52:23',NULL,'2025-09-15 00:51:27','2026-02-03 08:57:04'),(138,'d864523c-5f6f-4b04-9688-1935fbd4aea9','WP-000179',582,NULL,NULL,489000.00,0.00,0.00,489000.00,'duitku','paid',NULL,NULL,NULL,'2025-09-15 15:27:44',NULL,'2025-09-15 15:26:30','2026-02-03 08:57:04'),(139,'572491af-7967-4d83-a058-a13ed3f2e19f','WP-000180',583,NULL,NULL,489000.00,0.00,0.00,489000.00,'duitku','paid',NULL,NULL,NULL,'2025-09-15 17:48:48',NULL,'2025-09-15 17:48:06','2026-02-03 08:57:04'),(140,'17e09094-142a-4e4e-bab8-540580a69aee','WP-000181',584,NULL,NULL,489000.00,0.00,0.00,489000.00,'duitku','paid',NULL,NULL,NULL,'2025-09-17 11:11:46',NULL,'2025-09-17 11:11:15','2026-02-03 08:57:04'),(141,'fce55258-3dfe-437d-878e-f921eac23953','WP-000182',585,NULL,NULL,489000.00,0.00,0.00,489000.00,'duitku','paid',NULL,NULL,NULL,'2025-09-18 16:18:43',NULL,'2025-09-18 16:15:23','2026-02-03 08:57:04'),(142,'6622a26e-25f0-48ca-9bcf-ae2e22b6c065','WP-000185',586,NULL,NULL,489000.00,0.00,0.00,489000.00,'duitku','paid',NULL,NULL,NULL,'2025-09-21 08:59:10',NULL,'2025-09-21 08:58:41','2026-02-03 08:57:04'),(143,'b54b8aea-20b9-4866-9871-08dd1bf06c67','WP-000186',587,NULL,NULL,489000.00,0.00,0.00,489000.00,'duitku','paid',NULL,NULL,NULL,'2025-09-24 10:56:55',NULL,'2025-09-24 10:56:12','2026-02-03 08:57:04'),(144,'157e2d34-ff09-4947-aa6f-2d218e9681cc','WP-000187',588,NULL,NULL,489000.00,0.00,0.00,489000.00,'duitku','paid',NULL,NULL,NULL,'2025-09-26 06:07:02',NULL,'2025-09-25 14:38:24','2026-02-03 08:57:04'),(145,'ed55e906-b8ba-44da-bfd0-ac1f2282395b','WP-000189',589,NULL,NULL,489000.00,0.00,0.00,489000.00,'duitku','paid',NULL,NULL,NULL,'2025-09-27 00:18:08',NULL,'2025-09-27 00:16:41','2026-02-03 08:57:04'),(146,'299d04ed-982b-48b9-9eed-e7ce0662ed49','WP-000192',590,NULL,NULL,489000.00,0.00,0.00,489000.00,'duitku','paid',NULL,NULL,NULL,'2025-09-28 18:18:46',NULL,'2025-09-28 18:16:28','2026-02-03 08:57:04'),(147,'bdbb2a78-ce5e-42d2-8dc0-78721b0ede29','WP-000193',591,NULL,NULL,489000.00,0.00,0.00,489000.00,'duitku','paid',NULL,NULL,NULL,'2025-09-29 12:32:14',NULL,'2025-09-29 12:29:34','2026-02-03 08:57:04'),(148,'7e53b06f-10cb-4eb5-a8a9-4996de583ee9','WP-000195',592,NULL,NULL,489000.00,0.00,0.00,489000.00,'duitku','paid',NULL,NULL,NULL,'2025-09-30 04:55:45',NULL,'2025-09-30 04:54:11','2026-02-03 08:57:04'),(149,'e46938ac-eebb-4911-9459-bc0b025e5f21','WP-000196',593,NULL,NULL,489000.00,0.00,0.00,489000.00,'duitku','paid',NULL,NULL,NULL,'2025-09-30 20:27:16',NULL,'2025-09-30 20:26:37','2026-02-03 08:57:04'),(150,'70f9a933-b072-4e20-9a9a-1a1520def901','WP-000197',594,NULL,NULL,489000.00,0.00,0.00,489000.00,'duitku','paid',NULL,NULL,NULL,'2025-10-02 11:51:55',NULL,'2025-10-02 11:01:32','2026-02-03 08:57:04'),(151,'bb99e5bf-0794-4db6-804c-1b1d133eb9e1','WP-000198',595,NULL,NULL,489000.00,0.00,0.00,489000.00,'duitku','paid',NULL,NULL,NULL,'2025-10-03 18:28:15',NULL,'2025-10-03 18:25:21','2026-02-03 08:57:04'),(152,'b81931d6-3891-459e-a587-954cfcdf3a5d','WP-000199',596,NULL,NULL,489000.00,0.00,0.00,489000.00,'duitku','paid',NULL,NULL,NULL,'2025-10-13 09:24:55',NULL,'2025-10-13 09:10:28','2026-02-03 08:57:04'),(153,'f75e06c7-79cf-4470-8410-9fd11421534a','WP-000203',597,NULL,NULL,489000.00,0.00,0.00,489000.00,'duitku','paid',NULL,NULL,NULL,'2025-10-16 20:18:30',NULL,'2025-10-16 20:16:37','2026-02-03 08:57:04'),(154,'d525182f-9b51-4af6-b1b6-f1889b92780f','WP-000204',598,2,NULL,489000.00,0.00,0.00,489000.00,'duitku','paid',NULL,NULL,NULL,'2025-10-17 13:29:41',NULL,'2025-10-17 13:28:44','2026-02-03 08:57:04'),(155,'c56153c5-91ad-4a83-8ca6-7f878e9ab4da','WP-000205',599,NULL,NULL,489000.00,0.00,0.00,489000.00,'duitku','paid',NULL,NULL,NULL,'2025-10-19 13:23:10',NULL,'2025-10-19 13:19:15','2026-02-03 08:57:04'),(156,'2b156b1f-6ed0-4454-814f-1ab5d2ed8df7','WP-000207',600,NULL,NULL,489000.00,0.00,0.00,489000.00,'duitku','paid',NULL,NULL,NULL,'2025-10-27 12:25:40',NULL,'2025-10-27 12:24:27','2026-02-03 08:57:04'),(157,'34621c81-91f1-4156-be9f-8812a8374c8c','WP-000208',601,NULL,NULL,489000.00,0.00,0.00,489000.00,'duitku','paid',NULL,NULL,NULL,'2025-10-28 11:48:59',NULL,'2025-10-28 11:48:10','2026-02-03 08:57:04'),(158,'a0f16d7e-7ef0-4f06-9c6d-077df4b4a72c','WP-000209',602,NULL,NULL,489000.00,0.00,0.00,489000.00,'duitku','paid',NULL,NULL,NULL,'2025-10-28 22:25:18',NULL,'2025-10-28 22:20:37','2026-02-03 08:57:04'),(159,'4a9b9088-13d5-4615-8d92-8ade24cc55eb','WP-000211',603,NULL,NULL,489000.00,0.00,0.00,489000.00,'duitku','paid',NULL,NULL,NULL,'2025-10-30 09:50:52',NULL,'2025-10-30 09:50:08','2026-02-03 08:57:04'),(160,'d64d912d-db68-43b9-a4a2-c36a667d2a03','WP-000212',604,NULL,NULL,489000.00,0.00,0.00,489000.00,'duitku','paid',NULL,NULL,NULL,'2025-11-02 13:38:48',NULL,'2025-11-02 13:38:02','2026-02-03 08:57:04'),(161,'1bd15742-8312-4bd8-b168-03a2f67bdb83','WP-000213',605,NULL,NULL,489000.00,0.00,0.00,489000.00,'duitku','paid',NULL,NULL,NULL,'2025-11-02 21:12:43',NULL,'2025-11-02 21:12:13','2026-02-03 08:57:04'),(162,'8c3fd01e-e5f0-44c1-a4e2-bf3cdcb0b35f','WP-000214',606,NULL,NULL,489000.00,0.00,0.00,489000.00,'duitku','paid',NULL,NULL,NULL,'2025-11-10 08:59:05',NULL,'2025-11-10 08:57:26','2026-02-03 08:57:04'),(163,'e3be3f6e-99cb-41c2-b86f-868efe485e78','WP-000215',607,NULL,NULL,489000.00,0.00,60.00,489060.00,'bank_transfer','paid',NULL,NULL,NULL,'2025-11-12 14:20:40',NULL,'2025-11-12 13:44:47','2026-02-03 08:57:04'),(164,'9f065ec8-a7ed-44e8-9896-37bcbdde358c','WP-000216',607,NULL,NULL,489000.00,0.00,0.00,489000.00,'duitku','paid',NULL,NULL,NULL,'2025-11-12 14:20:26',NULL,'2025-11-12 14:08:13','2026-02-03 08:57:04'),(165,'5d63f45e-8483-4f4a-82fe-0f84b96b28a9','WP-000217',608,NULL,NULL,489000.00,0.00,0.00,489000.00,'duitku','paid',NULL,NULL,NULL,'2025-11-14 08:50:21',NULL,'2025-11-14 08:49:49','2026-02-03 08:57:04'),(166,'72ce5033-43c7-4c3a-9a59-416e3a4518f3','WP-000218',609,NULL,NULL,489000.00,0.00,0.00,489000.00,'duitku','paid',NULL,NULL,NULL,'2025-11-15 13:36:10',NULL,'2025-11-15 13:28:51','2026-02-03 08:57:04'),(167,'c53251c5-8af5-4f7f-8404-f144ca26cd86','WP-000219',610,NULL,NULL,489000.00,0.00,0.00,489000.00,'duitku','paid',NULL,NULL,NULL,'2025-11-17 15:44:30',NULL,'2025-11-17 15:42:46','2026-02-03 08:57:04'),(168,'dceeab57-3f2c-486e-a0a2-9730e2906651','WP-000220',611,NULL,NULL,489000.00,0.00,0.00,489000.00,'duitku','paid',NULL,NULL,NULL,'2025-11-21 14:41:35',NULL,'2025-11-21 14:40:58','2026-02-03 08:57:04'),(169,'55d95544-4a9a-46bd-b7a5-d0753407e5e5','WP-000221',612,NULL,NULL,489000.00,0.00,0.00,489000.00,'duitku','paid',NULL,NULL,NULL,'2025-11-24 07:03:56',NULL,'2025-11-24 06:58:08','2026-02-03 08:57:04'),(170,'bb34a18b-8120-46eb-8201-db9e96402c20','WP-000222',613,NULL,NULL,489000.00,0.00,0.00,489000.00,'duitku','paid',NULL,NULL,NULL,'2025-11-24 21:08:31',NULL,'2025-11-24 21:07:22','2026-02-03 08:57:04'),(171,'d932ec19-5ebf-481d-a4f3-05b378904e68','WP-000224',614,NULL,NULL,489000.00,0.00,0.00,489000.00,'duitku','paid',NULL,NULL,NULL,'2025-11-26 09:58:54',NULL,'2025-11-26 09:58:05','2026-02-03 08:57:04'),(172,'ecaadd60-2d41-4d57-81b4-7e8470d2e190','WP-000225',615,NULL,NULL,489000.00,0.00,0.00,489000.00,'duitku','paid',NULL,NULL,NULL,'2025-12-01 02:31:25',NULL,'2025-12-01 02:30:27','2026-02-03 08:57:04'),(173,'262bec2a-8792-49ed-a0f8-4eb783d379b8','WP-000226',616,NULL,NULL,489000.00,0.00,0.00,489000.00,'duitku','paid',NULL,NULL,NULL,'2025-12-02 11:47:53',NULL,'2025-12-02 11:37:51','2026-02-03 08:57:04'),(174,'1a9af9e0-04c7-4fa2-b41a-660ba4f561f1','WP-000227',617,NULL,NULL,489000.00,0.00,0.00,489000.00,'duitku','paid',NULL,NULL,NULL,'2025-12-03 17:21:48',NULL,'2025-12-03 17:21:29','2026-02-03 08:57:04'),(175,'59cfa291-d22b-473f-a351-a2597e176f4d','WP-000228',618,NULL,NULL,489000.00,0.00,0.00,489000.00,'duitku','paid',NULL,NULL,NULL,'2025-12-04 10:41:46',NULL,'2025-12-04 10:41:01','2026-02-03 08:57:04'),(176,'64ee0f8d-4fb2-4c28-a5e0-0e254c217b7b','WP-000229',619,NULL,NULL,489000.00,0.00,0.00,489000.00,'duitku','paid',NULL,NULL,NULL,'2025-12-05 15:52:15',NULL,'2025-12-05 15:50:59','2026-02-03 08:57:04'),(177,'4ef9d056-dfb3-4281-85f7-a1f348f1bc25','WP-000230',620,NULL,NULL,489000.00,0.00,0.00,489000.00,'duitku','paid',NULL,NULL,NULL,'2025-12-10 15:39:13',NULL,'2025-12-10 15:37:18','2026-02-03 08:57:04'),(178,'cdd73f50-6151-42ee-9b97-6339b52a940c','WP-000232',621,NULL,NULL,489000.00,0.00,0.00,489000.00,'duitku','paid',NULL,NULL,NULL,'2025-12-13 16:36:32',NULL,'2025-12-13 16:35:25','2026-02-03 08:57:04'),(179,'788e5a3f-6b2e-4e5d-ac3d-59a83323c546','WP-000233',622,NULL,NULL,489000.00,0.00,0.00,489000.00,'duitku','paid',NULL,NULL,NULL,'2025-12-16 06:54:24',NULL,'2025-12-16 06:53:16','2026-02-03 08:57:04'),(180,'923c79fa-c751-4020-b56e-79b2c8b572de','WP-000234',623,NULL,NULL,489000.00,0.00,0.00,489000.00,'duitku','paid',NULL,NULL,NULL,'2025-12-19 17:25:42',NULL,'2025-12-19 15:50:02','2026-02-03 08:57:04'),(181,'2261b3e1-4d87-4d28-882a-96ff863a2f40','WP-000235',624,NULL,NULL,489000.00,0.00,0.00,489000.00,'duitku','paid',NULL,NULL,NULL,'2025-12-20 13:32:39',NULL,'2025-12-20 13:32:06','2026-02-03 08:57:04'),(182,'95e1d69c-4584-48cc-9e28-ed4312db5b26','WP-000236',625,NULL,NULL,489000.00,0.00,0.00,489000.00,'duitku','paid',NULL,NULL,NULL,'2025-12-20 20:25:12',NULL,'2025-12-20 20:24:39','2026-02-03 08:57:04'),(183,'13067bbb-b29f-43a8-a1b6-38450dc5d36a','WP-000237',626,NULL,NULL,489000.00,0.00,0.00,489000.00,'duitku','paid',NULL,NULL,NULL,'2025-12-22 13:44:39',NULL,'2025-12-22 13:43:28','2026-02-03 08:57:04'),(184,'34a7ef3a-3e3c-4577-9a2b-6756211d9df5','WP-000238',627,3,NULL,489000.00,0.00,0.00,489000.00,'duitku','paid',NULL,NULL,NULL,'2025-12-22 16:58:42',NULL,'2025-12-22 16:56:36','2026-02-03 08:57:04'),(185,'e7b67339-8b33-4a80-a2f8-75b5ac07a517','WP-000239',628,NULL,NULL,489000.00,0.00,0.00,489000.00,'duitku','paid',NULL,NULL,NULL,'2025-12-24 20:08:00',NULL,'2025-12-24 20:07:11','2026-02-03 08:57:04'),(186,'77d9fa23-e8da-4893-8415-e05a8b6ee862','WP-000240',629,NULL,NULL,489000.00,0.00,0.00,489000.00,'duitku','paid',NULL,NULL,NULL,'2025-12-24 21:11:36',NULL,'2025-12-24 21:07:44','2026-02-03 08:57:04'),(187,'8ff08973-7feb-4990-b9b3-2668114e628a','WP-000241',630,NULL,NULL,489000.00,0.00,0.00,489000.00,'duitku','paid',NULL,NULL,NULL,'2025-12-27 09:47:05',NULL,'2025-12-27 09:39:49','2026-02-03 08:57:04'),(188,'8c0cbf1d-847a-49bc-b7d7-1ba8b4598437','WP-000242',631,NULL,NULL,489000.00,0.00,0.00,489000.00,'duitku','paid',NULL,NULL,NULL,'2025-12-29 09:26:11',NULL,'2025-12-29 09:25:33','2026-02-03 08:57:04'),(189,'ed820c11-a7e1-452b-9925-ee40ba6aa606','WP-000243',632,NULL,NULL,489000.00,0.00,0.00,489000.00,'duitku','paid',NULL,NULL,NULL,'2025-12-29 09:43:30',NULL,'2025-12-29 09:42:56','2026-02-03 08:57:04'),(190,'e602f8a9-a5c3-4bac-960d-8a607dd62452','WP-000246',633,4,NULL,489000.00,0.00,0.00,489000.00,'duitku','paid',NULL,NULL,NULL,'2025-12-31 20:36:21',NULL,'2025-12-31 20:34:51','2026-02-03 08:57:04'),(191,'602c9a20-5ae8-4587-8fb9-8292355e432c','WP-000247',634,NULL,NULL,489000.00,0.00,0.00,489000.00,'duitku','paid',NULL,NULL,NULL,'2026-01-01 14:13:24',NULL,'2026-01-01 14:12:15','2026-02-03 08:57:04'),(192,'e82c8110-888f-424c-b2cd-c41909cae537','WP-000248',635,NULL,NULL,489000.00,0.00,0.00,489000.00,'duitku','paid',NULL,NULL,NULL,'2026-01-01 20:50:36',NULL,'2026-01-01 20:46:01','2026-02-03 08:57:04'),(193,'c6c5f1d2-8a37-47f1-91ab-dab28f3f4b62','WP-000249',636,NULL,NULL,489000.00,0.00,0.00,489000.00,'duitku','paid',NULL,NULL,NULL,'2026-01-02 01:53:04',NULL,'2026-01-02 01:52:21','2026-02-03 08:57:04'),(194,'3b4f6894-9460-449f-be1c-ae5ca6d710bb','WP-000250',637,3,NULL,489000.00,0.00,0.00,489000.00,'duitku','paid',NULL,NULL,NULL,'2026-01-02 05:35:06',NULL,'2026-01-02 05:28:52','2026-02-03 08:57:04'),(195,'6f0a86f4-82ea-4eab-a713-ae56dec37764','WP-000251',638,NULL,NULL,489000.00,0.00,0.00,489000.00,'duitku','paid',NULL,NULL,NULL,'2026-01-04 12:03:43',NULL,'2026-01-04 12:02:41','2026-02-03 08:57:04'),(196,'559d8232-2f9d-4a5f-a8b2-a5063252123a','WP-000252',639,NULL,NULL,489000.00,0.00,0.00,489000.00,'duitku','paid',NULL,NULL,NULL,'2026-01-04 12:05:55',NULL,'2026-01-04 12:05:25','2026-02-03 08:57:04'),(197,'a4afc025-0e32-4ffe-bde3-e69a0bd32ded','WP-000253',640,NULL,NULL,489000.00,0.00,0.00,489000.00,'duitku','paid',NULL,NULL,NULL,'2026-01-07 17:26:58',NULL,'2026-01-07 17:22:33','2026-02-03 08:57:04'),(198,'b64347a0-45f2-4650-b388-8defbb88ce08','WP-000254',641,NULL,NULL,489000.00,0.00,0.00,489000.00,'duitku','paid',NULL,NULL,NULL,'2026-01-08 17:52:46',NULL,'2026-01-08 17:50:55','2026-02-03 08:57:04'),(199,'996a74a1-b14a-4ffb-a81a-6939a07d74b0','WP-000256',642,NULL,NULL,489000.00,0.00,0.00,489000.00,'duitku','paid',NULL,NULL,NULL,'2026-01-09 10:36:29',NULL,'2026-01-09 10:28:25','2026-02-03 08:57:04'),(200,'e9f8aa88-f005-4e6f-9639-dcd27d838f86','WP-000257',643,NULL,NULL,489000.00,0.00,0.00,489000.00,'duitku','paid',NULL,NULL,NULL,'2026-01-10 15:13:24',NULL,'2026-01-10 15:12:22','2026-02-03 08:57:04'),(201,'b64e9a9b-3b0f-40ac-9a69-f8c9a6983b71','WP-000258',644,NULL,NULL,489000.00,0.00,0.00,489000.00,'duitku','paid',NULL,NULL,NULL,'2026-01-14 14:39:26',NULL,'2026-01-14 14:39:07','2026-02-03 08:57:04'),(202,'50e4feac-92b7-427d-850d-a1943496678c','WP-000259',645,NULL,NULL,489000.00,0.00,0.00,489000.00,'duitku','paid',NULL,NULL,NULL,'2026-01-14 21:26:02',NULL,'2026-01-14 21:08:48','2026-02-03 08:57:04'),(203,'e178ae21-3d53-4a37-be2b-271519f94564','WP-000260',646,NULL,NULL,489000.00,0.00,0.00,489000.00,'duitku','paid',NULL,NULL,NULL,'2026-01-15 09:14:35',NULL,'2026-01-15 09:13:14','2026-02-03 08:57:04'),(204,'6103f7aa-384d-481f-86fa-087da74bd4fa','WP-000261',647,NULL,NULL,489000.00,0.00,0.00,489000.00,'duitku','paid',NULL,NULL,NULL,'2026-01-16 10:56:41',NULL,'2026-01-16 10:56:06','2026-02-03 08:57:04'),(205,'8dd3f53b-2bf9-4229-9abb-7aa133136e24','WP-000262',648,NULL,NULL,489000.00,0.00,0.00,489000.00,'duitku','paid',NULL,NULL,NULL,'2026-01-17 21:33:45',NULL,'2026-01-17 21:31:23','2026-02-03 08:57:04'),(206,'43d52cff-d8f1-4c13-a24c-86b15b2d1e8c','WP-000263',649,5,NULL,489000.00,0.00,0.00,489000.00,'duitku','paid',NULL,NULL,NULL,'2026-01-19 16:14:35',NULL,'2026-01-19 16:12:58','2026-02-03 08:57:04'),(207,'3cdfeb10-866d-47c8-ae3a-bc09ab6a4298','WP-000264',650,NULL,NULL,489000.00,0.00,0.00,489000.00,'duitku','paid',NULL,NULL,NULL,'2026-01-23 08:29:16',NULL,'2026-01-23 08:28:15','2026-02-03 08:57:04'),(208,'91022357-c546-4b21-9315-f296ed76e741','WP-000265',651,NULL,NULL,489000.00,0.00,0.00,489000.00,'duitku','paid',NULL,NULL,NULL,'2026-01-24 14:03:17',NULL,'2026-01-24 14:01:45','2026-02-03 08:57:04'),(209,'2d806657-bbd4-4877-9f35-7a8701959ad7','WP-000267',652,NULL,NULL,489000.00,0.00,0.00,489000.00,'duitku','paid',NULL,NULL,NULL,'2026-01-25 20:00:41',NULL,'2026-01-25 19:54:12','2026-02-03 08:57:04'),(210,'7f86da6a-5dc1-40d9-988e-727ade97247e','WP-000268',653,NULL,NULL,489000.00,0.00,0.00,489000.00,'duitku','paid',NULL,NULL,NULL,'2026-01-27 12:03:29',NULL,'2026-01-27 12:02:47','2026-02-03 08:57:04'),(211,'e84a192e-226e-456e-854a-6e161bdd1209','WP-000269',654,NULL,NULL,489000.00,0.00,0.00,489000.00,'duitku','paid',NULL,NULL,NULL,'2026-01-28 09:18:02',NULL,'2026-01-28 09:16:50','2026-02-03 08:57:04'),(212,'df9b9370-27de-4194-8ccc-14aa004476c8','WP-000270',655,NULL,NULL,489000.00,0.00,0.00,489000.00,'duitku','paid',NULL,NULL,NULL,'2026-01-28 14:17:46',NULL,'2026-01-28 14:16:56','2026-02-03 08:57:04'),(213,'d87deb8d-71e0-4192-8e45-0d50e1b92e77','WP-000271',656,NULL,NULL,489000.00,0.00,0.00,489000.00,'duitku','paid',NULL,NULL,NULL,'2026-01-28 16:25:34',NULL,'2026-01-28 16:23:18','2026-02-03 08:57:04'),(214,'70dc8f90-72e7-467c-bb4d-5513aca33fa8','WP-000272',657,NULL,NULL,489000.00,0.00,0.00,489000.00,'duitku','paid',NULL,NULL,NULL,'2026-01-28 16:34:34',NULL,'2026-01-28 16:34:08','2026-02-03 08:57:04'),(215,'d4f39599-f5b9-4046-b977-2b8618e581ef','WP-000273',658,NULL,NULL,489000.00,0.00,0.00,489000.00,'duitku','paid',NULL,NULL,NULL,'2026-01-28 21:01:38',NULL,'2026-01-28 21:00:23','2026-02-03 08:57:04'),(216,'c1560b2a-9031-4732-a2f2-3d4198e75b04','WP-000274',659,NULL,NULL,489000.00,0.00,0.00,489000.00,'duitku','paid',NULL,NULL,NULL,'2026-01-28 23:12:06',NULL,'2026-01-28 23:09:53','2026-02-03 08:57:04'),(217,'b2c2105a-a78d-42f8-b87b-03096eb4f39d','WP-000275',660,NULL,NULL,489000.00,0.00,0.00,489000.00,'duitku','paid',NULL,NULL,NULL,'2026-01-29 11:05:26',NULL,'2026-01-29 11:03:59','2026-02-03 08:57:04'),(218,'a06b71ea-708a-4952-8394-4e699e17d3ee','WP-000276',661,6,NULL,489000.00,0.00,0.00,489000.00,'duitku','paid',NULL,NULL,NULL,'2026-01-29 12:15:55',NULL,'2026-01-29 12:15:16','2026-02-03 08:57:04'),(219,'84524e94-300e-41c6-9b5d-2f53fd1f400f','WP-000277',662,NULL,NULL,489000.00,0.00,0.00,489000.00,'duitku','paid',NULL,NULL,NULL,'2026-01-29 13:49:04',NULL,'2026-01-29 13:46:46','2026-02-03 08:57:04'),(220,'22cc95d5-3c57-420a-9590-79dbb9cd34c2','WP-000278',663,NULL,NULL,489000.00,0.00,0.00,489000.00,'duitku','paid',NULL,NULL,NULL,'2026-01-29 22:48:20',NULL,'2026-01-29 22:47:51','2026-02-03 08:57:04'),(221,'e9d7bcad-1a82-4de5-bbb7-d60073f847e3','WP-000279',664,NULL,NULL,489000.00,0.00,0.00,489000.00,'duitku','paid',NULL,NULL,NULL,'2026-01-30 10:09:11',NULL,'2026-01-30 10:08:25','2026-02-03 08:57:04');
/*!40000 ALTER TABLE `orders` ENABLE KEYS */;
UNLOCK TABLES;

--
-- Table structure for table `password_reset_tokens`
--

DROP TABLE IF EXISTS `password_reset_tokens`;
/*!40101 SET @saved_cs_client     = @@character_set_client */;
/*!50503 SET character_set_client = utf8mb4 */;
CREATE TABLE `password_reset_tokens` (
  `email` varchar(255) COLLATE utf8mb4_unicode_ci NOT NULL,
  `token` varchar(255) COLLATE utf8mb4_unicode_ci NOT NULL,
  `created_at` timestamp NULL DEFAULT NULL,
  PRIMARY KEY (`email`)
) ENGINE=InnoDB DEFAULT CHARSET=utf8mb4 COLLATE=utf8mb4_unicode_ci;
/*!40101 SET character_set_client = @saved_cs_client */;

--
-- Dumping data for table `password_reset_tokens`
--

LOCK TABLES `password_reset_tokens` WRITE;
/*!40000 ALTER TABLE `password_reset_tokens` DISABLE KEYS */;
/*!40000 ALTER TABLE `password_reset_tokens` ENABLE KEYS */;
UNLOCK TABLES;

--
-- Table structure for table `sections`
--

DROP TABLE IF EXISTS `sections`;
/*!40101 SET @saved_cs_client     = @@character_set_client */;
/*!50503 SET character_set_client = utf8mb4 */;
CREATE TABLE `sections` (
  `id` bigint unsigned NOT NULL AUTO_INCREMENT,
  `course_id` bigint unsigned NOT NULL,
  `title` varchar(255) COLLATE utf8mb4_unicode_ci NOT NULL,
  `description` text COLLATE utf8mb4_unicode_ci,
  `total_duration` int NOT NULL DEFAULT '0',
  `total_lessons` int NOT NULL DEFAULT '0',
  `order` int NOT NULL DEFAULT '0',
  `created_at` timestamp NULL DEFAULT NULL,
  `updated_at` timestamp NULL DEFAULT NULL,
  PRIMARY KEY (`id`),
  KEY `sections_course_id_order_index` (`course_id`,`order`),
  CONSTRAINT `sections_course_id_foreign` FOREIGN KEY (`course_id`) REFERENCES `courses` (`id`) ON DELETE CASCADE
) ENGINE=InnoDB AUTO_INCREMENT=4 DEFAULT CHARSET=utf8mb4 COLLATE=utf8mb4_unicode_ci;
/*!40101 SET character_set_client = @saved_cs_client */;

--
-- Dumping data for table `sections`
--

LOCK TABLES `sections` WRITE;
/*!40000 ALTER TABLE `sections` DISABLE KEYS */;
INSERT INTO `sections` VALUES (1,1,'Perkenalan','',1033,3,1,'2025-06-12 14:17:30','2026-02-02 06:55:38'),(2,1,'Riset','',16849,5,2,'2025-06-12 13:56:05','2026-02-02 06:55:38'),(3,1,'Tutorial','',14951,24,3,'2025-06-12 14:04:36','2026-02-02 06:55:38');
/*!40000 ALTER TABLE `sections` ENABLE KEYS */;
UNLOCK TABLES;

--
-- Table structure for table `sessions`
--

DROP TABLE IF EXISTS `sessions`;
/*!40101 SET @saved_cs_client     = @@character_set_client */;
/*!50503 SET character_set_client = utf8mb4 */;
CREATE TABLE `sessions` (
  `id` varchar(255) COLLATE utf8mb4_unicode_ci NOT NULL,
  `user_id` bigint unsigned DEFAULT NULL,
  `ip_address` varchar(45) COLLATE utf8mb4_unicode_ci DEFAULT NULL,
  `user_agent` text COLLATE utf8mb4_unicode_ci,
  `payload` longtext COLLATE utf8mb4_unicode_ci NOT NULL,
  `last_activity` int NOT NULL,
  PRIMARY KEY (`id`),
  KEY `sessions_user_id_index` (`user_id`),
  KEY `sessions_last_activity_index` (`last_activity`)
) ENGINE=InnoDB DEFAULT CHARSET=utf8mb4 COLLATE=utf8mb4_unicode_ci;
/*!40101 SET character_set_client = @saved_cs_client */;

--
-- Dumping data for table `sessions`
--

LOCK TABLES `sessions` WRITE;
/*!40000 ALTER TABLE `sessions` DISABLE KEYS */;
INSERT INTO `sessions` VALUES ('zVZ4a5LyUBxcVoR9B60AI1H0pstgdOS4tVVnh5ae',1,'192.168.65.1','Mozilla/5.0 (Macintosh; Intel Mac OS X 10_15_7) AppleWebKit/537.36 (KHTML, like Gecko) Chrome/143.0.0.0 Safari/537.36','YTo5OntzOjY6Il90b2tlbiI7czo0MDoiZlVERFJnQUFGeXdEMFB5ZTMxQlQ2ZFFWTW9YcjkySXR0bTNTT0dOYSI7czo1MToibG9naW5fdXNlcl81OWJhMzZhZGRjMmIyZjk0MDE1ODBmMDE0YzdmNThlYTRlMzA5ODlkIjtpOjY3MjtzOjE4OiJwYXNzd29yZF9oYXNoX3VzZXIiO3M6NjQ6ImI1YjM0OTkyMzQzYjc5YmZmZjkwY2RhZjk5NDhlYjkyZGYwYWM5NTY4YWQzZjg3OTBmZjM2M2E1MmE3MDRlYmIiO3M6OToiX3ByZXZpb3VzIjthOjI6e3M6MzoidXJsIjtzOjI2OiJodHRwOi8vbG9jYWxob3N0L2Rhc2hib2FyZCI7czo1OiJyb3V0ZSI7czoyMToiZmlsYW1lbnQudXNlci5wYWdlcy4uIjt9czo2OiJfZmxhc2giO2E6Mjp7czozOiJvbGQiO2E6MDp7fXM6MzoibmV3IjthOjA6e319czozOiJ1cmwiO2E6MDp7fXM6NTI6ImxvZ2luX2FkbWluXzU5YmEzNmFkZGMyYjJmOTQwMTU4MGYwMTRjN2Y1OGVhNGUzMDk4OWQiO2k6MTtzOjE5OiJwYXNzd29yZF9oYXNoX2FkbWluIjtzOjY0OiIzMjI0ZGZmY2U0MzM1MWRkZWI1ZjE4ZTA1YzNjZjQyNWE3ZGEyZmZkOTMwNzQ1N2JkN2Y4NjNjNzQ0ZTZhNWJjIjtzOjY6InRhYmxlcyI7YTo0OntzOjQwOiI3M2MyNTE3NmEwMTE4MTNiY2FkZjE3NzgwZDk3NWEzOF9jb2x1bW5zIjthOjc6e2k6MDthOjc6e3M6NDoidHlwZSI7czo2OiJjb2x1bW4iO3M6NDoibmFtZSI7czo0OiJjb2RlIjtzOjU6ImxhYmVsIjtzOjQ6IkNvZGUiO3M6ODoiaXNIaWRkZW4iO2I6MDtzOjk6ImlzVG9nZ2xlZCI7YjoxO3M6MTI6ImlzVG9nZ2xlYWJsZSI7YjowO3M6MjQ6ImlzVG9nZ2xlZEhpZGRlbkJ5RGVmYXVsdCI7Tjt9aToxO2E6Nzp7czo0OiJ0eXBlIjtzOjY6ImNvbHVtbiI7czo0OiJuYW1lIjtzOjQ6InR5cGUiO3M6NToibGFiZWwiO3M6NDoiVHlwZSI7czo4OiJpc0hpZGRlbiI7YjowO3M6OToiaXNUb2dnbGVkIjtiOjE7czoxMjoiaXNUb2dnbGVhYmxlIjtiOjA7czoyNDoiaXNUb2dnbGVkSGlkZGVuQnlEZWZhdWx0IjtOO31pOjI7YTo3OntzOjQ6InR5cGUiO3M6NjoiY29sdW1uIjtzOjQ6Im5hbWUiO3M6MTU6ImZvcm1hdHRlZF92YWx1ZSI7czo1OiJsYWJlbCI7czo4OiJEaXNjb3VudCI7czo4OiJpc0hpZGRlbiI7YjowO3M6OToiaXNUb2dnbGVkIjtiOjE7czoxMjoiaXNUb2dnbGVhYmxlIjtiOjA7czoyNDoiaXNUb2dnbGVkSGlkZGVuQnlEZWZhdWx0IjtOO31pOjM7YTo3OntzOjQ6InR5cGUiO3M6NjoiY29sdW1uIjtzOjQ6Im5hbWUiO3M6MTA6InVzZWRfY291bnQiO3M6NToibGFiZWwiO3M6NDoiVXNlZCI7czo4OiJpc0hpZGRlbiI7YjowO3M6OToiaXNUb2dnbGVkIjtiOjE7czoxMjoiaXNUb2dnbGVhYmxlIjtiOjA7czoyNDoiaXNUb2dnbGVkSGlkZGVuQnlEZWZhdWx0IjtOO31pOjQ7YTo3OntzOjQ6InR5cGUiO3M6NjoiY29sdW1uIjtzOjQ6Im5hbWUiO3M6MTA6ImV4cGlyZXNfYXQiO3M6NToibGFiZWwiO3M6NzoiRXhwaXJlcyI7czo4OiJpc0hpZGRlbiI7YjowO3M6OToiaXNUb2dnbGVkIjtiOjE7czoxMjoiaXNUb2dnbGVhYmxlIjtiOjA7czoyNDoiaXNUb2dnbGVkSGlkZGVuQnlEZWZhdWx0IjtOO31pOjU7YTo3OntzOjQ6InR5cGUiO3M6NjoiY29sdW1uIjtzOjQ6Im5hbWUiO3M6ODoiaXNfdmFsaWQiO3M6NToibGFiZWwiO3M6NToiVmFsaWQiO3M6ODoiaXNIaWRkZW4iO2I6MDtzOjk6ImlzVG9nZ2xlZCI7YjoxO3M6MTI6ImlzVG9nZ2xlYWJsZSI7YjowO3M6MjQ6ImlzVG9nZ2xlZEhpZGRlbkJ5RGVmYXVsdCI7Tjt9aTo2O2E6Nzp7czo0OiJ0eXBlIjtzOjY6ImNvbHVtbiI7czo0OiJuYW1lIjtzOjEwOiJjcmVhdGVkX2F0IjtzOjU6ImxhYmVsIjtzOjEwOiJDcmVhdGVkIGF0IjtzOjg6ImlzSGlkZGVuIjtiOjA7czo5OiJpc1RvZ2dsZWQiO2I6MDtzOjEyOiJpc1RvZ2dsZWFibGUiO2I6MTtzOjI0OiJpc1RvZ2dsZWRIaWRkZW5CeURlZmF1bHQiO2I6MTt9fXM6NDA6IjFlZmUyNThiMGQxOTA1Y2U2ZmFjNmU3OTU4NDJhNzEwX2NvbHVtbnMiO2E6Njp7aTowO2E6Nzp7czo0OiJ0eXBlIjtzOjY6ImNvbHVtbiI7czo0OiJuYW1lIjtzOjEyOiJjb3Vyc2UudGl0bGUiO3M6NToibGFiZWwiO3M6NjoiQ291cnNlIjtzOjg6ImlzSGlkZGVuIjtiOjA7czo5OiJpc1RvZ2dsZWQiO2I6MTtzOjEyOiJpc1RvZ2dsZWFibGUiO2I6MDtzOjI0OiJpc1RvZ2dsZWRIaWRkZW5CeURlZmF1bHQiO047fWk6MTthOjc6e3M6NDoidHlwZSI7czo2OiJjb2x1bW4iO3M6NDoibmFtZSI7czo5OiJ1c2VyLm5hbWUiO3M6NToibGFiZWwiO3M6ODoiUmV2aWV3ZXIiO3M6ODoiaXNIaWRkZW4iO2I6MDtzOjk6ImlzVG9nZ2xlZCI7YjoxO3M6MTI6ImlzVG9nZ2xlYWJsZSI7YjowO3M6MjQ6ImlzVG9nZ2xlZEhpZGRlbkJ5RGVmYXVsdCI7Tjt9aToyO2E6Nzp7czo0OiJ0eXBlIjtzOjY6ImNvbHVtbiI7czo0OiJuYW1lIjtzOjY6InJhdGluZyI7czo1OiJsYWJlbCI7czo2OiJSYXRpbmciO3M6ODoiaXNIaWRkZW4iO2I6MDtzOjk6ImlzVG9nZ2xlZCI7YjoxO3M6MTI6ImlzVG9nZ2xlYWJsZSI7YjowO3M6MjQ6ImlzVG9nZ2xlZEhpZGRlbkJ5RGVmYXVsdCI7Tjt9aTozO2E6Nzp7czo0OiJ0eXBlIjtzOjY6ImNvbHVtbiI7czo0OiJuYW1lIjtzOjc6ImNvbW1lbnQiO3M6NToibGFiZWwiO3M6NzoiQ29tbWVudCI7czo4OiJpc0hpZGRlbiI7YjowO3M6OToiaXNUb2dnbGVkIjtiOjE7czoxMjoiaXNUb2dnbGVhYmxlIjtiOjA7czoyNDoiaXNUb2dnbGVkSGlkZGVuQnlEZWZhdWx0IjtOO31pOjQ7YTo3OntzOjQ6InR5cGUiO3M6NjoiY29sdW1uIjtzOjQ6Im5hbWUiO3M6MTI6ImlzX3B1Ymxpc2hlZCI7czo1OiJsYWJlbCI7czo5OiJQdWJsaXNoZWQiO3M6ODoiaXNIaWRkZW4iO2I6MDtzOjk6ImlzVG9nZ2xlZCI7YjoxO3M6MTI6ImlzVG9nZ2xlYWJsZSI7YjowO3M6MjQ6ImlzVG9nZ2xlZEhpZGRlbkJ5RGVmYXVsdCI7Tjt9aTo1O2E6Nzp7czo0OiJ0eXBlIjtzOjY6ImNvbHVtbiI7czo0OiJuYW1lIjtzOjEwOiJjcmVhdGVkX2F0IjtzOjU6ImxhYmVsIjtzOjEwOiJDcmVhdGVkIGF0IjtzOjg6ImlzSGlkZGVuIjtiOjA7czo5OiJpc1RvZ2dsZWQiO2I6MTtzOjEyOiJpc1RvZ2dsZWFibGUiO2I6MDtzOjI0OiJpc1RvZ2dsZWRIaWRkZW5CeURlZmF1bHQiO047fX1zOjQwOiI3MWU1YTI3MDQwNWU0YmU5OTEyMGQzNGMzY2I5MzkyZF9jb2x1bW5zIjthOjU6e2k6MDthOjc6e3M6NDoidHlwZSI7czo2OiJjb2x1bW4iO3M6NDoibmFtZSI7czo1OiJvcmRlciI7czo1OiJsYWJlbCI7czoxOiIjIjtzOjg6ImlzSGlkZGVuIjtiOjA7czo5OiJpc1RvZ2dsZWQiO2I6MTtzOjEyOiJpc1RvZ2dsZWFibGUiO2I6MDtzOjI0OiJpc1RvZ2dsZWRIaWRkZW5CeURlZmF1bHQiO047fWk6MTthOjc6e3M6NDoidHlwZSI7czo2OiJjb2x1bW4iO3M6NDoibmFtZSI7czo0OiJuYW1lIjtzOjU6ImxhYmVsIjtzOjQ6Ik5hbWUiO3M6ODoiaXNIaWRkZW4iO2I6MDtzOjk6ImlzVG9nZ2xlZCI7YjoxO3M6MTI6ImlzVG9nZ2xlYWJsZSI7YjowO3M6MjQ6ImlzVG9nZ2xlZEhpZGRlbkJ5RGVmYXVsdCI7Tjt9aToyO2E6Nzp7czo0OiJ0eXBlIjtzOjY6ImNvbHVtbiI7czo0OiJuYW1lIjtzOjQ6InNsdWciO3M6NToibGFiZWwiO3M6NDoiU2x1ZyI7czo4OiJpc0hpZGRlbiI7YjowO3M6OToiaXNUb2dnbGVkIjtiOjE7czoxMjoiaXNUb2dnbGVhYmxlIjtiOjA7czoyNDoiaXNUb2dnbGVkSGlkZGVuQnlEZWZhdWx0IjtOO31pOjM7YTo3OntzOjQ6InR5cGUiO3M6NjoiY29sdW1uIjtzOjQ6Im5hbWUiO3M6MTM6ImNvdXJzZXNfY291bnQiO3M6NToibGFiZWwiO3M6NzoiQ291cnNlcyI7czo4OiJpc0hpZGRlbiI7YjowO3M6OToiaXNUb2dnbGVkIjtiOjE7czoxMjoiaXNUb2dnbGVhYmxlIjtiOjA7czoyNDoiaXNUb2dnbGVkSGlkZGVuQnlEZWZhdWx0IjtOO31pOjQ7YTo3OntzOjQ6InR5cGUiO3M6NjoiY29sdW1uIjtzOjQ6Im5hbWUiO3M6MTA6ImNyZWF0ZWRfYXQiO3M6NToibGFiZWwiO3M6MTA6IkNyZWF0ZWQgYXQiO3M6ODoiaXNIaWRkZW4iO2I6MDtzOjk6ImlzVG9nZ2xlZCI7YjowO3M6MTI6ImlzVG9nZ2xlYWJsZSI7YjoxO3M6MjQ6ImlzVG9nZ2xlZEhpZGRlbkJ5RGVmYXVsdCI7YjoxO319czo0MDoiYWY4ZGZhNDQ2MjI5ZWM1YmM0MjFkMTExYjhmNTU2ZmJfY29sdW1ucyI7YTo1OntpOjA7YTo3OntzOjQ6InR5cGUiO3M6NjoiY29sdW1uIjtzOjQ6Im5hbWUiO3M6MTI6Im9yZGVyX251bWJlciI7czo1OiJsYWJlbCI7czo1OiJPcmRlciI7czo4OiJpc0hpZGRlbiI7YjowO3M6OToiaXNUb2dnbGVkIjtiOjE7czoxMjoiaXNUb2dnbGVhYmxlIjtiOjA7czoyNDoiaXNUb2dnbGVkSGlkZGVuQnlEZWZhdWx0IjtOO31pOjE7YTo3OntzOjQ6InR5cGUiO3M6NjoiY29sdW1uIjtzOjQ6Im5hbWUiO3M6OToidXNlci5uYW1lIjtzOjU6ImxhYmVsIjtzOjg6IkN1c3RvbWVyIjtzOjg6ImlzSGlkZGVuIjtiOjA7czo5OiJpc1RvZ2dsZWQiO2I6MTtzOjEyOiJpc1RvZ2dsZWFibGUiO2I6MDtzOjI0OiJpc1RvZ2dsZWRIaWRkZW5CeURlZmF1bHQiO047fWk6MjthOjc6e3M6NDoidHlwZSI7czo2OiJjb2x1bW4iO3M6NDoibmFtZSI7czo1OiJ0b3RhbCI7czo1OiJsYWJlbCI7czo1OiJUb3RhbCI7czo4OiJpc0hpZGRlbiI7YjowO3M6OToiaXNUb2dnbGVkIjtiOjE7czoxMjoiaXNUb2dnbGVhYmxlIjtiOjA7czoyNDoiaXNUb2dnbGVkSGlkZGVuQnlEZWZhdWx0IjtOO31pOjM7YTo3OntzOjQ6InR5cGUiO3M6NjoiY29sdW1uIjtzOjQ6Im5hbWUiO3M6Njoic3RhdHVzIjtzOjU6ImxhYmVsIjtzOjY6IlN0YXR1cyI7czo4OiJpc0hpZGRlbiI7YjowO3M6OToiaXNUb2dnbGVkIjtiOjE7czoxMjoiaXNUb2dnbGVhYmxlIjtiOjA7czoyNDoiaXNUb2dnbGVkSGlkZGVuQnlEZWZhdWx0IjtOO31pOjQ7YTo3OntzOjQ6InR5cGUiO3M6NjoiY29sdW1uIjtzOjQ6Im5hbWUiO3M6MTA6ImNyZWF0ZWRfYXQiO3M6NToibGFiZWwiO3M6NDoiRGF0ZSI7czo4OiJpc0hpZGRlbiI7YjowO3M6OToiaXNUb2dnbGVkIjtiOjE7czoxMjoiaXNUb2dnbGVhYmxlIjtiOjA7czoyNDoiaXNUb2dnbGVkSGlkZGVuQnlEZWZhdWx0IjtOO319fX0=',1770183289);
/*!40000 ALTER TABLE `sessions` ENABLE KEYS */;
UNLOCK TABLES;

--
-- Table structure for table `settings`
--

DROP TABLE IF EXISTS `settings`;
/*!40101 SET @saved_cs_client     = @@character_set_client */;
/*!50503 SET character_set_client = utf8mb4 */;
CREATE TABLE `settings` (
  `id` bigint unsigned NOT NULL AUTO_INCREMENT,
  `group` varchar(255) COLLATE utf8mb4_unicode_ci NOT NULL DEFAULT 'general',
  `key` varchar(255) COLLATE utf8mb4_unicode_ci NOT NULL,
  `value` text COLLATE utf8mb4_unicode_ci,
  `type` varchar(255) COLLATE utf8mb4_unicode_ci NOT NULL DEFAULT 'text',
  `created_at` timestamp NULL DEFAULT NULL,
  `updated_at` timestamp NULL DEFAULT NULL,
  PRIMARY KEY (`id`),
  UNIQUE KEY `settings_key_unique` (`key`),
  KEY `settings_group_index` (`group`)
) ENGINE=InnoDB AUTO_INCREMENT=22 DEFAULT CHARSET=utf8mb4 COLLATE=utf8mb4_unicode_ci;
/*!40101 SET character_set_client = @saved_cs_client */;

--
-- Dumping data for table `settings`
--

LOCK TABLES `settings` WRITE;
/*!40000 ALTER TABLE `settings` DISABLE KEYS */;
INSERT INTO `settings` VALUES (1,'general','site_name','Digitalabs','text','2026-02-03 15:07:09','2026-02-03 15:07:09'),(2,'general','site_tagline','Belajar Skill Digital dari Ahlinya','text','2026-02-03 15:07:09','2026-02-03 15:07:09'),(3,'general','site_description','Platform kursus online untuk belajar video editing, coding, dan skill digital lainnya','text','2026-02-03 15:07:09','2026-02-03 15:07:09'),(4,'general','contact_email','hello@digitalabs.id','text','2026-02-03 15:07:09','2026-02-03 15:07:09'),(5,'general','contact_phone','+62 812-3456-7890','text','2026-02-03 15:07:09','2026-02-03 15:07:09'),(6,'general','contact_address','Jakarta, Indonesia','text','2026-02-03 15:07:09','2026-02-03 15:07:09'),(7,'social','instagram','https://instagram.com/digitalabs','text','2026-02-03 15:07:09','2026-02-03 15:07:09'),(8,'social','youtube','https://youtube.com/@digitalabs','text','2026-02-03 15:07:09','2026-02-03 15:07:09'),(9,'social','tiktok','https://tiktok.com/@digitalabs','text','2026-02-03 15:07:09','2026-02-03 15:07:09'),(10,'social','twitter','','text','2026-02-03 15:07:09','2026-02-03 15:07:09'),(11,'payment','duitku_merchant_code','','text','2026-02-03 15:07:09','2026-02-03 15:07:09'),(12,'payment','duitku_api_key','','text','2026-02-03 15:07:09','2026-02-03 15:07:09'),(13,'payment','duitku_sandbox','1','boolean','2026-02-03 15:07:09','2026-02-03 15:07:09'),(14,'affiliate','affiliate_enabled','1','boolean','2026-02-03 15:07:09','2026-02-03 15:07:09'),(15,'affiliate','default_commission_rate','10','integer','2026-02-03 15:07:09','2026-02-03 15:07:09'),(16,'affiliate','minimum_payout','100000','integer','2026-02-03 15:07:09','2026-02-03 15:07:09'),(17,'affiliate','cookie_days','30','integer','2026-02-03 15:07:09','2026-02-03 15:07:09'),(18,'homepage','hero_title','Kuasai Skill Digital yang Dibutuhkan Industri','text','2026-02-03 15:07:09','2026-02-03 15:07:09'),(19,'homepage','hero_subtitle','Belajar dari praktisi berpengalaman dengan kurikulum terstruktur dan project nyata','text','2026-02-03 15:07:09','2026-02-03 15:07:09'),(20,'homepage','hero_cta_text','Lihat Kursus','text','2026-02-03 15:07:09','2026-02-03 15:07:09'),(21,'homepage','hero_cta_url','/courses','text','2026-02-03 15:07:09','2026-02-03 15:07:09');
/*!40000 ALTER TABLE `settings` ENABLE KEYS */;
UNLOCK TABLES;

--
-- Table structure for table `testimonials`
--

DROP TABLE IF EXISTS `testimonials`;
/*!40101 SET @saved_cs_client     = @@character_set_client */;
/*!50503 SET character_set_client = utf8mb4 */;
CREATE TABLE `testimonials` (
  `id` bigint unsigned NOT NULL AUTO_INCREMENT,
  `name` varchar(255) COLLATE utf8mb4_unicode_ci NOT NULL,
  `title` varchar(255) COLLATE utf8mb4_unicode_ci DEFAULT NULL,
  `avatar` varchar(255) COLLATE utf8mb4_unicode_ci DEFAULT NULL,
  `content` text COLLATE utf8mb4_unicode_ci NOT NULL,
  `rating` tinyint DEFAULT NULL,
  `is_published` tinyint(1) NOT NULL DEFAULT '0',
  `order` int NOT NULL DEFAULT '0',
  `created_at` timestamp NULL DEFAULT NULL,
  `updated_at` timestamp NULL DEFAULT NULL,
  PRIMARY KEY (`id`)
) ENGINE=InnoDB AUTO_INCREMENT=16 DEFAULT CHARSET=utf8mb4 COLLATE=utf8mb4_unicode_ci;
/*!40101 SET character_set_client = @saved_cs_client */;

--
-- Dumping data for table `testimonials`
--

LOCK TABLES `testimonials` WRITE;
/*!40000 ALTER TABLE `testimonials` DISABLE KEYS */;
INSERT INTO `testimonials` VALUES (1,'Ardi Septiawan','Freelance Designer','https://i.pravatar.cc/150?img=1','Kursus DigitaLabs benar-benar mengubah cara saya bekerja. Saya sekarang bisa handle project yang lebih kompleks dengan confidence tinggi.',5,1,1,'2026-02-03 08:27:14','2026-02-03 08:27:14'),(2,'Putu Pasek Rentijaya','Motion Graphics Artist','https://i.pravatar.cc/150?img=2','Saya sudah coba banyak kursus online, tapi DigitaLabs adalah yang paling comprehensive dan detailed dalam pengajarannya.',5,1,2,'2026-02-03 08:27:14','2026-02-03 08:27:14'),(3,'Alantio','UI/UX Designer','https://i.pravatar.cc/150?img=3','Instruktur sangat knowledgeable dan cara mengajarnya membuat pembelajaran jadi fun dan engaging untuk setiap sesi.',5,1,3,'2026-02-03 08:27:14','2026-02-03 08:27:14'),(4,'Kopi Jahe','Content Creator','https://i.pravatar.cc/150?img=4','DigitaLabs memberikan structure learning yang perfect dengan live session, Q&A, dan community support yang sangat helpful.',5,1,4,'2026-02-03 08:27:14','2026-02-03 08:27:14'),(5,'Sarah Kusuma','Entrepreneur','https://i.pravatar.cc/150?img=5','Value yang saya dapat dari kursus ini jauh lebih besar dari harga yang saya bayarkan. Semua materi praktis dan actionable.',5,1,5,'2026-02-03 08:27:14','2026-02-03 08:27:14'),(6,'Rendra Wijaya','Brand Strategist','https://i.pravatar.cc/150?img=6','Kualitas course DigitaLabs sangat profesional. Setiap materi dirancang dengan matang dan relevan dengan industri terkini.',5,1,6,'2026-02-03 08:27:14','2026-02-03 08:27:14'),(7,'Vina Maharani','Video Producer','https://i.pravatar.cc/150?img=7','Saya sangat terkesan dengan production quality dan detail instruction. Ini adalah masterclass dari industry experts yang sebenarnya.',5,1,7,'2026-02-03 08:27:14','2026-02-03 08:27:14'),(8,'Hendrikus Santoso','Digital Marketing Manager','https://i.pravatar.cc/150?img=8','Kursus ini mengajarkan soft skill dan hard skill sekaligus dengan balanced approach yang membuat saya grow di berbagai aspek.',5,1,8,'2026-02-03 08:27:14','2026-02-03 08:27:14'),(9,'Lucia Puspita','Web Designer','https://i.pravatar.cc/150?img=9','Saya sudah mengikuti kursus ini dan merekomendasikan ke banyak orang. Feedback semua positive dan mereka upgrade skill dengan cepat.',5,1,9,'2026-02-03 08:27:14','2026-02-03 08:27:14'),(10,'Bimo Prakoso','Creative Director','https://i.pravatar.cc/150?img=10','Instruktur memiliki pengalaman bertahun-tahun dan sharing pengalaman praktikal yang sangat berharga dan benar-benar actionable.',5,1,10,'2026-02-03 08:27:14','2026-02-03 08:27:14'),(11,'Devi Lestari','Graphic Designer','https://i.pravatar.cc/150?img=11','DigitaLabs membantu saya transition dari career yang berbeda. Kursus ini beginner-friendly tapi juga comprehensive untuk yang advanced.',5,1,11,'2026-02-03 08:27:14','2026-02-03 08:27:14'),(12,'Irfan Hamdani','Animator','https://i.pravatar.cc/150?img=12','Komunitas DigitaLabs sangat supportive dan collaborative. Saya belajar dari instruktur dan juga dari member lain di komunitas.',4,1,12,'2026-02-03 08:27:14','2026-02-03 08:27:14'),(13,'Maya Rahma','Photography Director','https://i.pravatar.cc/150?img=13','Saya berhasil mendapat project premium setelah mengikuti kursus ini. Portfolio saya jadi lebih strong dan client percaya dengan skill saya.',5,1,13,'2026-02-03 08:27:14','2026-02-03 08:27:14'),(14,'Aditya Nugroho','Product Designer','https://i.pravatar.cc/150?img=14','Materi terupdate mengikuti perkembangan industri terkini. Tidak ketinggalan dengan trend dan best practices yang sedang berlaku sekarang.',5,1,14,'2026-02-03 08:27:14','2026-02-03 08:27:14'),(15,'Rizka Amalia','Content Strategist','https://i.pravatar.cc/150?img=15','ROI dari kursus ini sangat tinggi. Investment yang saya keluarkan kembali dalam beberapa project pertama yang saya tangani dengan sukses.',5,1,15,'2026-02-03 08:27:14','2026-02-03 08:27:14');
/*!40000 ALTER TABLE `testimonials` ENABLE KEYS */;
UNLOCK TABLES;

--
-- Table structure for table `topics`
--

DROP TABLE IF EXISTS `topics`;
/*!40101 SET @saved_cs_client     = @@character_set_client */;
/*!50503 SET character_set_client = utf8mb4 */;
CREATE TABLE `topics` (
  `id` bigint unsigned NOT NULL AUTO_INCREMENT,
  `course_id` bigint unsigned NOT NULL,
  `title` varchar(255) COLLATE utf8mb4_unicode_ci NOT NULL,
  `description` text COLLATE utf8mb4_unicode_ci,
  `total_duration` int NOT NULL DEFAULT '0',
  `total_lessons` int NOT NULL DEFAULT '0',
  `order` int NOT NULL DEFAULT '0',
  `created_at` timestamp NULL DEFAULT NULL,
  `updated_at` timestamp NULL DEFAULT NULL,
  PRIMARY KEY (`id`),
  KEY `topics_course_id_order_index` (`course_id`,`order`),
  CONSTRAINT `topics_course_id_foreign` FOREIGN KEY (`course_id`) REFERENCES `courses` (`id`) ON DELETE CASCADE
) ENGINE=InnoDB AUTO_INCREMENT=4 DEFAULT CHARSET=utf8mb4 COLLATE=utf8mb4_unicode_ci;
/*!40101 SET character_set_client = @saved_cs_client */;

--
-- Dumping data for table `topics`
--

LOCK TABLES `topics` WRITE;
/*!40000 ALTER TABLE `topics` DISABLE KEYS */;
INSERT INTO `topics` VALUES (1,1,'Perkenalan','',1033,3,1,'2025-06-12 14:17:30','2026-02-03 09:05:06'),(2,1,'Riset','',16849,5,2,'2025-06-12 13:56:05','2026-02-03 09:05:06'),(3,1,'Tutorial','',14947,24,3,'2025-06-12 14:04:36','2026-02-03 09:05:06');
/*!40000 ALTER TABLE `topics` ENABLE KEYS */;
UNLOCK TABLES;

--
-- Table structure for table `user_courses`
--

DROP TABLE IF EXISTS `user_courses`;
/*!40101 SET @saved_cs_client     = @@character_set_client */;
/*!50503 SET character_set_client = utf8mb4 */;
CREATE TABLE `user_courses` (
  `id` bigint unsigned NOT NULL AUTO_INCREMENT,
  `uuid` char(36) COLLATE utf8mb4_unicode_ci DEFAULT NULL,
  `user_id` bigint unsigned NOT NULL,
  `course_id` bigint unsigned NOT NULL,
  `order_id` bigint unsigned DEFAULT NULL,
  `purchased_at` timestamp NOT NULL,
  `expires_at` timestamp NULL DEFAULT NULL,
  `created_at` timestamp NULL DEFAULT NULL,
  `updated_at` timestamp NULL DEFAULT NULL,
  PRIMARY KEY (`id`),
  UNIQUE KEY `user_courses_user_id_course_id_unique` (`user_id`,`course_id`),
  KEY `user_courses_course_id_foreign` (`course_id`),
  KEY `user_courses_order_id_foreign` (`order_id`),
  KEY `user_courses_expires_at_index` (`expires_at`),
  CONSTRAINT `user_courses_course_id_foreign` FOREIGN KEY (`course_id`) REFERENCES `courses` (`id`) ON DELETE CASCADE,
  CONSTRAINT `user_courses_order_id_foreign` FOREIGN KEY (`order_id`) REFERENCES `orders` (`id`) ON DELETE SET NULL,
  CONSTRAINT `user_courses_user_id_foreign` FOREIGN KEY (`user_id`) REFERENCES `users` (`id`) ON DELETE CASCADE
) ENGINE=InnoDB AUTO_INCREMENT=220 DEFAULT CHARSET=utf8mb4 COLLATE=utf8mb4_unicode_ci;
/*!40101 SET character_set_client = @saved_cs_client */;

--
-- Dumping data for table `user_courses`
--

LOCK TABLES `user_courses` WRITE;
/*!40000 ALTER TABLE `user_courses` DISABLE KEYS */;
INSERT INTO `user_courses` VALUES (1,NULL,449,1,1,'2025-06-12 15:42:06',NULL,'2025-06-12 15:42:06','2026-02-03 08:55:52'),(2,NULL,450,1,2,'2025-06-12 18:13:54',NULL,'2025-06-12 18:13:54','2026-02-03 08:55:52'),(3,NULL,451,1,3,'2025-06-12 18:16:37',NULL,'2025-06-12 18:16:37','2026-02-03 08:55:52'),(4,NULL,452,1,4,'2025-06-12 18:17:08',NULL,'2025-06-12 18:17:08','2026-02-03 08:55:52'),(5,NULL,453,1,5,'2025-06-12 18:18:39',NULL,'2025-06-12 18:18:39','2026-02-03 08:55:52'),(6,NULL,454,1,6,'2025-06-12 18:27:15',NULL,'2025-06-12 18:27:15','2026-02-03 08:55:52'),(7,NULL,455,1,7,'2025-06-12 18:31:26',NULL,'2025-06-12 18:31:26','2026-02-03 08:55:52'),(8,NULL,456,1,8,'2025-06-12 18:34:01',NULL,'2025-06-12 18:34:01','2026-02-03 08:55:52'),(9,NULL,457,1,9,'2025-06-12 18:35:13',NULL,'2025-06-12 18:35:13','2026-02-03 08:55:52'),(10,NULL,458,1,10,'2025-06-12 18:38:46',NULL,'2025-06-12 18:38:46','2026-02-03 08:55:52'),(11,NULL,459,1,11,'2025-06-12 18:40:13',NULL,'2025-06-12 18:40:13','2026-02-03 08:55:52'),(12,NULL,460,1,12,'2025-06-12 19:04:54',NULL,'2025-06-12 19:04:54','2026-02-03 08:55:52'),(13,NULL,461,1,13,'2025-06-12 19:08:10',NULL,'2025-06-12 19:08:10','2026-02-03 08:55:52'),(14,NULL,462,1,14,'2025-06-12 19:11:49',NULL,'2025-06-12 19:11:49','2026-02-03 08:55:52'),(15,NULL,463,1,15,'2025-06-12 19:12:06',NULL,'2025-06-12 19:12:06','2026-02-03 08:55:52'),(16,NULL,464,1,16,'2025-06-12 19:17:35',NULL,'2025-06-12 19:17:35','2026-02-03 08:55:52'),(17,NULL,465,1,17,'2025-06-12 19:17:44',NULL,'2025-06-12 19:17:44','2026-02-03 08:55:52'),(18,NULL,466,1,19,'2025-06-12 19:18:59',NULL,'2025-06-12 19:18:59','2026-02-03 08:55:52'),(19,NULL,467,1,20,'2025-06-12 19:30:46',NULL,'2025-06-12 19:30:46','2026-02-03 08:55:52'),(20,NULL,468,1,21,'2025-06-12 19:37:54',NULL,'2025-06-12 19:37:54','2026-02-03 08:55:52'),(21,NULL,469,1,22,'2025-06-12 19:43:11',NULL,'2025-06-12 19:43:11','2026-02-03 08:55:52'),(22,NULL,470,1,23,'2025-06-12 19:45:34',NULL,'2025-06-12 19:45:34','2026-02-03 08:55:52'),(23,NULL,471,1,24,'2025-06-12 19:50:42',NULL,'2025-06-12 19:50:42','2026-02-03 08:55:52'),(24,NULL,472,1,25,'2025-06-12 20:01:09',NULL,'2025-06-12 20:01:09','2026-02-03 08:55:52'),(25,NULL,473,1,26,'2025-06-12 20:12:14',NULL,'2025-06-12 20:12:14','2026-02-03 08:55:52'),(26,NULL,474,1,27,'2025-06-12 20:13:44',NULL,'2025-06-12 20:13:44','2026-02-03 08:55:52'),(27,NULL,475,1,28,'2025-06-12 20:22:06',NULL,'2025-06-12 20:22:06','2026-02-03 08:55:52'),(28,NULL,476,1,29,'2025-06-12 20:25:27',NULL,'2025-06-12 20:25:27','2026-02-03 08:55:52'),(29,NULL,477,1,30,'2025-06-12 20:31:05',NULL,'2025-06-12 20:31:05','2026-02-03 08:55:52'),(30,NULL,478,1,31,'2025-06-12 20:42:17',NULL,'2025-06-12 20:42:17','2026-02-03 08:55:52'),(31,NULL,479,1,32,'2025-06-12 22:50:19',NULL,'2025-06-12 22:50:19','2026-02-03 08:55:52'),(32,NULL,480,1,33,'2025-06-12 23:45:19',NULL,'2025-06-12 23:45:19','2026-02-03 08:55:52'),(33,NULL,481,1,34,'2025-06-13 00:53:53',NULL,'2025-06-13 00:53:53','2026-02-03 08:55:52'),(34,NULL,482,1,35,'2025-06-13 05:19:56',NULL,'2025-06-13 05:19:56','2026-02-03 08:55:52'),(35,NULL,483,1,36,'2025-06-13 06:06:52',NULL,'2025-06-13 06:06:52','2026-02-03 08:55:52'),(36,NULL,484,1,37,'2025-06-13 07:23:37',NULL,'2025-06-13 07:23:37','2026-02-03 08:55:52'),(37,NULL,485,1,38,'2025-06-13 09:00:21',NULL,'2025-06-13 09:00:21','2026-02-03 08:55:52'),(38,NULL,486,1,39,'2025-06-13 15:46:22',NULL,'2025-06-13 15:46:22','2026-02-03 08:55:52'),(39,NULL,487,1,40,'2025-06-13 16:28:37',NULL,'2025-06-13 16:28:37','2026-02-03 08:55:52'),(40,NULL,488,1,41,'2025-06-13 20:28:19',NULL,'2025-06-13 20:28:19','2026-02-03 08:55:52'),(41,NULL,489,1,42,'2025-06-14 07:43:02',NULL,'2025-06-14 07:43:02','2026-02-03 08:55:52'),(42,NULL,490,1,43,'2025-06-14 10:29:45',NULL,'2025-06-14 10:29:45','2026-02-03 08:55:52'),(43,NULL,491,1,44,'2025-06-15 11:08:33',NULL,'2025-06-15 11:08:33','2026-02-03 08:55:52'),(44,NULL,492,1,45,'2025-06-16 09:38:40',NULL,'2025-06-16 09:38:40','2026-02-03 08:55:52'),(45,NULL,493,1,46,'2025-06-17 09:47:59',NULL,'2025-06-17 09:47:59','2026-02-03 08:55:52'),(46,NULL,494,1,47,'2025-06-17 10:46:06',NULL,'2025-06-17 10:46:06','2026-02-03 08:55:52'),(47,NULL,495,1,49,'2025-06-17 14:01:21',NULL,'2025-06-17 14:01:21','2026-02-03 08:55:52'),(48,NULL,496,1,50,'2025-06-17 16:42:59',NULL,'2025-06-17 16:42:59','2026-02-03 08:55:52'),(49,NULL,497,1,51,'2025-06-18 18:20:51',NULL,'2025-06-18 18:20:51','2026-02-03 08:55:52'),(50,NULL,498,1,52,'2025-06-18 19:37:21',NULL,'2025-06-18 19:37:21','2026-02-03 08:55:52'),(51,NULL,499,1,53,'2025-06-18 19:56:34',NULL,'2025-06-18 19:56:34','2026-02-03 08:55:52'),(52,NULL,500,1,54,'2025-06-18 20:13:24',NULL,'2025-06-18 20:13:24','2026-02-03 08:55:52'),(53,NULL,501,1,55,'2025-06-19 09:16:22',NULL,'2025-06-19 09:16:22','2026-02-03 08:55:52'),(54,NULL,502,1,56,'2025-06-20 21:44:33',NULL,'2025-06-20 21:44:33','2026-02-03 08:55:52'),(55,NULL,503,1,57,'2025-06-21 11:35:26',NULL,'2025-06-21 11:35:26','2026-02-03 08:55:52'),(56,NULL,504,1,58,'2025-06-21 14:47:19',NULL,'2025-06-21 14:47:19','2026-02-03 08:55:52'),(57,NULL,505,1,59,'2025-06-21 23:29:28',NULL,'2025-06-21 23:29:28','2026-02-03 08:55:52'),(58,NULL,506,1,60,'2025-06-22 07:06:15',NULL,'2025-06-22 07:06:15','2026-02-03 08:55:52'),(59,NULL,507,1,61,'2025-06-22 21:59:59',NULL,'2025-06-22 21:59:59','2026-02-03 08:55:52'),(60,NULL,508,1,62,'2025-06-23 10:58:03',NULL,'2025-06-23 10:58:03','2026-02-03 08:55:52'),(61,NULL,509,1,63,'2025-06-23 14:33:36',NULL,'2025-06-23 14:33:36','2026-02-03 08:55:52'),(62,NULL,510,1,64,'2025-06-23 19:34:51',NULL,'2025-06-23 19:34:51','2026-02-03 08:55:52'),(63,NULL,511,1,65,'2025-06-24 03:46:27',NULL,'2025-06-24 03:46:27','2026-02-03 08:55:52'),(64,NULL,512,1,66,'2025-06-24 15:45:45',NULL,'2025-06-24 15:45:45','2026-02-03 08:55:52'),(65,NULL,513,1,67,'2025-06-25 21:00:58',NULL,'2025-06-25 21:00:58','2026-02-03 08:55:52'),(66,NULL,514,1,68,'2025-06-27 18:22:30',NULL,'2025-06-27 18:22:30','2026-02-03 08:55:52'),(67,NULL,515,1,69,'2025-06-28 12:51:24',NULL,'2025-06-28 12:51:24','2026-02-03 08:55:52'),(68,NULL,516,1,70,'2025-06-28 16:51:41',NULL,'2025-06-28 16:51:41','2026-02-03 08:55:52'),(69,NULL,517,1,73,'2025-06-29 10:07:12',NULL,'2025-06-29 10:07:12','2026-02-03 08:55:52'),(70,NULL,518,1,74,'2025-06-30 17:20:29',NULL,'2025-06-30 17:20:29','2026-02-03 08:55:52'),(71,NULL,519,1,75,'2025-06-30 21:09:21',NULL,'2025-06-30 21:09:21','2026-02-03 08:55:52'),(72,NULL,520,1,76,'2025-07-13 15:54:25',NULL,'2025-07-13 15:54:25','2026-02-03 08:55:52'),(73,NULL,521,1,77,'2025-07-15 18:42:13',NULL,'2025-07-15 18:42:13','2026-02-03 08:55:52'),(74,NULL,522,1,78,'2025-07-18 19:24:03',NULL,'2025-07-18 19:24:03','2026-02-03 08:55:52'),(75,NULL,523,1,79,'2025-07-19 12:57:34',NULL,'2025-07-19 12:57:34','2026-02-03 08:55:52'),(76,NULL,524,1,80,'2025-07-19 20:21:50',NULL,'2025-07-19 20:21:50','2026-02-03 08:55:52'),(77,NULL,525,1,81,'2025-07-20 11:14:28',NULL,'2025-07-20 11:14:28','2026-02-03 08:55:52'),(78,NULL,526,1,82,'2025-07-20 21:59:19',NULL,'2025-07-20 21:59:19','2026-02-03 08:55:52'),(79,NULL,527,1,83,'2025-07-24 12:00:35',NULL,'2025-07-24 12:00:35','2026-02-03 08:55:52'),(80,NULL,528,1,84,'2025-07-25 17:31:26',NULL,'2025-07-25 17:31:26','2026-02-03 08:55:52'),(81,NULL,529,1,85,'2025-07-26 19:26:31',NULL,'2025-07-26 19:26:31','2026-02-03 08:55:52'),(82,NULL,530,1,86,'2025-08-02 10:59:51',NULL,'2025-08-02 10:59:51','2026-02-03 08:55:52'),(83,NULL,531,1,87,'2025-08-03 18:39:59',NULL,'2025-08-03 18:39:59','2026-02-03 08:55:52'),(84,NULL,532,1,88,'2025-08-03 21:13:44',NULL,'2025-08-03 21:13:44','2026-02-03 08:55:52'),(85,NULL,533,1,89,'2025-08-04 01:12:28',NULL,'2025-08-04 01:12:28','2026-02-03 08:55:52'),(86,NULL,534,1,90,'2025-08-04 11:18:04',NULL,'2025-08-04 11:18:04','2026-02-03 08:55:52'),(87,NULL,535,1,91,'2025-08-04 15:39:29',NULL,'2025-08-04 15:39:29','2026-02-03 08:55:52'),(88,NULL,536,1,92,'2025-08-05 11:42:59',NULL,'2025-08-05 11:42:59','2026-02-03 08:55:52'),(89,NULL,537,1,93,'2025-08-05 19:17:41',NULL,'2025-08-05 19:17:41','2026-02-03 08:55:52'),(90,NULL,538,1,94,'2025-08-05 21:32:05',NULL,'2025-08-05 21:32:05','2026-02-03 08:55:52'),(91,NULL,539,1,95,'2025-08-07 19:43:12',NULL,'2025-08-07 19:43:12','2026-02-03 08:55:52'),(92,NULL,540,1,96,'2025-08-07 22:10:16',NULL,'2025-08-07 22:10:16','2026-02-03 08:55:52'),(93,NULL,541,1,97,'2025-08-08 09:20:09',NULL,'2025-08-08 09:20:09','2026-02-03 08:55:52'),(94,NULL,542,1,98,'2025-08-08 13:44:32',NULL,'2025-08-08 13:44:32','2026-02-03 08:55:52'),(95,NULL,543,1,99,'2025-08-09 16:25:33',NULL,'2025-08-09 16:25:33','2026-02-03 08:55:52'),(96,NULL,544,1,100,'2025-08-09 16:39:38',NULL,'2025-08-09 16:39:38','2026-02-03 08:55:52'),(97,NULL,545,1,101,'2025-08-09 18:43:45',NULL,'2025-08-09 18:43:45','2026-02-03 08:55:52'),(98,NULL,546,1,102,'2025-08-13 11:04:31',NULL,'2025-08-13 11:04:31','2026-02-03 08:55:52'),(99,NULL,547,1,103,'2025-08-14 00:24:19',NULL,'2025-08-14 00:24:19','2026-02-03 08:55:52'),(100,NULL,548,1,104,'2025-08-14 14:09:29',NULL,'2025-08-14 14:09:29','2026-02-03 08:55:52'),(101,NULL,549,1,105,'2025-08-17 16:53:41',NULL,'2025-08-17 16:53:41','2026-02-03 08:55:52'),(102,NULL,550,1,106,'2025-08-18 21:08:48',NULL,'2025-08-18 21:08:48','2026-02-03 08:55:52'),(103,NULL,551,1,107,'2025-08-19 11:45:07',NULL,'2025-08-19 11:45:07','2026-02-03 08:55:52'),(104,NULL,552,1,108,'2025-08-19 23:02:08',NULL,'2025-08-19 23:02:08','2026-02-03 08:55:52'),(105,NULL,553,1,109,'2025-08-21 14:56:55',NULL,'2025-08-21 14:56:55','2026-02-03 08:55:52'),(106,NULL,554,1,110,'2025-08-22 11:33:58',NULL,'2025-08-22 11:33:58','2026-02-03 08:55:52'),(107,NULL,555,1,111,'2025-08-22 19:38:50',NULL,'2025-08-22 19:38:50','2026-02-03 08:55:52'),(108,NULL,556,1,112,'2025-08-23 07:05:03',NULL,'2025-08-23 07:05:03','2026-02-03 08:55:52'),(109,NULL,557,1,113,'2025-08-23 09:00:11',NULL,'2025-08-23 09:00:11','2026-02-03 08:55:52'),(110,NULL,558,1,114,'2025-08-24 14:46:43',NULL,'2025-08-24 14:46:43','2026-02-03 08:55:52'),(111,NULL,559,1,115,'2025-08-27 15:47:33',NULL,'2025-08-27 15:47:33','2026-02-03 08:55:52'),(112,NULL,560,1,116,'2025-08-27 19:42:37',NULL,'2025-08-27 19:42:37','2026-02-03 08:55:52'),(113,NULL,561,1,117,'2025-08-29 12:59:44',NULL,'2025-08-29 12:59:44','2026-02-03 08:55:52'),(114,NULL,562,1,118,'2025-08-29 15:43:40',NULL,'2025-08-29 15:43:40','2026-02-03 08:55:52'),(115,NULL,563,1,119,'2025-08-30 12:18:27',NULL,'2025-08-30 12:18:27','2026-02-03 08:55:52'),(116,NULL,564,1,120,'2025-08-31 17:43:14',NULL,'2025-08-31 17:43:14','2026-02-03 08:55:52'),(117,NULL,565,1,121,'2025-09-01 17:29:34',NULL,'2025-09-01 17:29:34','2026-02-03 08:55:52'),(118,NULL,566,1,122,'2025-09-01 22:22:16',NULL,'2025-09-01 22:22:16','2026-02-03 08:55:52'),(119,NULL,567,1,123,'2025-09-02 15:53:55',NULL,'2025-09-02 15:53:55','2026-02-03 08:55:52'),(120,NULL,568,1,124,'2025-09-02 16:27:02',NULL,'2025-09-02 16:27:02','2026-02-03 08:55:52'),(121,NULL,569,1,125,'2025-09-02 20:16:38',NULL,'2025-09-02 20:16:38','2026-02-03 08:55:52'),(122,NULL,570,1,126,'2025-09-03 10:14:27',NULL,'2025-09-03 10:14:27','2026-02-03 08:55:52'),(123,NULL,571,1,127,'2025-09-04 12:54:42',NULL,'2025-09-04 12:54:42','2026-02-03 08:55:52'),(124,NULL,572,1,128,'2025-09-04 14:40:21',NULL,'2025-09-04 14:40:21','2026-02-03 08:55:52'),(125,NULL,573,1,129,'2025-09-05 22:10:16',NULL,'2025-09-05 22:10:16','2026-02-03 08:55:52'),(126,NULL,574,1,130,'2025-09-06 17:07:19',NULL,'2025-09-06 17:07:19','2026-02-03 08:55:52'),(127,NULL,575,1,131,'2025-09-07 17:26:48',NULL,'2025-09-07 17:26:48','2026-02-03 08:55:52'),(128,NULL,576,1,132,'2025-09-09 08:51:27',NULL,'2025-09-09 08:51:27','2026-02-03 08:55:52'),(129,NULL,577,1,133,'2025-09-09 23:52:50',NULL,'2025-09-09 23:52:50','2026-02-03 08:55:52'),(130,NULL,578,1,134,'2025-09-13 17:41:54',NULL,'2025-09-13 17:41:54','2026-02-03 08:55:52'),(131,NULL,579,1,135,'2025-09-13 18:11:18',NULL,'2025-09-13 18:11:18','2026-02-03 08:55:52'),(132,NULL,580,1,136,'2025-09-14 17:25:40',NULL,'2025-09-14 17:25:40','2026-02-03 08:55:52'),(133,NULL,581,1,137,'2025-09-15 00:51:27',NULL,'2025-09-15 00:51:27','2026-02-03 08:55:52'),(134,NULL,582,1,138,'2025-09-15 15:26:30',NULL,'2025-09-15 15:26:30','2026-02-03 08:55:52'),(135,NULL,583,1,139,'2025-09-15 17:48:06',NULL,'2025-09-15 17:48:06','2026-02-03 08:55:52'),(136,NULL,584,1,140,'2025-09-17 11:11:15',NULL,'2025-09-17 11:11:15','2026-02-03 08:55:52'),(137,NULL,585,1,141,'2025-09-18 16:15:23',NULL,'2025-09-18 16:15:23','2026-02-03 08:55:52'),(138,NULL,586,1,142,'2025-09-21 08:58:41',NULL,'2025-09-21 08:58:41','2026-02-03 08:55:52'),(139,NULL,587,1,143,'2025-09-24 10:56:12',NULL,'2025-09-24 10:56:12','2026-02-03 08:55:52'),(140,NULL,588,1,144,'2025-09-25 14:38:24',NULL,'2025-09-25 14:38:24','2026-02-03 08:55:52'),(141,NULL,589,1,145,'2025-09-27 00:16:41',NULL,'2025-09-27 00:16:41','2026-02-03 08:55:52'),(142,NULL,590,1,146,'2025-09-28 18:16:28',NULL,'2025-09-28 18:16:28','2026-02-03 08:55:52'),(143,NULL,591,1,147,'2025-09-29 12:29:34',NULL,'2025-09-29 12:29:34','2026-02-03 08:55:52'),(144,NULL,592,1,148,'2025-09-30 04:54:11',NULL,'2025-09-30 04:54:11','2026-02-03 08:55:52'),(145,NULL,593,1,149,'2025-09-30 20:26:37',NULL,'2025-09-30 20:26:37','2026-02-03 08:55:52'),(146,NULL,594,1,150,'2025-10-02 11:01:32',NULL,'2025-10-02 11:01:32','2026-02-03 08:55:52'),(147,NULL,595,1,151,'2025-10-03 18:25:21',NULL,'2025-10-03 18:25:21','2026-02-03 08:55:52'),(148,NULL,596,1,152,'2025-10-13 09:10:28',NULL,'2025-10-13 09:10:28','2026-02-03 08:55:52'),(149,NULL,597,1,153,'2025-10-16 20:16:37',NULL,'2025-10-16 20:16:37','2026-02-03 08:55:52'),(150,NULL,598,1,154,'2025-10-17 13:28:44',NULL,'2025-10-17 13:28:44','2026-02-03 08:55:52'),(151,NULL,599,1,155,'2025-10-19 13:19:15',NULL,'2025-10-19 13:19:15','2026-02-03 08:55:52'),(152,NULL,600,1,156,'2025-10-27 12:24:27',NULL,'2025-10-27 12:24:27','2026-02-03 08:55:52'),(153,NULL,601,1,157,'2025-10-28 11:48:10',NULL,'2025-10-28 11:48:10','2026-02-03 08:55:52'),(154,NULL,602,1,158,'2025-10-28 22:20:37',NULL,'2025-10-28 22:20:37','2026-02-03 08:55:52'),(155,NULL,603,1,159,'2025-10-30 09:50:08',NULL,'2025-10-30 09:50:08','2026-02-03 08:55:52'),(156,NULL,604,1,160,'2025-11-02 13:38:02',NULL,'2025-11-02 13:38:02','2026-02-03 08:55:52'),(157,NULL,605,1,161,'2025-11-02 21:12:13',NULL,'2025-11-02 21:12:13','2026-02-03 08:55:52'),(158,NULL,606,1,162,'2025-11-10 08:57:26',NULL,'2025-11-10 08:57:26','2026-02-03 08:55:52'),(159,NULL,607,1,163,'2025-11-12 13:44:47',NULL,'2025-11-12 13:44:47','2026-02-03 08:55:52'),(160,NULL,608,1,165,'2025-11-14 08:49:49',NULL,'2025-11-14 08:49:49','2026-02-03 08:55:52'),(161,NULL,609,1,166,'2025-11-15 13:28:51',NULL,'2025-11-15 13:28:51','2026-02-03 08:55:52'),(162,NULL,610,1,167,'2025-11-17 15:42:46',NULL,'2025-11-17 15:42:46','2026-02-03 08:55:52'),(163,NULL,611,1,168,'2025-11-21 14:40:58',NULL,'2025-11-21 14:40:58','2026-02-03 08:55:52'),(164,NULL,612,1,169,'2025-11-24 06:58:08',NULL,'2025-11-24 06:58:08','2026-02-03 08:55:52'),(165,NULL,613,1,170,'2025-11-24 21:07:22',NULL,'2025-11-24 21:07:22','2026-02-03 08:55:52'),(166,NULL,614,1,171,'2025-11-26 09:58:05',NULL,'2025-11-26 09:58:05','2026-02-03 08:55:52'),(167,NULL,615,1,172,'2025-12-01 02:30:27',NULL,'2025-12-01 02:30:27','2026-02-03 08:55:52'),(168,NULL,616,1,173,'2025-12-02 11:37:51',NULL,'2025-12-02 11:37:51','2026-02-03 08:55:52'),(169,NULL,617,1,174,'2025-12-03 17:21:29',NULL,'2025-12-03 17:21:29','2026-02-03 08:55:52'),(170,NULL,618,1,175,'2025-12-04 10:41:01',NULL,'2025-12-04 10:41:01','2026-02-03 08:55:52'),(171,NULL,619,1,176,'2025-12-05 15:50:59',NULL,'2025-12-05 15:50:59','2026-02-03 08:55:52'),(172,NULL,620,1,177,'2025-12-10 15:37:18',NULL,'2025-12-10 15:37:18','2026-02-03 08:55:52'),(173,NULL,621,1,178,'2025-12-13 16:35:25',NULL,'2025-12-13 16:35:25','2026-02-03 08:55:52'),(174,NULL,622,1,179,'2025-12-16 06:53:16',NULL,'2025-12-16 06:53:16','2026-02-03 08:55:52'),(175,NULL,623,1,180,'2025-12-19 15:50:02',NULL,'2025-12-19 15:50:02','2026-02-03 08:55:52'),(176,NULL,624,1,181,'2025-12-20 13:32:06',NULL,'2025-12-20 13:32:06','2026-02-03 08:55:52'),(177,NULL,625,1,182,'2025-12-20 20:24:39',NULL,'2025-12-20 20:24:39','2026-02-03 08:55:52'),(178,NULL,626,1,183,'2025-12-22 13:43:28',NULL,'2025-12-22 13:43:28','2026-02-03 08:55:52'),(179,NULL,627,1,184,'2025-12-22 16:56:36',NULL,'2025-12-22 16:56:36','2026-02-03 08:55:52'),(180,NULL,628,1,185,'2025-12-24 20:07:11',NULL,'2025-12-24 20:07:11','2026-02-03 08:55:52'),(181,NULL,629,1,186,'2025-12-24 21:07:44',NULL,'2025-12-24 21:07:44','2026-02-03 08:55:52'),(182,NULL,630,1,187,'2025-12-27 09:39:49',NULL,'2025-12-27 09:39:49','2026-02-03 08:55:52'),(183,NULL,631,1,188,'2025-12-29 09:25:33',NULL,'2025-12-29 09:25:33','2026-02-03 08:55:52'),(184,NULL,632,1,189,'2025-12-29 09:42:56',NULL,'2025-12-29 09:42:56','2026-02-03 08:55:52'),(185,NULL,633,1,190,'2025-12-31 20:34:51',NULL,'2025-12-31 20:34:51','2026-02-03 08:55:52'),(186,NULL,634,1,191,'2026-01-01 14:12:15',NULL,'2026-01-01 14:12:15','2026-02-03 08:55:52'),(187,NULL,635,1,192,'2026-01-01 20:46:01',NULL,'2026-01-01 20:46:01','2026-02-03 08:55:52'),(188,NULL,636,1,193,'2026-01-02 01:52:21',NULL,'2026-01-02 01:52:21','2026-02-03 08:55:52'),(189,NULL,637,1,194,'2026-01-02 05:28:52',NULL,'2026-01-02 05:28:52','2026-02-03 08:55:52'),(190,NULL,638,1,195,'2026-01-04 12:02:41',NULL,'2026-01-04 12:02:41','2026-02-03 08:55:52'),(191,NULL,639,1,196,'2026-01-04 12:05:25',NULL,'2026-01-04 12:05:25','2026-02-03 08:55:52'),(192,NULL,640,1,197,'2026-01-07 17:22:33',NULL,'2026-01-07 17:22:33','2026-02-03 08:55:52'),(193,NULL,641,1,198,'2026-01-08 17:50:55',NULL,'2026-01-08 17:50:55','2026-02-03 08:55:52'),(194,NULL,642,1,199,'2026-01-09 10:28:25',NULL,'2026-01-09 10:28:25','2026-02-03 08:55:52'),(195,NULL,643,1,200,'2026-01-10 15:12:22',NULL,'2026-01-10 15:12:22','2026-02-03 08:55:52'),(196,NULL,644,1,201,'2026-01-14 14:39:07',NULL,'2026-01-14 14:39:07','2026-02-03 08:55:52'),(197,NULL,645,1,202,'2026-01-14 21:08:48',NULL,'2026-01-14 21:08:48','2026-02-03 08:55:52'),(198,NULL,646,1,203,'2026-01-15 09:13:14',NULL,'2026-01-15 09:13:14','2026-02-03 08:55:52'),(199,NULL,647,1,204,'2026-01-16 10:56:06',NULL,'2026-01-16 10:56:06','2026-02-03 08:55:52'),(200,NULL,648,1,205,'2026-01-17 21:31:23',NULL,'2026-01-17 21:31:23','2026-02-03 08:55:52'),(201,NULL,649,1,206,'2026-01-19 16:12:58',NULL,'2026-01-19 16:12:58','2026-02-03 08:55:52'),(202,NULL,650,1,207,'2026-01-23 08:28:15',NULL,'2026-01-23 08:28:15','2026-02-03 08:55:52'),(203,NULL,651,1,208,'2026-01-24 14:01:45',NULL,'2026-01-24 14:01:45','2026-02-03 08:55:52'),(204,NULL,652,1,209,'2026-01-25 19:54:12',NULL,'2026-01-25 19:54:12','2026-02-03 08:55:52'),(205,NULL,653,1,210,'2026-01-27 12:02:47',NULL,'2026-01-27 12:02:47','2026-02-03 08:55:52'),(206,NULL,654,1,211,'2026-01-28 09:16:50',NULL,'2026-01-28 09:16:50','2026-02-03 08:55:52'),(207,NULL,655,1,212,'2026-01-28 14:16:56',NULL,'2026-01-28 14:16:56','2026-02-03 08:55:52'),(208,NULL,656,1,213,'2026-01-28 16:23:18',NULL,'2026-01-28 16:23:18','2026-02-03 08:55:52'),(209,NULL,657,1,214,'2026-01-28 16:34:08',NULL,'2026-01-28 16:34:08','2026-02-03 08:55:52'),(210,NULL,658,1,215,'2026-01-28 21:00:23',NULL,'2026-01-28 21:00:23','2026-02-03 08:55:52'),(211,NULL,659,1,216,'2026-01-28 23:09:53',NULL,'2026-01-28 23:09:53','2026-02-03 08:55:52'),(212,NULL,660,1,217,'2026-01-29 11:03:59',NULL,'2026-01-29 11:03:59','2026-02-03 08:55:52'),(213,NULL,661,1,218,'2026-01-29 12:15:16',NULL,'2026-01-29 12:15:16','2026-02-03 08:55:52'),(214,NULL,662,1,219,'2026-01-29 13:46:46',NULL,'2026-01-29 13:46:46','2026-02-03 08:55:52'),(215,NULL,663,1,220,'2026-01-29 22:47:51',NULL,'2026-01-29 22:47:51','2026-02-03 08:55:52'),(216,NULL,664,1,221,'2026-01-30 10:08:25',NULL,'2026-01-30 10:08:25','2026-02-03 08:55:52');
/*!40000 ALTER TABLE `user_courses` ENABLE KEYS */;
UNLOCK TABLES;

--
-- Table structure for table `users`
--

DROP TABLE IF EXISTS `users`;
/*!40101 SET @saved_cs_client     = @@character_set_client */;
/*!50503 SET character_set_client = utf8mb4 */;
CREATE TABLE `users` (
  `id` bigint unsigned NOT NULL AUTO_INCREMENT,
  `uuid` char(36) COLLATE utf8mb4_unicode_ci DEFAULT NULL,
  `name` varchar(255) COLLATE utf8mb4_unicode_ci NOT NULL,
  `email` varchar(255) COLLATE utf8mb4_unicode_ci NOT NULL,
  `email_verified_at` timestamp NULL DEFAULT NULL,
  `password` varchar(255) COLLATE utf8mb4_unicode_ci DEFAULT NULL,
  `avatar` varchar(255) COLLATE utf8mb4_unicode_ci DEFAULT NULL,
  `phone` varchar(20) COLLATE utf8mb4_unicode_ci DEFAULT NULL,
  `is_admin` tinyint(1) NOT NULL DEFAULT '0',
  `google_id` varchar(255) COLLATE utf8mb4_unicode_ci DEFAULT NULL,
  `provider` varchar(255) COLLATE utf8mb4_unicode_ci DEFAULT NULL,
  `remember_token` varchar(100) COLLATE utf8mb4_unicode_ci DEFAULT NULL,
  `created_at` timestamp NULL DEFAULT NULL,
  `updated_at` timestamp NULL DEFAULT NULL,
  PRIMARY KEY (`id`),
  UNIQUE KEY `users_email_unique` (`email`),
  UNIQUE KEY `users_google_id_unique` (`google_id`)
) ENGINE=InnoDB AUTO_INCREMENT=674 DEFAULT CHARSET=utf8mb4 COLLATE=utf8mb4_unicode_ci;
/*!40101 SET character_set_client = @saved_cs_client */;

--
-- Dumping data for table `users`
--

LOCK TABLES `users` WRITE;
/*!40000 ALTER TABLE `users` DISABLE KEYS */;
INSERT INTO `users` VALUES (1,NULL,'Admin','admin@digitalabs.id','2026-01-30 17:42:27','$2y$12$13WkxqkN70jtLG7ZlydwDeCvAtHII2/ZK.TksmW0G9xTOKkLFDYd.',NULL,NULL,1,NULL,NULL,NULL,'2026-01-30 17:42:27','2026-01-30 17:42:27'),(449,NULL,'Kopi_jahe','saputrajoni223@gmail.com','2025-06-12 08:42:04','$2y$12$OaDpfIMso7Xs/2faiY9R7e6MdOqABIRqWFX.grhFQZ7cijkuSXYAO',NULL,NULL,0,NULL,NULL,NULL,'2025-06-12 08:42:04','2026-02-02 06:20:56'),(450,NULL,'Ardi Septiawan','takiyadisini@gmail.com','2025-06-12 11:13:52','$2y$12$6zSR7DiG6POiRResLOYct.5x4f/LVaaJrEZHAKHOc7GYrhIsCChne',NULL,NULL,0,NULL,NULL,NULL,'2025-06-12 11:13:52','2026-01-31 12:41:55'),(451,NULL,'Putu Pasek Rentijaya','pasekrentijaya@gmail.com','2025-06-12 11:16:34','$2y$12$ZowMnVPFEdziXNN2NbvPOOngla.FnXnlUXVfmioD7kvq9JAaw8K8y',NULL,NULL,0,NULL,NULL,NULL,'2025-06-12 11:16:34','2026-01-31 12:41:55'),(452,NULL,'Alantio','alantiofirman@gmail.com','2025-06-12 11:16:39','$2y$12$9N6ZRCB4C4hr3djWnApWze6m1WR45zWyr7g1UQOI4lISfkiU.qc36',NULL,NULL,0,NULL,NULL,NULL,'2025-06-12 11:16:39','2026-01-31 12:41:55'),(453,NULL,'Robi','rmrobi02@gmail.com','2025-06-12 11:18:36','$2y$12$UGoJthHNASqpbUt9esKlOOwVT/4ioakFL3xBR7qqJVmb1UH/NOpEW',NULL,NULL,0,NULL,NULL,NULL,'2025-06-12 11:18:36','2026-01-31 12:41:56'),(454,NULL,'Godho','utuhgodhobuwono1@gmail.com','2025-06-12 11:27:10','$2y$12$L/3wT1ZaqrM6R/oX0MIriehdH9VWHuZCLRjv4iRfDmCwRJWnaVoaa',NULL,NULL,0,NULL,NULL,NULL,'2025-06-12 11:27:10','2026-01-31 12:41:56'),(455,NULL,'Cecep abdurrahman','ceceprahman08@gmail.com','2025-06-12 11:31:20','$2y$12$pUTPZ2kcYVwC0.WByYcgN.uHXnvSFzASGdhN7L0Eh4xP1FBgC5Ko2',NULL,NULL,0,NULL,NULL,NULL,'2025-06-12 11:31:20','2026-01-31 12:41:56'),(456,NULL,'muh fatah','borimansolo@gmail.com','2025-06-12 11:33:58','$2y$12$OeNEbHQR0l9faAi0NvBKuOmzic1JZVemZ56eCzgMLJNU42N4H08wK',NULL,NULL,0,NULL,NULL,NULL,'2025-06-12 11:33:58','2026-01-31 12:41:56'),(457,NULL,'Ahmad Istiqlal','nusamedia5@gmail.com','2025-06-12 11:35:08','$2y$12$k80w2NyohG5pw.dGGWlK/OvhoQafD/vya52TSR3leX5f7dH2No.86',NULL,NULL,0,NULL,NULL,NULL,'2025-06-12 11:35:08','2026-01-31 12:41:56'),(458,NULL,'Aldi','Aldiaja492@gmail.com','2025-06-12 11:38:40','$2y$12$y4nQm.U.Vv.lqXWCJ/eneenxCkmuDjppg3ji2.bVhOI3iHG4Y33wq',NULL,NULL,0,NULL,NULL,NULL,'2025-06-12 11:38:40','2026-01-31 12:41:57'),(459,NULL,'Al Habib','alhabib012345@gmail.com','2025-06-12 11:28:54','$2y$12$dCk8vPgLzR.8gbHgmxijKuasmNoi1fqqHf9cTeO8PK/5m0w1XEAIC',NULL,NULL,0,NULL,NULL,NULL,'2025-06-12 11:28:54','2026-01-31 12:41:57'),(460,NULL,'Adam siswanto','sysadam75@gmail.com','2025-06-12 12:04:47','$2y$12$qPwDV1FMGmYYcp2RR.bdjuxcJ8TY9FYqFev1PT1H/QVeaiQ9//0Ti',NULL,NULL,0,NULL,NULL,NULL,'2025-06-12 12:04:47','2026-01-31 12:41:57'),(461,NULL,'Jupriyanto','jupri3921@gmail.com','2025-06-12 12:08:08','$2y$12$Y2vAZFaJS1dKWSWwAWCo9eDqruO8LQBtxKx7vzh5q1.wIih8QCUhG',NULL,NULL,0,NULL,NULL,NULL,'2025-06-12 12:08:08','2026-01-31 12:41:57'),(462,NULL,'MUHAMAD ROMDONI','mhdrmdoni@gmail.com','2025-06-12 12:11:47','$2y$12$l8ZGbdbkw6/hOso5CYiPee/MJT1qq2ClltAJup4alBRHKQYa2wDJG',NULL,NULL,0,NULL,NULL,NULL,'2025-06-12 12:11:47','2026-01-31 12:41:58'),(463,NULL,'Ali Mukti Wibowo','alimukti1205@gmail.com','2025-06-12 12:12:03','$2y$12$U9a6OdDaYN814b8hiuElEupGOkmU4HLjWzh2IqxdtYMw6IZmZ.Jmu',NULL,NULL,0,NULL,NULL,NULL,'2025-06-12 12:12:03','2026-01-31 12:41:58'),(464,NULL,'Rikeu Rosyana','rikeurosyana@gmail.com','2025-06-12 12:17:33','$2y$12$646faRiyNWNfLGVA7OkzUe2mLh.8m.gL1AqsJeqwfJBzwWkTJxKwC',NULL,NULL,0,NULL,NULL,NULL,'2025-06-12 12:17:33','2026-01-31 12:41:58'),(465,NULL,'Sarlian Huda','sarlianyt@gmail.com','2025-06-12 12:17:43','$2y$12$M.JMjjm6XJdvCA/1bPm8POqe7PboX64giyQ7agEbC9iBckbDc2zd.',NULL,NULL,0,NULL,NULL,NULL,'2025-06-12 12:17:43','2026-01-31 12:41:58'),(466,NULL,'Rendy Mahesa','rendym17@gmail.com','2025-06-12 12:18:56','$2y$12$Fn2SfWbf8elRJn60VcFNKuMZW6fTjXzWp0jbo1p0qxWRkUbSutj9u',NULL,NULL,0,NULL,NULL,NULL,'2025-06-12 12:18:56','2026-01-31 12:41:58'),(467,NULL,'wakhid afandi','wakhidafandi47@gmail.com','2025-06-12 12:30:44','$2y$12$Ly71HVbprTfY08uoCb/dYe2aKbpx0WLlML.yjwqLMhFPObL2FKjfC',NULL,NULL,0,NULL,NULL,NULL,'2025-06-12 12:30:44','2026-01-31 12:41:59'),(468,NULL,'Arinsetyaniaulia11','sabardibahari@gmail.com','2025-06-12 12:37:53','$2y$12$QrP1xCeg.mNnLOqHN6oIMeaX8lRoxIHNd6DyK4ZHVomdhZMVoVOB.',NULL,NULL,0,NULL,NULL,NULL,'2025-06-12 12:37:53','2026-01-31 12:41:59'),(469,NULL,'Muhamad Rizky Hidayatulloh','Rizky.hidayatulloh324@gmail.com','2025-06-12 12:43:09','$2y$12$pLx26HZ/IukpMP/rO69iQ.ejq8kW7PqovHSY3sMu8Tou0mvSV6qc6',NULL,NULL,0,NULL,NULL,NULL,'2025-06-12 12:43:09','2026-01-31 12:41:59'),(470,NULL,'Adityas','motionatin@gmail.com','2025-06-12 12:45:33','$2y$12$3WLeVpkDP6ofDJ7bI.hR0uEBgeb6N4E09/2aMRHehvX0nx0ZrMu2q',NULL,NULL,0,NULL,NULL,NULL,'2025-06-12 12:45:33','2026-01-31 12:41:59'),(471,NULL,'Rizky Ramadhan','rbr.7143@gmail.com','2025-06-12 12:50:40','$2y$12$ysnDsittGhIBv8G0mCLuWuWfSxYGxn74F2mdevApmzjpiqzFcvDkq',NULL,NULL,0,NULL,NULL,NULL,'2025-06-12 12:50:40','2026-01-31 12:42:00'),(472,NULL,'Eko Tri Budi R','palubrebes@gmail.com','2025-06-12 13:01:07','$2y$12$X9wO578F9TStPCm/bX4umOc8ITnkym4d4InCeXlnkPjjr0AMrrity',NULL,NULL,0,NULL,NULL,NULL,'2025-06-12 13:01:07','2026-01-31 12:42:00'),(473,NULL,'Joko utomo','oetomos2@gmail.com','2025-06-12 13:12:07','$2y$12$/GmQhCbw8fQH5sHCqB8tse5wOMGN8rXMGZwf6J8A2kKqV/jzxIf5m',NULL,NULL,0,NULL,NULL,NULL,'2025-06-12 13:12:07','2026-01-31 12:42:00'),(474,NULL,'Moh. Alimuktar','alimuktar290@gmail.com','2025-06-12 13:13:38','$2y$12$yMkIP6LJMbXUkTIdq2FoseLu17XCQcFS6k/XL2emv6gGtst/MXiUO',NULL,NULL,0,NULL,NULL,NULL,'2025-06-12 13:13:38','2026-01-31 12:42:00'),(475,NULL,'Dimas Sarief Ardiansyah','dimassariefardiansah@gmail.com','2025-06-12 13:22:04','$2y$12$2LvWrF02UrYz62fvDSIix.mR6uIfXpqQy1sYYoa8sBOx3sfGDfSdG',NULL,NULL,0,NULL,NULL,NULL,'2025-06-12 13:22:04','2026-01-31 12:42:00'),(476,NULL,'Nauval','zowyzowy8@gmail.com','2025-06-12 13:25:25','$2y$12$X1YFkN1uXwEaPtMI4G5kVuwGFM0jWSCh/DRon.Bwuh9rg/FR4hqNm',NULL,NULL,0,NULL,NULL,NULL,'2025-06-12 13:25:25','2026-01-31 12:42:01'),(477,NULL,'Willy Ramadhan','willyramadhan1213@gmail.com','2025-06-12 13:31:02','$2y$12$X8x6xcV093EJGqRvd22kQON.nrrTmfhaNY6tP2Zn0ae2eIGj6NbRC',NULL,NULL,0,NULL,NULL,NULL,'2025-06-12 13:31:02','2026-01-31 12:42:01'),(478,NULL,'Suprax','icimangosen7@gmail.com','2025-06-12 13:42:15','$2y$12$MmM7F4o/t0ylr9MW4vRUwOeAuErsqkkiiHOvTIistUiv.uBB7ONAK',NULL,NULL,0,NULL,NULL,NULL,'2025-06-12 13:42:15','2026-01-31 12:42:01'),(479,NULL,'Muhamad dede ramli','ramliraden7@gmail.com','2025-06-12 15:50:18','$2y$12$ai/lzt2Ghp6B/HYFXhQHEeDD8GToSpFq9UtJS6M7uxxjaInULDwgy',NULL,NULL,0,NULL,NULL,NULL,'2025-06-12 15:50:18','2026-01-31 12:42:01'),(480,NULL,'Arief prabowo','satriamegatron@gmail.com','2025-06-12 16:45:18','$2y$12$fv82cQ4qgw5GddRxAAY5YuX4i18/vIwVZT0hBtwnLugvGwYwV46Ay',NULL,NULL,0,NULL,NULL,NULL,'2025-06-12 16:45:18','2026-01-31 12:42:02'),(481,NULL,'eka surya m','ekasuryam97@gmail.com','2025-06-12 17:53:51','$2y$12$3/ueEwNy9gAQBgf1op9Ixe.K6ZIAGYQCPeXIUjubjyNYgEFk1jg7S',NULL,NULL,0,NULL,NULL,NULL,'2025-06-12 17:53:51','2026-01-31 12:42:02'),(482,NULL,'wawan kurniawan','webkurnia@gmail.com','2025-06-12 22:19:53','$2y$12$Dzv5MTgveGbz7/UOm2MRrug7hbEegymMDdmvd0QsccSBJ1ttrx.te',NULL,NULL,0,NULL,NULL,NULL,'2025-06-12 22:19:53','2026-01-31 12:42:02'),(483,NULL,'Taufik Sidik','pranajaafnan@gmail.com','2025-06-12 23:06:50','$2y$12$b2sWddggfkqgIdes44oWCuSEZ6URNsCeHJpGkUtZYrGXJGkMwZon6',NULL,NULL,0,NULL,NULL,NULL,'2025-06-12 23:06:50','2026-01-31 12:42:02'),(484,NULL,'Yusril Eka F','shiina.shiro111@gmail.com','2025-06-13 00:23:29','$2y$12$I2lVzhBKRlN3Yc/Xw4yjkel9bs8ix6Lf7MvAz3XzwKC2slYnzoOfW',NULL,NULL,0,NULL,NULL,NULL,'2025-06-13 00:23:29','2026-01-31 12:42:02'),(485,NULL,'Hanan NSB','nsbhanan@gmail.com','2025-06-13 02:00:19','$2y$12$ZpvUgUMiq5nQzWPbFVBYG.7vFfOrp3Q3GxqlVb1sqolYX6bgDNmLq',NULL,NULL,0,NULL,NULL,NULL,'2025-06-13 02:00:19','2026-01-31 12:42:03'),(486,NULL,'choirul hidayat','listalk62@gmail.com','2025-06-13 08:46:20','$2y$12$XlXko4tnHyGXaQV8GtlkgOj4PR2YqSUAupLWJYRLgarQ.SuEfFpW.',NULL,NULL,0,NULL,NULL,NULL,'2025-06-13 08:46:20','2026-01-31 12:42:03'),(487,NULL,'Fathin Maqbulloh Sawiji','fanmaqs1215@gmail.com','2025-06-13 09:28:35','$2y$12$ewUyDr9M7GJmwsAkgCEzouYOyDauLbEGv4Xj7Z0/68ZIr71uZogku',NULL,NULL,0,NULL,NULL,NULL,'2025-06-13 09:28:35','2026-01-31 12:42:03'),(488,NULL,'dwi gary','apdtua@gmail.com','2025-06-13 13:19:07','$2y$12$lBEb29itIz2jBYOzWlCg/uPeWnC8.gpJLo46VR5ZqBRSYjJLLeAdy',NULL,NULL,0,NULL,NULL,NULL,'2025-06-13 13:19:07','2026-01-31 12:42:03'),(489,NULL,'Salim','muhammad.salim014@gmail.com','2025-06-14 00:43:00','$2y$12$dq7/IjzSe8/TrvKPgBoJZ.UOVytUWPeMnFzLpPVQcontb27G49Nhq',NULL,NULL,0,NULL,NULL,NULL,'2025-06-14 00:43:00','2026-01-31 12:42:04'),(490,NULL,'Misbahul Munzir','misbahulmunzir10@gmail.com','2025-06-14 03:29:43','$2y$12$V0OZUxKbMzNhC3FsONymy.i8U1OtfNY/WInZ22gkwCCk3FK4ujVkS',NULL,NULL,0,NULL,NULL,NULL,'2025-06-14 03:29:43','2026-01-31 12:42:04'),(491,NULL,'Andi Nugroho','nugrohoandi36@gmail.com','2025-06-15 04:08:32','$2y$12$t7Gx7s7bF4mG9xUa1Z8g6.C9x6pdr3ZLyJueCPvMo3DG2YfgUC.7m',NULL,NULL,0,NULL,NULL,NULL,'2025-06-15 04:08:32','2026-01-31 12:42:04'),(492,NULL,'MUHAMMAD RIZAL','rizalabdmajid543@gmail.com','2025-06-16 02:38:38','$2y$12$TGzTdc20zuMu3QSoGutXR.lpFANGvP7xDkDHXVK2gi3y/KtyhfpnC',NULL,NULL,0,NULL,NULL,NULL,'2025-06-16 02:38:38','2026-01-31 12:42:04'),(493,NULL,'Wisesa','wisesaqwerty@gmail.com','2025-06-17 02:47:58','$2y$12$yuCvoaA2v.gdUKr.tCbYjuhl7O2.MzKeWOmWPNbGOBRiqwlFOpuRa',NULL,NULL,0,NULL,NULL,NULL,'2025-06-17 02:47:58','2026-01-31 12:42:04'),(494,NULL,'Afriansyahkripto','afriansyahkripto@gmail.com','2025-06-17 03:46:04','$2y$12$P3s6s.HinmDcXqATDhpfkOTj2PrKnoLKTuqrdb9RoYBUtQ.PPIut2',NULL,NULL,0,NULL,NULL,NULL,'2025-06-17 03:46:04','2026-01-31 12:42:05'),(495,NULL,'Nurul Fiqih','nurulfiqihf22@gmail.com','2025-06-17 07:01:19','$2y$12$18.rg7UGRn8v.3mIrh7Eney7G64eBKIWPksUyMy/3r9ncGeTx/af.',NULL,NULL,0,NULL,NULL,NULL,'2025-06-17 07:01:19','2026-01-31 12:42:05'),(496,NULL,'Supriyanto','supriyantosebastian@gmail.com','2025-06-17 09:42:57','$2y$12$HVKO3ixiznTIsS7QdDBl.elcohzMPpj1QNU95JhJl.gpf2QYNed3W',NULL,NULL,0,NULL,NULL,NULL,'2025-06-17 09:42:57','2026-01-31 12:42:05'),(497,NULL,'Fajar Cahyo Nugroho','fajarcn313@gmail.com','2025-06-18 11:20:49','$2y$12$7pUFLh94NkusQySXGemLpu7WU8/1S/nzD7nMXxVM9zbsZPqelfACe',NULL,NULL,0,NULL,NULL,NULL,'2025-06-18 11:20:49','2026-01-31 12:42:05'),(498,NULL,'Youngky Arsyad Nugraha','my.youngky07@gmail.com','2025-06-16 20:38:05','$2y$12$Dhsjfxuuz6D2kUvFVFpH1.QFg3AGWkoH5q48KVMUqGlPHHGojka2a',NULL,NULL,0,NULL,NULL,NULL,'2025-06-16 20:38:05','2026-01-31 12:42:06'),(499,NULL,'Ardhian guslitama','myliveiteasy@gmail.com','2025-06-18 12:56:17','$2y$12$6bxaE.EGvGUsja3/RhrfrebNP3qxECMTKGME55a.R.UQb/qZxrV8i',NULL,NULL,0,NULL,NULL,NULL,'2025-06-18 12:56:17','2026-01-31 12:42:06'),(500,NULL,'Sigid Nugroho','nugrohoeste@gmail.com','2025-06-18 13:13:07','$2y$12$Mc3vzGKC5esYTN2xjXJ2NeOzlqz.FjravVNl1S3t5TdkbVSiNbFDq',NULL,NULL,0,NULL,NULL,NULL,'2025-06-18 13:13:07','2026-01-31 12:42:06'),(501,NULL,'Muhammad Balbeid','muhammad.balbeid16@gmail.com','2025-06-19 02:16:21','$2y$12$s3u8pKH.kETnpBlPbPDOLOozSe8nGNqhm587yBMHslaQstkhLV4qe',NULL,NULL,0,NULL,NULL,NULL,'2025-06-19 02:16:21','2026-01-31 12:42:06'),(502,NULL,'Yunus','saputrayunus12@gmail.com','2025-06-20 14:44:31','$2y$12$uBCYYY5K8NWU4HVYkPymZ.jLi/sEgUCRX0KLBnbPUM2Ig2Ue3cXKy',NULL,NULL,0,NULL,NULL,NULL,'2025-06-20 14:44:31','2026-01-31 12:42:06'),(503,NULL,'Achmad Haidar','achmadhaidar312@gmail.com','2025-06-21 04:35:24','$2y$12$OyG8jAufhSF1mQ/04DWv3uzqorchpSipBMWHogwJoBj7sMgxpy/6u',NULL,NULL,0,NULL,NULL,NULL,'2025-06-21 04:35:24','2026-01-31 12:42:07'),(504,NULL,'Zaenul mutaqin','mutaqinz751@gmail.com','2025-06-21 07:47:17','$2y$12$Od9jb7slM9XH1gWwD/pB9ODZoSuwhydPd9fmzoxrFYDz9LoVgaTFy',NULL,NULL,0,NULL,NULL,NULL,'2025-06-21 07:47:17','2026-01-31 12:42:07'),(505,NULL,'Arif Wijayanto','paydotariph@gmail.com','2025-06-21 16:29:26','$2y$12$rVnWommcr.M888RaLg0iXOaAUNRjrB6yQwuVTVlFuALQWxsbuUerq',NULL,NULL,0,NULL,NULL,NULL,'2025-06-21 16:29:26','2026-01-31 12:42:07'),(506,NULL,'M. Rodi','muhamadrody72@gmail.com','2025-06-21 23:38:23','$2y$12$EVPNyLqaeHMCV05R6aCdXOi9SH2zZneu7iRBoMhFonYeWQ5hGtTWG',NULL,NULL,0,NULL,NULL,NULL,'2025-06-21 23:38:23','2026-01-31 12:42:07'),(507,NULL,'Lukman Hakim','studio111224@gmail.com','2025-06-22 14:59:57','$2y$12$cvNaKc9aiCliq7tl4zh82OSE1U4CY3noSCBlgzmucsMJhMm3/PhZ6',NULL,NULL,0,NULL,NULL,NULL,'2025-06-22 14:59:57','2026-01-31 12:42:08'),(508,NULL,'Faezal','earnestvillie@gmail.com','2025-06-23 03:58:01','$2y$12$Gre.E9B3vVeyqNakC34pGu1wCffOz21IUqt5.GB637828fKIeTh8a',NULL,NULL,0,NULL,NULL,NULL,'2025-06-23 03:58:01','2026-01-31 12:42:08'),(509,NULL,'Ihsan Daffa Agniansyah','daffaihsan235@gmail.com','2025-06-23 07:33:34','$2y$12$J4H3ED8tYY4LGESg3nsifOuDBELGGoITxAm6PUZyErxwfvUClzpdG',NULL,NULL,0,NULL,NULL,NULL,'2025-06-23 07:33:34','2026-01-31 12:42:08'),(510,NULL,'Ginan','ginziro.studio@gmail.com','2025-06-23 02:44:22','$2y$12$z698huABYGsxbOMK3XyutuztxqcSrM4TDi9Ln2FKMqXJryBlgeJQy',NULL,NULL,0,NULL,NULL,NULL,'2025-06-23 02:44:22','2026-01-31 12:42:08'),(511,NULL,'Fransiscus Xaverius','oke.siplah@gmail.com','2025-06-19 01:16:03','$2y$12$XRSFCWZ5Y2Rod3dbpyduieAREOhEIyC2nCXwd/A4Ql93PtvsFIIOy',NULL,NULL,0,NULL,NULL,NULL,'2025-06-19 01:16:03','2026-01-31 12:42:08'),(512,NULL,'Muntazan','muntazansesaot46@gmail.com','2025-06-24 08:45:08','$2y$12$rROTFOXGzcqRUMlLigM0JemWlgavnNUExcQ5ptP/uPnhaO2QCI96i',NULL,NULL,0,NULL,NULL,NULL,'2025-06-24 08:45:08','2026-01-31 12:42:09'),(513,NULL,'Wildan Arief','willysatch@gmail.com','2025-06-25 14:00:56','$2y$12$6TCjsYablG2XylFLBtGlfOJp06IihhGSg9D3FF927i/W8SbzsENqK',NULL,NULL,0,NULL,NULL,NULL,'2025-06-25 14:00:56','2026-01-31 12:42:09'),(514,NULL,'Pandi Mukarram','mukarrampandi@gmail.com','2025-06-27 11:20:58','$2y$12$3q9zREI1aw5dgw2gX6Sgqusr9YRLc8WNPHU1YtpbpZ8j9ZyBkGJRO',NULL,NULL,0,NULL,NULL,NULL,'2025-06-27 11:20:58','2026-01-31 12:42:09'),(515,NULL,'Muhammad ulul albab','Muhammadulul121205@gmail.com','2025-06-28 05:51:22','$2y$12$wXhKIr/g0Eb1lcEN9V0ZPun.///6PtBVphS4H4Brd/aVcQCP5pCpK',NULL,NULL,0,NULL,NULL,NULL,'2025-06-28 05:51:22','2026-01-31 12:42:09'),(516,NULL,'Hendra','hendrakaka10@gmail.com','2025-06-28 09:51:24','$2y$12$qJ/kYSDj8QdAIKK0OtcCL.YfBdDL7ZTzIkkzeppbbTXggcHW2MYtW',NULL,NULL,0,NULL,NULL,NULL,'2025-06-28 09:51:24','2026-01-31 12:42:10'),(517,NULL,'Muhammad azzam','azzammuhammad271@gmail.com','2025-06-29 03:07:10','$2y$12$6kJozUfaPNQAeFoPVxVz0u3IyzxrhkpvVlIOfcKCm7vv8RAbO40tq',NULL,NULL,0,NULL,NULL,NULL,'2025-06-29 03:07:10','2026-01-31 12:42:10'),(518,NULL,'Asroni','mronii3179@gmail.com','2025-06-30 10:20:27','$2y$12$DYRbiHmTZZxOKcoXbYSQd.eI2WGTSZKgrR27D9kXSCNRqdvn8jJXm',NULL,NULL,0,NULL,NULL,NULL,'2025-06-30 10:20:27','2026-01-31 12:42:10'),(519,NULL,'Ahmad Nursyamsi','amadecosta111@gmail.com','2025-06-30 14:09:19','$2y$12$rRo.YOxQOSP2KorNXfWS4OhH.o5u.PqsaK.A5KMRIRu9CCG24dpAS',NULL,NULL,0,NULL,NULL,NULL,'2025-06-30 14:09:19','2026-01-31 12:42:10'),(520,NULL,'Risaldi Hidayat','risaldi11@gmail.com','2025-07-13 08:53:40','$2y$12$33E/IfqsTnVbrFuZ3jE5TuLFtGpJB9Hf9GZMDwY/Rc0TyfvHr.rjO',NULL,NULL,0,NULL,NULL,NULL,'2025-07-13 08:53:40','2026-01-31 12:42:10'),(521,NULL,'ANGGALIH PRASETYA','angdesapas@gmail.com','2025-07-15 11:42:11','$2y$12$Oc7LoFQQ824VtW230NNNJOgFlpwhno/tuF1fel.65JRZDJCdXRrTK',NULL,NULL,0,NULL,NULL,NULL,'2025-07-15 11:42:11','2026-01-31 12:42:11'),(522,NULL,'Wildan Syafiul Fuadi','wildansyafiul1955@gmail.com','2025-07-18 12:24:01','$2y$12$eB3QHkmZHJFHaOMAnF6bveuD4Fhfr1ZhegfmEHqOW1kPTQQw7T8l6',NULL,NULL,0,NULL,NULL,NULL,'2025-07-18 12:24:01','2026-01-31 12:42:11'),(523,NULL,'Sinung Anugerah Putra','sinunganugerah80@gmail.com','2025-07-19 05:57:31','$2y$12$Nn0CKFk4iiKEHQEvo/GAVODKA5OZEW.MUR1hsbjJlYfxGqPAO56uy',NULL,NULL,0,NULL,NULL,NULL,'2025-07-19 05:57:31','2026-01-31 12:42:11'),(524,NULL,'fajarramdhani','fajarbgrbelajar@gmail.com','2025-07-19 13:21:48','$2y$12$LsaYshSuKSwLt.C0/6S/M.Ry45W3JijH6NTDyiaW8XNkd.QgG7NpC',NULL,NULL,0,NULL,NULL,NULL,'2025-07-19 13:21:48','2026-01-31 12:42:11'),(525,NULL,'Muhammad Alif Rohim Dohi','rohimalif98@gmail.com','2025-07-20 04:14:26','$2y$12$SjXjy0SIakgF5petRN2B6e.eIZ/aUVODS0hgRmZJSff4b1DHTQk0K',NULL,NULL,0,NULL,NULL,NULL,'2025-07-20 04:14:26','2026-01-31 12:42:12'),(526,NULL,'Citra Mira Dewi Boonastria','citramiradewi@gmail.com','2025-07-20 14:59:17','$2y$12$ikC5VxhjyoN9cwuKjW.b2u8FKb9HE7fivaAEq4J9Ka1J70z0GXuZ6',NULL,NULL,0,NULL,NULL,NULL,'2025-07-20 14:59:17','2026-01-31 12:42:12'),(527,NULL,'Surya Sri Bintang','suryabintang1003@gmail.com','2025-07-24 05:00:34','$2y$12$RYGPAd5omUmFShT8im5VoOWaCIEZOQQVq7pKeuqkAUVLJGFnfeyqm',NULL,NULL,0,NULL,NULL,NULL,'2025-07-24 05:00:34','2026-01-31 12:42:12'),(528,NULL,'Rifki','rifki.tris1443@gmail.com','2025-07-25 10:31:24','$2y$12$ukTlDQKObuRDEJAW0vcUNu5t8uiR1p2yncvtQ5Fu0g/WKrIAm57sS',NULL,NULL,0,NULL,NULL,NULL,'2025-07-25 10:31:24','2026-01-31 12:42:12'),(529,NULL,'Grace','gracektrn0412@gmail.com','2025-07-26 12:18:56','$2y$12$aUaJAMaDZKtYneuGH0ZZku1k2DXOgy1/ygco7vym3UC6rGaDj0yc2',NULL,NULL,0,NULL,NULL,NULL,'2025-07-26 12:18:56','2026-01-31 12:42:12'),(530,NULL,'Muhammad taufiq hidayat','muhammadmth23@gmail.com','2025-08-02 03:48:23','$2y$12$3ur4WA7a17bKwk1/.vPE3e4g1VoXPaak7kcEjq8vpXrSXkGLSqRsy',NULL,NULL,0,NULL,NULL,NULL,'2025-08-02 03:48:23','2026-01-31 12:42:13'),(531,NULL,'Raditya A.','Raka.project2302@gmail.com','2025-08-03 11:39:55','$2y$12$TFhg6Gew43nQJM6SREViWexvZkzIRHxVaEUd1.d4HpaxlwC6nx6mu',NULL,NULL,0,NULL,NULL,NULL,'2025-08-03 11:39:55','2026-01-31 12:42:13'),(532,NULL,'Ahmad Syauqi Bin Mohd Fadzil','ibnufadzil.PI@gmail.com','2025-08-03 14:13:40','$2y$12$Ln.fbd2iNHqkvwY6lvlZpuNQ9V4.H5wTF.u7oMdDCMMeHHQmTW7wm',NULL,NULL,0,NULL,NULL,NULL,'2025-08-03 14:13:40','2026-01-31 12:42:13'),(533,NULL,'Affiq bin A Ghani','affiqaghani@yahoo.com','2025-08-03 18:12:26','$2y$12$7JczxxJ44bFrl5Pftq2OZOAtRHPnw0ydwfqtDEPdOnGsAg08/ZtJ.',NULL,NULL,0,NULL,NULL,NULL,'2025-08-03 18:12:26','2026-01-31 12:42:13'),(534,NULL,'maulana risqi ramandana','maulanarisqi011@gmail.com','2025-08-04 04:18:02','$2y$12$hluc3yDLBAYK/C1Nh3BCe.rBzaqeWVVX6UbgRKhEvEmANIzl8qVAG',NULL,NULL,0,NULL,NULL,NULL,'2025-08-04 04:18:02','2026-01-31 12:42:14'),(535,NULL,'Efendi','aripa2664@gmail.com','2025-08-04 08:01:21','$2y$12$Zx5EpYGB4CDuIBKNnsw5De7IK53ahA.5ie/bAXN9CrrZwsr.ljckO',NULL,NULL,0,NULL,NULL,NULL,'2025-08-04 08:01:21','2026-01-31 12:42:14'),(536,NULL,'Supratman','supratman.pln@gmail.com','2025-08-05 04:37:26','$2y$12$S/phBs.RhJBN6bl9SXtuOucnL8qMFzRa2bpZ5/bVYe.pgh3tL5iyS',NULL,NULL,0,NULL,NULL,NULL,'2025-08-05 04:37:26','2026-01-31 12:42:14'),(537,NULL,'Iqbal andian','iqbalandian7@gmail.com','2025-08-05 12:17:23','$2y$12$01R23GIMxth3.388v4Uo2uxPgnwt1cBuz94bU/XLdDxETaHnN8Kt2',NULL,NULL,0,NULL,NULL,NULL,'2025-08-05 12:17:23','2026-01-31 12:42:14'),(538,NULL,'Edo','edopure@gmail.com','2025-08-05 14:31:28','$2y$12$hRGIM7fDB92Blr0e4GvucenCWbM8BelEg0qIlpf84xDWgmPJX5Iee',NULL,NULL,0,NULL,NULL,NULL,'2025-08-05 14:31:28','2026-01-31 12:42:14'),(539,NULL,'Berton Swandi Sipayung','bertswand@gmail.com','2025-08-05 00:00:32','$2y$12$Tz4ZH5QFZMcwXKktvlJndOs4vgapfew6O5OGDfoMau6EQE.GBvOb.',NULL,NULL,0,NULL,NULL,NULL,'2025-08-05 00:00:32','2026-01-31 12:42:15'),(540,NULL,'Hafidhul karim','plazacell469@gmail.com','2025-08-07 15:10:15','$2y$12$MvDRU9NaGaqtWTEcuegJ.OHOrPyel6zxGUK9FNLW9QJGRbBrqlLDW',NULL,NULL,0,NULL,NULL,NULL,'2025-08-07 15:10:15','2026-01-31 12:42:15'),(541,NULL,'Selvy Metha Ardianingrum','selvymetha03@gmail.com','2025-08-08 02:20:06','$2y$12$btZDBih694SyVbC9H80Z5OgZXfcEFhQOJzPc2ZRH6wX2chMNW2/AC',NULL,NULL,0,NULL,NULL,NULL,'2025-08-08 02:20:06','2026-01-31 12:42:15'),(542,NULL,'Muhammad Rasyd Asidiq','mrasyidash@gmail.com','2025-08-08 06:17:07','$2y$12$3U2biaOTnFhY6cRjPob88uvlOrX2rFF38P6XoGR1Z2nzDzVHVbNhq',NULL,NULL,0,NULL,NULL,NULL,'2025-08-08 06:17:07','2026-01-31 12:42:15'),(543,NULL,'Wira Yuda Utama','yutamawir@gmail.com','2025-08-09 09:25:30','$2y$12$IYDN68abk/amnpMCN6Fe0uawMdwFKSZoDUgihlgydGMwt5q.0xFuy',NULL,NULL,0,NULL,NULL,NULL,'2025-08-09 09:25:30','2026-01-31 12:42:16'),(544,NULL,'Gunari','gunari81art@gmail.com','2025-08-09 09:39:37','$2y$12$IS5wbhTIeG/LtFuDnnBQEOOjUP/4rga4fewlFT2k99bOphesRehHu',NULL,NULL,0,NULL,NULL,NULL,'2025-08-09 09:39:37','2026-01-31 12:42:16'),(545,NULL,'Agung Hermawan','hermawan.agung12@gmail.com','2025-08-09 11:43:43','$2y$12$HTFS.V9052m0Z1fA0bK7TeR5Nd815kvAfiJMerH8Fd/A4t6BRB8mi',NULL,NULL,0,NULL,NULL,NULL,'2025-08-09 11:43:43','2026-01-31 12:42:16'),(546,NULL,'Heriii','herimanalu70@gmail.com','2025-08-01 12:29:36','$2y$12$wdKYKUFhp05XrwuZePWRxOgs20qO2JpStEgg7KYCuLm5.ZB0IPyju',NULL,NULL,0,NULL,NULL,NULL,'2025-08-01 12:29:36','2026-01-31 12:42:16'),(547,NULL,'Lathoiful ikhsan kamil','21rijacky@gmail.com','2025-08-13 17:23:34','$2y$12$E/BRnd2u7WA7kF2mDWfpbOzYU2AW4TruJHL29VV5oWO5jp63/lEea',NULL,NULL,0,NULL,NULL,NULL,'2025-08-13 17:23:34','2026-01-31 12:42:16'),(548,NULL,'Najril Irham ektiadi','plonthocilek098@gmail.com','2025-08-14 07:09:21','$2y$12$YycV2NbsCa8emxvka2TeCOdckw4hCEQ7YTHpF0S9Xm2jZ/oGqbqdG',NULL,NULL,0,NULL,NULL,NULL,'2025-08-14 07:09:21','2026-01-31 12:42:17'),(549,NULL,'Ezdien Muhamad','ezdienm@gmail.com','2025-08-17 09:53:39','$2y$12$vIWH07QUWbxt7zjtZfog.e7fiJzREJmH.2PMPbPN6HkRDU40t6/uS',NULL,NULL,0,NULL,NULL,NULL,'2025-08-17 09:53:39','2026-01-31 12:42:17'),(550,NULL,'setiawan','frenzakaruna@gmail.com','2025-08-18 14:08:41','$2y$12$i1t2ZqJK/n9iFYuEb4DfnucSFoB.VobR8R1plDHikn8iZ/v84dJQC',NULL,NULL,0,NULL,NULL,NULL,'2025-08-18 14:08:41','2026-01-31 12:42:17'),(551,NULL,'beni','benigusman42@gmail.com','2025-08-19 04:45:05','$2y$12$U3Uhfgj6n4Xb6ZrP4fCkJOfycy0L1b11v88taOG72OEu.yG6IQDH.',NULL,NULL,0,NULL,NULL,NULL,'2025-08-19 04:45:05','2026-01-31 12:42:17'),(552,NULL,'Dede Mustopa','oplekkid@gmail.com','2025-08-19 16:01:56','$2y$12$8MB4ZhJP0GRz/AVLl69Fuu2DiLAU.2CkE0Vaadzd0lusOcWe.jllW',NULL,NULL,0,NULL,NULL,NULL,'2025-08-19 16:01:56','2026-01-31 12:42:18'),(553,NULL,'CAHYO HANDOKO','cahyohandoko011@gmail.com','2025-08-21 07:22:03','$2y$12$xKwJ9UaLbMDOGrveaNsZTuHyFv1yKaWVVUN3cUrew2Nn3lQXmxHH6',NULL,NULL,0,NULL,NULL,NULL,'2025-08-21 07:22:03','2026-01-31 12:42:18'),(554,NULL,'Muhammad Alfin','muhammad.alfin1079@gmail.com','2025-08-22 04:33:57','$2y$12$vrXyEjJgt7oVnqJOaMWZtuM2wfM7Qd6UejD8GnRedo7MCy1xhuc0G',NULL,NULL,0,NULL,NULL,NULL,'2025-08-22 04:33:57','2026-01-31 12:42:18'),(555,NULL,'Moh Andi Setyo Nugroho','itsandiseo@gmail.com','2025-08-22 12:36:38','$2y$12$dkBHztluEo91JO9.X2CY0.PJYhrSRcR9aLTENhn4QWGv7zlrMDXwe',NULL,NULL,0,NULL,NULL,NULL,'2025-08-22 12:36:38','2026-01-31 12:42:18'),(556,NULL,'Hakimuddin','abnawalakim@gmail.com','2025-08-23 00:05:01','$2y$12$gXnn.saNqYjxtBCUJwFSU.ETKrnCnu3XRfzKQrFcSXmMhlBcsPICa',NULL,NULL,0,NULL,NULL,NULL,'2025-08-23 00:05:01','2026-01-31 12:42:18'),(557,NULL,'Fredy setyo budi','ftaaruf13@gmail.com','2025-08-23 02:00:10','$2y$12$EW8EKgKiuRKrfi3c4MgMZuufYs8Z.NMxxV1bufjOezDkS1ZniL482',NULL,NULL,0,NULL,NULL,NULL,'2025-08-23 02:00:10','2026-01-31 12:42:19'),(558,NULL,'Daesy Natalisa','daesyneverstoplearning@gmail.com','2025-08-24 07:46:41','$2y$12$IudTCvNBUjFBJ9aopQwwhuGBwATWuv93ebrczTCtRMGhyEephy9Vm',NULL,NULL,0,NULL,NULL,NULL,'2025-08-24 07:46:41','2026-01-31 12:42:19'),(559,NULL,'Dofan Adi Pratama','desainquu@gmail.con','2025-08-27 08:47:21','$2y$12$5Ix0S.p4JaS97CZh3Lcuy.gk0J8ZjVnadLandN.TBj899NE2PbCqS',NULL,NULL,0,NULL,NULL,NULL,'2025-08-27 08:47:21','2026-01-31 12:42:19'),(560,NULL,'MUHAMMAD ASSHIDDIQY','snerdco@gmail.com','2025-08-27 12:42:33','$2y$12$2TooZcmTR0ltE2/qbT5rTeuYYqFzydM/CxJ7AbCyoTvTH7IsTU.jS',NULL,NULL,0,NULL,NULL,NULL,'2025-08-27 12:42:33','2026-01-31 12:42:19'),(561,NULL,'Ardiansyah','sijinomer71@gmail.com','2025-08-10 04:22:55','$2y$12$Y9aSDAo3sq7ggMdH/IZgd.EscFkZOpq14Ck5VkakQZ0xvPqqwdYqy',NULL,NULL,0,NULL,NULL,NULL,'2025-08-10 04:22:55','2026-01-31 12:42:20'),(562,NULL,'fahmi','mikewajosky@gmail.com','2025-08-29 08:43:38','$2y$12$r1yr8MaqSTaVLsR6p/u/K.3ivTZ.YujvkXAe2szlimipbyoiDJt.a',NULL,NULL,0,NULL,NULL,NULL,'2025-08-29 08:43:38','2026-01-31 12:42:20'),(563,NULL,'Shahril Suhaimi','shahril.suhaimi1988@gmail.com','2025-08-30 05:18:26','$2y$12$M7KaEUXI.7DVW.VelTifYe5xKG.Z3A3QFs3x9pVWIdoXZKiLHispq',NULL,NULL,0,NULL,NULL,NULL,'2025-08-30 05:18:26','2026-01-31 12:42:20'),(564,NULL,'wahyu melta','kukuhw56@gmail.com','2025-08-31 10:39:04','$2y$12$R..kkmwNggMBcH799Cv7peONBVSiitZIE4NdGOEjT4R9CTzON68Gq',NULL,NULL,0,NULL,NULL,NULL,'2025-08-31 10:39:04','2026-01-31 12:42:20'),(565,NULL,'Dani Ramdani','rd161101@gmail.com','2025-09-01 10:29:32','$2y$12$Izgnw9r93FLWRgXB/OiqmODCAJ9JblvMZBTL6WHfL7nbqZWwAV6va',NULL,NULL,0,NULL,NULL,NULL,'2025-09-01 10:29:32','2026-01-31 12:42:20'),(566,NULL,'Riko Maulana Alhasany','rikomaulanajkm@gmail.com','2025-09-01 15:22:12','$2y$12$u7jFV4znwPRSV8rYHgw/ruTQS9VS6X.vVKLCRmfo8Hi5ONWkWArxW',NULL,NULL,0,NULL,NULL,NULL,'2025-09-01 15:22:12','2026-01-31 12:42:21'),(567,NULL,'Muhammad Rafif','musyaffarafif@gmail.com','2025-09-02 08:53:53','$2y$12$ibRVFwq3KAJqFZfuZwZyreE6Ov0ZztfXAm7d2QvhCl8C/PKV4Ksxe',NULL,NULL,0,NULL,NULL,NULL,'2025-09-02 08:53:53','2026-01-31 12:42:21'),(568,NULL,'Yogi Hardikta Ginting','yhardikta@gmail.com','2025-09-02 09:27:00','$2y$12$ZOn/wxnCfM9CV5p8IpmyKOVVHgpNngEcVGOIMHdmrnWCblahhp/7a',NULL,NULL,0,NULL,NULL,NULL,'2025-09-02 09:27:00','2026-01-31 12:42:21'),(569,NULL,'Rafi Maulana','rafimaulana430@gmail.com','2025-09-02 13:10:34','$2y$12$10hs1/eMxG/7DluYNyp0neHxcoszI.XudBT2NqAQCiZBUOvSvjwQS',NULL,NULL,0,NULL,NULL,NULL,'2025-09-02 13:10:34','2026-01-31 12:42:21'),(570,NULL,'Putri Salma','Putrisalma1298@gmail.com','2025-09-03 03:14:25','$2y$12$SeXlKy0EGlFVFvyAaLVWseGzDP3wQGwcYCiT5.ulW8H4cV4NgvwxS',NULL,NULL,0,NULL,NULL,NULL,'2025-09-03 03:14:25','2026-01-31 12:42:22'),(571,NULL,'Veilan Kaligis','veilankaligis5@gmail.com','2025-09-04 05:54:40','$2y$12$XlnjBXKbFhZoW7UJNlbPru32aCeMxz8wpR5I4Y1nWC3FvB9.i4fjO',NULL,NULL,0,NULL,NULL,NULL,'2025-09-04 05:54:40','2026-01-31 12:42:22'),(572,NULL,'Teguh wahyudi','rafifgogo@gmail.com','2025-09-04 07:40:19','$2y$12$.VfTL0R4WJdDYhymGiLzvOVmJIv2yEJk2DIlTT.rqMikGLo23WMGy',NULL,NULL,0,NULL,NULL,NULL,'2025-09-04 07:40:19','2026-01-31 12:42:22'),(573,NULL,'Tafia Ayu Andina','tafiaayuandina@gmail.com','2025-09-05 15:10:14','$2y$12$pMRTO0NmP8UUw48CUV.5D.sw0JwxN05myEr2KXsy2PD083ZJ3vnim',NULL,NULL,0,NULL,NULL,NULL,'2025-09-05 15:10:14','2026-01-31 12:42:22'),(574,NULL,'Fenda Oktana','anatkodesign@gmail.com','2025-09-06 10:04:11','$2y$12$Ddz4GMGZMAh.xVVaFTmUFu/e4AahqQwYxYjhWj7OWtViFh0ISXmx6',NULL,NULL,0,NULL,NULL,NULL,'2025-09-06 10:04:11','2026-01-31 12:42:22'),(575,NULL,'Thoriq Anwar','thoriqbusiness1@gmail.com','2025-09-07 10:26:46','$2y$12$jYHyqXOCtzTFWV0bO5DwBOcYyYK4XpjyK2kY3UI7/WNW1GuL78kwe',NULL,NULL,0,NULL,NULL,NULL,'2025-09-07 10:26:46','2026-01-31 12:42:23'),(576,NULL,'Hamid','abdhamidninggar@gmail.com','2025-09-09 01:51:26','$2y$12$doY96i0CTtwLAanLCQW3m.yNecMMWC/NMAjM0jygNbCkjQAtHOzB6',NULL,NULL,0,NULL,NULL,NULL,'2025-09-09 01:51:26','2026-01-31 12:42:23'),(577,NULL,'Dawi firdaus','dawifirdaus@gmail.com','2025-09-09 07:20:31','$2y$12$xfg.Sfnpr9WVFvisYLIu1OdnT9nzk4excrf26lVDWP41LwVLmJPZm',NULL,NULL,0,NULL,NULL,NULL,'2025-09-09 07:20:31','2026-01-31 12:42:23'),(578,NULL,'evan taufik razasa','evantaufik211@gmail.com','2025-09-13 10:31:51','$2y$12$G2.gYP1I5yA92SdjWhSEv.NY8lAKZoIv5oc8.pn10SEWEfQ.Fj5OG',NULL,NULL,0,NULL,NULL,NULL,'2025-09-13 10:31:51','2026-01-31 12:42:23'),(579,NULL,'Andy Afriansyah','andymasuksurga@gmail.com','2025-09-13 11:11:16','$2y$12$pXD3LG4LDCJo82aX6ySOceczEXIFOZAUOVS7GhOBP5Aqph5MP6OYm',NULL,NULL,0,NULL,NULL,NULL,'2025-09-13 11:11:16','2026-01-31 12:42:24'),(580,NULL,'Dicky Darmawan Salim','dicdas21@gmail.com','2025-09-14 10:25:38','$2y$12$K2uNxaUNcFomKdZ/o2Sid.ErtgsnaRGxAK9x9OtO1c7SDfVa06Wlq',NULL,NULL,0,NULL,NULL,NULL,'2025-09-14 10:25:38','2026-01-31 12:42:24'),(581,NULL,'Stella Riesta Alimoeddin','stella.riesta@gmail.com','2025-09-14 17:51:25','$2y$12$Mt2yQJjQ6lfSf5bFRyKUn.Bfw8WqhDRDWT58JAL/dMcmqw82/KdjS',NULL,NULL,0,NULL,NULL,NULL,'2025-09-14 17:51:25','2026-01-31 12:42:24'),(582,NULL,'Yunus Ali Rohman','alifyunus39@gmail.com','2025-09-15 08:26:28','$2y$12$E6Xi7tellS0KyWytc2YbhecynMAYvQO3tDwwLDWIX2IbE09ewAfFu',NULL,NULL,0,NULL,NULL,NULL,'2025-09-15 08:26:28','2026-01-31 12:42:24'),(583,NULL,'imam purnama','i.purnamahadi124@gmail.com','2025-09-08 09:34:15','$2y$12$E3Or8IDsOMJtdDVIOIMdEO6.Gfhezf0nyXBUAfcHY7oTUbT7ibegq',NULL,NULL,0,NULL,NULL,NULL,'2025-09-08 09:34:15','2026-01-31 12:42:24'),(584,NULL,'Christian Ezra','chris.932208@gmail.com','2025-09-17 04:03:47','$2y$12$J0Z4IzRXvNBz5M/f31HQkeH72fiv75h.vUt83qB3FltTjFIK.cgDy',NULL,NULL,0,NULL,NULL,NULL,'2025-09-17 04:03:47','2026-01-31 12:42:25'),(585,NULL,'Wika','wikawayan99@gmail.com','2025-09-18 09:15:22','$2y$12$mF1DORYpsCfZZF8tbz9j9e.i2GY.Y3rvrWB/PFQsiMakiE3MD1hOa',NULL,NULL,0,NULL,NULL,NULL,'2025-09-18 09:15:22','2026-01-31 12:42:25'),(586,NULL,'Muhammad Alfaridzi','glow21232@gmail.com','2025-09-21 01:25:43','$2y$12$F/KqTjiR67G3jmHZOT81TeYpaEWhX9VN7VjNUQwrbS770A1OcVzi2',NULL,NULL,0,NULL,NULL,NULL,'2025-09-21 01:25:43','2026-01-31 12:42:25'),(587,NULL,'Ita Andita','itaandita1@gmail.com','2025-09-24 03:47:30','$2y$12$x11jOfaNY2bQmQicDUg.A.oEhvsRfGugIvFQzMHEEGEaGygFXJF7O',NULL,NULL,0,NULL,NULL,NULL,'2025-09-24 03:47:30','2026-01-31 12:42:25'),(588,NULL,'Saf','saf.digitaltools@gmail.com','2025-09-25 07:38:22','$2y$12$832MQV7/dhpREgN8f0Zxg.QLqtxetwfVYKPKhG3dy11XqzJ2PSNce',NULL,NULL,0,NULL,NULL,NULL,'2025-09-25 07:38:22','2026-01-31 12:42:26'),(589,NULL,'Ikhwan Ari Guntoro','ikhwanariguntoro@gmail.com','2025-09-26 17:16:38','$2y$12$cqjK9jePtwot/uV4D4z/VuTq9c4Tac67.dhbP89lh33xjGokVWFSW',NULL,NULL,0,NULL,NULL,NULL,'2025-09-26 17:16:38','2026-01-31 12:42:26'),(590,NULL,'Taufiq Rosadi','toviqrosadi@gmail.com','2025-09-20 23:04:41','$2y$12$xr68eu.liQIH5jAVznBsWe2SM8z6wsQWmJ.Yr1yAM0.W2sXol/CZm',NULL,NULL,0,NULL,NULL,NULL,'2025-09-20 23:04:41','2026-01-31 12:42:26'),(591,NULL,'Afrison Baskara','bangizon5@gmail.com','2025-09-29 05:29:32','$2y$12$GIIWQljBHjSUZJnT5ceOXefu1lNucgSMaLer6JjnZW5TEWhoL/.s.',NULL,NULL,0,NULL,NULL,NULL,'2025-09-29 05:29:32','2026-01-31 12:42:26'),(592,NULL,'Abdul Aziz Ali Akbar','azizali182223@gmail.com','2025-09-29 21:54:09','$2y$12$1RVZwNWskST8VlgNFSo80OImQI7/tQT85G7AOCYxAA3PCXbQXnlC.',NULL,NULL,0,NULL,NULL,NULL,'2025-09-29 21:54:09','2026-01-31 12:42:26'),(593,NULL,'tomi saputra','tomidwisaputra@gmail.com','2025-09-30 13:26:36','$2y$12$XVxV5FiredAV/kWIpjyHWOe4nbJEep1a7ZSzHIvXadPYtwo5u0iFu',NULL,NULL,0,NULL,NULL,NULL,'2025-09-30 13:26:36','2026-01-31 12:42:27'),(594,NULL,'Adieb Bilardhi','adiebbilardhi38@gmail.com','2025-10-02 04:01:31','$2y$12$ae2KdMUsFPuiV38ms6Gso.Qu1Y/pBR5j/S0GWn/pK13QBcpTiX1ue',NULL,NULL,0,NULL,NULL,NULL,'2025-10-02 04:01:31','2026-01-31 12:42:27'),(595,NULL,'Muhammad Amirul Mu\'min','muhamirul98@gmail.com','2025-10-03 11:25:20','$2y$12$pTK5bo5RBqY9oXGjP0JVkeCF6grxmPWW2a3StTJix0kSUIbbBaBtu',NULL,NULL,0,NULL,NULL,NULL,'2025-10-03 11:25:20','2026-01-31 12:42:27'),(596,NULL,'suandi','jufri.suandi@gmail.com','2025-10-13 02:10:26','$2y$12$icMhn3FiGT0mlVHII6y6sO9xUa5Ap1LeTTSRjfUCXlCTofeWmXGIy',NULL,NULL,0,NULL,NULL,NULL,'2025-10-13 02:10:26','2026-01-31 12:42:27'),(597,NULL,'Achmad Luthfi Hakim','ahmadlutfihakim.id@gmail.com','2025-10-16 13:10:14','$2y$12$zO1a/ZRnKMi0yorOFZcCGOXP3hefLqlYuiTDNoyrniUvjlqfO9yOW',NULL,NULL,0,NULL,NULL,NULL,'2025-10-16 13:10:14','2026-01-31 12:42:28'),(598,NULL,'Masajeng','masajengpipik@gmail.com','2025-10-15 20:03:29','$2y$12$iSVAZjyAEqqf4pQhTcFFHOnG9E1yDh84ZgGm7ZLOXcSyrCwnXq8zi',NULL,NULL,0,NULL,NULL,NULL,'2025-10-15 20:03:29','2026-01-31 12:42:28'),(599,NULL,'Ihza Mahendra','ihzamahendra179@gmail.com','2025-10-19 05:17:38','$2y$12$K0mpGlalc4fWTrpxVMGTh.EUQrwPkRAL2vAILcOJlZNltwgwGqL/i',NULL,NULL,0,NULL,NULL,NULL,'2025-10-19 05:17:38','2026-01-31 12:42:28'),(600,NULL,'brili','brilianli645@gmail.com','2025-10-27 05:24:26','$2y$12$D47mNum0wfATMTqYo75uGelTGkOO1zOPh4W2RJIwM4xstiSXVTVMO',NULL,NULL,0,NULL,NULL,NULL,'2025-10-27 05:24:26','2026-01-31 12:42:28'),(601,NULL,'Nasrul','pemanah.rasa362@gmail.com','2025-10-28 04:48:09','$2y$12$qKw2JcTROnZI7Q2oc0DlbO.Lw5oqks1b0/qNqEMAviztPL3NxHLy6',NULL,NULL,0,NULL,NULL,NULL,'2025-10-28 04:48:09','2026-01-31 12:42:28'),(602,NULL,'ahmad triwahyu utomo','ahmadwahyuutomo776@gmail.com','2025-06-16 23:13:17','$2y$12$wkIpnblviL2p88TXcjItGe/a11K/xIGWk0mFAZ9UMUVVopB22s8HW',NULL,NULL,0,NULL,NULL,NULL,'2025-06-16 23:13:17','2026-01-31 12:42:29'),(603,NULL,'Najib Biyantoro Hadi','jeeppru09@gmail.com','2025-10-29 23:48:17','$2y$12$C/Qq9Y4STvUmB3dujPXMueDoX4yrF4/SBM.WQjpqKZgkUg3SN32Di',NULL,NULL,0,NULL,NULL,NULL,'2025-10-29 23:48:17','2026-01-31 12:42:29'),(604,NULL,'Gesang Pangestu','gesang3311@gmail.com','2025-11-02 06:38:00','$2y$12$PmLUhiLinL0x1eeUtJaFge1mSw3lUz7dJMmaJYVzllwPmiehsohY2',NULL,NULL,0,NULL,NULL,NULL,'2025-11-02 06:38:00','2026-01-31 12:42:29'),(605,NULL,'Hersani Ardia Firmansyah','hersani.id@gmail.com','2025-11-02 14:12:08','$2y$12$5PcgYOo.eE4yfMGuT5dsgOCMhNHYHJTPYwC/3wfYn8x4b10MSkqJ.',NULL,NULL,0,NULL,NULL,NULL,'2025-11-02 14:12:08','2026-01-31 12:42:29'),(606,NULL,'Albi Hendika','albi_hendika@yahoo.com','2025-11-10 01:57:25','$2y$12$NxUdldt78Sd5lXzQhuMHkO3Wn/lY9alQretV7JKeB.rlQ4.I.XYjG',NULL,NULL,0,NULL,NULL,NULL,'2025-11-10 01:57:25','2026-01-31 12:42:30'),(607,NULL,'Muhd khair','khaiartwork92@gmail.com','2025-11-12 06:44:45','$2y$12$lWG0mYBkrLTg9k6v37Hq/OnEdvFF0aKrrqqegQYJ1NGRNxuGsImHC',NULL,NULL,0,NULL,NULL,NULL,'2025-11-12 06:44:45','2026-01-31 12:42:30'),(608,NULL,'Imiftah','imiftahnur@gmail.com','2025-11-14 01:49:48','$2y$12$Fbn14d9pSAwx/0tm9IxgsuYK0sFNHTmS5FWlGY.glY/i.2bz8h9ha',NULL,NULL,0,NULL,NULL,NULL,'2025-11-14 01:49:48','2026-01-31 12:42:30'),(609,NULL,'teguh dwi utomo','teguhdwiutomo4@gmail.com','2025-11-15 06:28:49','$2y$12$I.yKlfRk7P9p8fXQOwR55eTKskybzAjokA1YA63zN7jivj.BhX866',NULL,NULL,0,NULL,NULL,NULL,'2025-11-15 06:28:49','2026-01-31 12:42:30'),(610,NULL,'Mohammad Zulfa Ainun Niam','ainunniam1104@gmail.com','2025-11-17 08:42:43','$2y$12$2Bxvxsf2MShOZTqzr9IwReX6nxU13c4hecwNZy9aJoHrlW/.uHmde',NULL,NULL,0,NULL,NULL,NULL,'2025-11-17 08:42:43','2026-01-31 12:42:31'),(611,NULL,'rangga bimantara','ranggabimantarap@gmail.com','2025-10-15 14:27:21','$2y$12$N7sAdbRKDxXBoReE221Zretbb7WfzFAS.4quuKzbTOE.hz6s/emeq',NULL,NULL,0,NULL,NULL,NULL,'2025-10-15 14:27:21','2026-01-31 12:42:31'),(612,NULL,'rara','arrarantiya@gmail.com','2025-09-13 00:38:05','$2y$12$DPDV3UweS5djovovYztuLOu.EyGCGfQ.Wn8MTeNn8llwH1HxB4e0q',NULL,NULL,0,NULL,NULL,NULL,'2025-09-13 00:38:05','2026-01-31 12:42:31'),(613,NULL,'RIO SEPTIAN','septian.vac5@gmail.com','2025-11-24 13:54:45','$2y$12$fh/dYnWZhCJzJn0zXNlakuUDz1bAC/nY6UiQkWeVxzI13y1Wj0Lve',NULL,NULL,0,NULL,NULL,NULL,'2025-11-24 13:54:45','2026-01-31 12:42:31'),(614,NULL,'Fahrul Nur Kholis','f.kholis14@gmail.com','2025-11-26 02:51:36','$2y$12$rRhl50rH6H9rHmF84IOkVu6Jk9lEZGo6TpMYaKwRgx1pGOtlvqhxC',NULL,NULL,0,NULL,NULL,NULL,'2025-11-26 02:51:36','2026-01-31 12:42:31'),(615,NULL,'Reffin Pandan Bandara','notfoundvsl@gmail.com','2025-11-30 19:25:54','$2y$12$0M/PeDaUxumyiaCt0W4DuOlHUFcENK2mSCfvs0a1PHCi0UJXp/rnS',NULL,NULL,0,NULL,NULL,NULL,'2025-11-30 19:25:54','2026-01-31 12:42:32'),(616,NULL,'muhamad syarhul hidayat','uchiel.oyeh52@gmail.com','2025-12-01 19:13:53','$2y$12$86oEYs3VWYLYczXqUB.ZiuBM2wPuhPGzIjo5n.XFQhiEaob/.kIh6',NULL,NULL,0,NULL,NULL,NULL,'2025-12-01 19:13:53','2026-01-31 12:42:32'),(617,NULL,'Sahrul Iman','sahruliman460@gmail.com','2025-12-03 10:17:59','$2y$12$oZ/GU3YiwjHytO9LUmHckuDJ3K9X42FbLYP9it8EwckER2dBTfCn6',NULL,NULL,0,NULL,NULL,NULL,'2025-12-03 10:17:59','2026-01-31 12:42:32'),(618,NULL,'Fauzi Ismail','mandash23@gmail.com','2025-12-04 03:33:26','$2y$12$XEj8ZHFri4HGSfZ4J86Ao.9tnWUwtX/c9FWQYD2Ev/plrwguodSoC',NULL,NULL,0,NULL,NULL,NULL,'2025-12-04 03:33:26','2026-01-31 12:42:32'),(619,NULL,'Ahmad Mujahid','ahmadmizahid07@gmail.com','2025-12-05 08:50:57','$2y$12$nhQ2qJANqIXcwfWTqf4qHeF9XToqhtdpMdEsBPAsHqCGl509x6/96',NULL,NULL,0,NULL,NULL,NULL,'2025-12-05 08:50:57','2026-01-31 12:42:33'),(620,NULL,'wildan adiguna','kinojion@gmail.com','2025-12-10 08:37:16','$2y$12$BLxDImzryUHp/uV6OGG1ku/EtHzUE05AgAT/.RNk/7n8wIP7mG7y6',NULL,NULL,0,NULL,NULL,NULL,'2025-12-10 08:37:16','2026-01-31 12:42:33'),(621,NULL,'Raf','rafartarsip@gmail.com','2025-12-13 07:37:45','$2y$12$RqW8FoTkgx.fE2to38p/YuLUsxY4IPq9Hyc.TyQh3tGi3SHBOoEN.',NULL,NULL,0,NULL,NULL,NULL,'2025-12-13 07:37:45','2026-01-31 12:42:33'),(622,NULL,'edi wasito','ediwasito06@gmail.com','2025-12-15 23:53:14','$2y$12$FU.5UIHlXMTz1wNy8fMwn.J.cRn.NKtZlN8pqdMekkF13qhiDBG5q',NULL,NULL,0,NULL,NULL,NULL,'2025-12-15 23:53:14','2026-01-31 12:42:33'),(623,NULL,'Darwis Patigri Demsel','darwispatigri89@gmail.com','2025-12-19 08:50:00','$2y$12$/L8tYKiNdLAXW9ULHyKaBes9usIMEfAUvASwW4tJ3ZrXEFENvWl4q',NULL,NULL,0,NULL,NULL,NULL,'2025-12-19 08:50:00','2026-01-31 12:42:33'),(624,NULL,'Raenald Syaputra','raenaldsyaputra57@gmail.com','2025-12-20 06:32:03','$2y$12$k1I3c0pRgkNm.0/MccEgE.t5NwaOROCxTPXhLcDCliDtoHJl5n2r6',NULL,NULL,0,NULL,NULL,NULL,'2025-12-20 06:32:03','2026-01-31 12:42:34'),(625,NULL,'moch fadly zacky','mochfadlyzacky@gmail.com','2025-12-20 13:24:37','$2y$12$mAFfkjOdhHXdsKVJj13EuOEpwzLtL6SM2rZR4MZ8pJGKPqEE7i4ca',NULL,NULL,0,NULL,NULL,NULL,'2025-12-20 13:24:37','2026-01-31 12:42:34'),(626,NULL,'Bahtiar Maulana','bahtiarmaulana92@gmail.com','2025-12-22 06:43:26','$2y$12$nXF.mXEXgzX.WaSnls3xyuqhwkciSStLw87sdy4xjn/9NnHEoWzjy',NULL,NULL,0,NULL,NULL,NULL,'2025-12-22 06:43:26','2026-01-31 12:42:34'),(627,NULL,'Lalu Muhammad Tarmizi','waiziwaizigoret@gmail.com','2025-12-22 09:56:34','$2y$12$k.HyPfGAbrsZZxGgl55.2eIVJE0sCAQ6HUA5gVzke4aADZ.l4hwtq',NULL,NULL,0,NULL,NULL,NULL,'2025-12-22 09:56:34','2026-01-31 12:42:34'),(628,NULL,'NURWANTO','wantojhon@gmail.com','2025-12-24 13:07:07','$2y$12$R2TM4Q88OMgxT2l3d/WFgOUlSK6Tq/vwhVNtBw5WlLjehq0534MOe',NULL,NULL,0,NULL,NULL,NULL,'2025-12-24 13:07:07','2026-01-31 12:42:35'),(629,NULL,'Gilang Wicaksono','gilangwepeid@gmail.com','2025-12-24 14:07:41','$2y$12$ehZtFbFheVoC3vT/a6Iu/ucEydSPqEO78rhB9d4z1blZmtYYjrxfe',NULL,NULL,0,NULL,NULL,NULL,'2025-12-24 14:07:41','2026-01-31 12:42:35'),(630,NULL,'Selyn ayu','selynsorong@gmail.com','2025-12-27 02:39:44','$2y$12$mnsieoGGa2TLGWCmHNUWQu3ZHdDav3kmGvCBEeZfje7BDSQ52l0XK',NULL,NULL,0,NULL,NULL,NULL,'2025-12-27 02:39:44','2026-01-31 12:42:35'),(631,NULL,'Muhammad Iqbal Nur Hidhayat','iqbalhidhayat@gmail.com','2025-12-29 02:25:29','$2y$12$kXTvJ/F34yBtgLC3J/JPKe6xnwEi06r1NhJKoKZ61fxopV03WQY5W',NULL,NULL,0,NULL,NULL,NULL,'2025-12-29 02:25:29','2026-01-31 12:42:35'),(632,NULL,'Fadliq','fadliq82@gmail.com','2025-12-29 02:42:51','$2y$12$5fXdoRzdqGOfnuQmILzLwOztDkoBhpvUfPkAbJo3TfAveoGnd4bhq',NULL,NULL,0,NULL,NULL,NULL,'2025-12-29 02:42:51','2026-01-31 12:42:35'),(633,NULL,'Achmad N','nurjani.ti123@gmail.com','2025-12-31 13:29:38','$2y$12$CMIthW.ssGoSoSRXXw89X.7KkZ0m10t7gOiQlZyoPAEzKUHCxYNiS',NULL,NULL,0,NULL,NULL,NULL,'2025-12-31 13:29:38','2026-01-31 12:42:36'),(634,NULL,'Abraham Randanan Palamba','randananp@gmail.com','2026-01-01 07:06:01','$2y$12$djh/wX3Vk4Nvxtp27En3hudSrAX3E1FHakJdoc5HvR43T2VjjxI3C',NULL,NULL,0,NULL,NULL,NULL,'2026-01-01 07:06:01','2026-01-31 12:42:36'),(635,NULL,'Zahra Asyita','zasyita2007@gmail.com','2026-01-01 13:45:54','$2y$12$nAWu8A1qHrryOuJ7jPxD1OEcQ3SbH/kbfkkcJ9D1CUSdGy8GVV2ki',NULL,NULL,0,NULL,NULL,NULL,'2026-01-01 13:45:54','2026-01-31 12:42:36'),(636,NULL,'Ahmad Syarif Toyyib Mubarok','syarifenger1@gmail.com','2026-01-01 18:48:16','$2y$12$SYthiQcD8YWpkWR8i/EqSO6DAacntltU0XCpSwnaenF6IRUQscj4a',NULL,NULL,0,NULL,NULL,NULL,'2026-01-01 18:48:16','2026-01-31 12:42:36'),(637,NULL,'rikiwahyudii464@gmail.com','rikiwahyudii464@gmail.com','2026-01-01 22:28:48','$2y$12$HxHxUFnSS9yf0TUto70Jmu4D7n9rRsrGPkXR43DhcSa46u4rZczo2',NULL,NULL,0,NULL,NULL,NULL,'2026-01-01 22:28:48','2026-01-31 12:42:37'),(638,NULL,'fahtu rokhman sidik','fahtu27@gmail.com','2026-01-04 05:02:39','$2y$12$r8WtKj2GsrKHr0ktDJ.llOn5iU5ABDuE3z6jctXB5o8qXxWxhW.oi',NULL,NULL,0,NULL,NULL,NULL,'2026-01-04 05:02:39','2026-01-31 12:42:37'),(639,NULL,'Andika Widianto','awartid@gmail.com','2026-01-04 05:05:24','$2y$12$q/wci0OggG0NlL0z6UAQ..rnGHTzcInXJebKSY/ZjCW8YEc/ASXSS',NULL,NULL,0,NULL,NULL,NULL,'2026-01-04 05:05:24','2026-01-31 12:42:37'),(640,NULL,'Khoirina Nur Fadhilah','khoirinanurfadhilah@gmail.com','2026-01-07 10:22:32','$2y$12$6T8Vj2VRdxRTq9k/92OJYOWi9SoQJTldANkW0tHRQLBBWjZ3hAvnW',NULL,NULL,0,NULL,NULL,NULL,'2026-01-07 10:22:32','2026-01-31 12:42:37'),(641,NULL,'rizky maulana','wrmaulana00@gmail.com','2026-01-08 10:48:55','$2y$12$AGK3aV.aQST9hOWEfQGAB.jrnWqPUfpz4qVOtnwPky5.co7zUSreC',NULL,NULL,0,NULL,NULL,NULL,'2026-01-08 10:48:55','2026-01-31 12:42:37'),(642,NULL,'Nanang ainul yaqin','areck.anyar@gmail.com','2026-01-09 02:24:22','$2y$12$7EEyqklz840UNrQx8ELZ5eHuSTWctXORc4g4iAbIyJv0vO6HGNRK.',NULL,NULL,0,NULL,NULL,NULL,'2026-01-09 02:24:22','2026-01-31 12:42:38'),(643,NULL,'Ade Cahya Ramadhan','ade.cahya59@gmail.com','2026-01-10 08:12:18','$2y$12$H9mtWanfom3Gir6LVJ2lWeMyIhz6MUPNaFPHATBbzZdlATL7y/1bO',NULL,NULL,0,NULL,NULL,NULL,'2026-01-10 08:12:18','2026-01-31 12:42:38'),(644,NULL,'pantas','pantasdirayakan@gmail.com','2026-01-14 07:39:03','$2y$12$5EytDl4NTf5E4WTipOH1/OGc/5EYJ742QT.P0u/QMzF7LkzuJak9i',NULL,NULL,0,NULL,NULL,NULL,'2026-01-14 07:39:03','2026-01-31 12:42:38'),(645,NULL,'Leonardo Diva','diva.argawi@gmail.com','2026-01-14 14:08:43','$2y$12$WYzhspfJtaGfdY96eqJBLuXm4ciA/Rc6NxSEKqDRcfQ49sqiqzT.2',NULL,NULL,0,NULL,NULL,NULL,'2026-01-14 14:08:43','2026-01-31 12:42:38'),(646,NULL,'Ivan sidiq purnama','Ytcepon01@gmail.com','2026-01-15 02:13:10','$2y$12$9ZLnuffzeq6ncTvMekWxf.mnmoVMrp8BhdpuLxsbFYxCqeLgPR9Zq',NULL,NULL,0,NULL,NULL,NULL,'2026-01-15 02:13:10','2026-01-31 12:42:39'),(647,NULL,'Ade','adefirdausa2@gmail.com','2026-01-16 03:56:04','$2y$12$g6NJHRmbdXlvhFwmGiYnReMNdRulNubpP47sooo6seSYnjeqGRrLO',NULL,NULL,0,NULL,NULL,NULL,'2026-01-16 03:56:04','2026-01-31 12:42:39'),(648,NULL,'Alim Anugrah','alimanugrah03@gmail.com','2026-01-17 14:31:21','$2y$12$mw5bDmOMPkfuxFn.g78sIOau48bQEw8dGlO0cotIvbqxmQJaGt3Hu',NULL,NULL,0,NULL,NULL,NULL,'2026-01-17 14:31:21','2026-01-31 12:42:39'),(649,NULL,'Endri','endriqphotography@gmail.com','2026-01-19 09:12:56','$2y$12$FxyKjlgyWCjqVEnPkVO8LO718OgWKYC26f8dmEKdSqhm42zIJb5eu',NULL,NULL,0,NULL,NULL,NULL,'2026-01-19 09:12:56','2026-01-31 12:42:39'),(650,NULL,'Muhammad Yahya Ubaid','myahya606@gmail.com','2026-01-23 01:28:07','$2y$12$.wV4rsx8igup.zkVn/cLYOig7pKdXFUI656ViKRHJY9HGhZ3UzBve',NULL,NULL,0,NULL,NULL,NULL,'2026-01-23 01:28:07','2026-01-31 12:42:39'),(651,NULL,'avi','avissarahmanita@gmail.com','2026-01-24 02:55:31','$2y$12$kMK7bgSt/6m7Me749YehR.r9gpV8yHi.QJH6.utTQ5SZgtr/bT5VK',NULL,NULL,0,NULL,NULL,NULL,'2026-01-24 02:55:31','2026-01-31 12:42:40'),(652,NULL,'Wisnu Kristiyar','wisnukrsss@gmail.com','2026-01-25 12:54:05','$2y$12$GcTGLOvyu1RFBc0WDpo17.iiwvGQH6.qpnwnQhCBxSEsczPFR6MC.',NULL,NULL,0,NULL,NULL,NULL,'2026-01-25 12:54:05','2026-01-31 12:42:40'),(653,NULL,'Agung Widodo','masagung8@gmail.com','2026-01-27 05:02:45','$2y$12$uKny5g7On4s2t42Q.srs/.6bG6fT9JcW0woLrAeSiEEmGsI5Hy6JW',NULL,NULL,0,NULL,NULL,NULL,'2026-01-27 05:02:45','2026-01-31 12:42:40'),(654,NULL,'Bayanaka Tsaqif','byanfino11@gmail.com','2026-01-28 02:16:47','$2y$12$ViTiwZ5KtCQxywmdb2oypeqT0twrTWqqElLRQciB64bWOzZrAF8TC',NULL,NULL,0,NULL,NULL,NULL,'2026-01-28 02:16:47','2026-01-31 12:42:40'),(655,NULL,'Achmad Luthfi Chakim','Senjalanan@gmail.com','2026-01-28 07:16:54','$2y$12$qq4HpcPxLIETCtYYny.p1.dXvLOqp7Yr9mgCkiM8Y9b.8wSEaesBC',NULL,NULL,0,NULL,NULL,NULL,'2026-01-28 07:16:54','2026-01-31 12:42:41'),(656,NULL,'Muhammad Umar','its.umarazz@gmail.com','2026-01-28 09:23:16','$2y$12$0sRawcsabWs8OfDmQx4Yg.DykocrT8nA08OfZXsX6UIsyFiLpBKFO',NULL,NULL,0,NULL,NULL,NULL,'2026-01-28 09:23:16','2026-01-31 12:42:41'),(657,NULL,'M Marsal Amar','mmarsal.asia@gmail.com','2026-01-28 09:34:06','$2y$12$ObryrM7Nt6ZNo26lJ0tdb.z02K9Y.LezxehHVQ4dPpje.PXILlr76',NULL,NULL,0,NULL,NULL,NULL,'2026-01-28 09:34:06','2026-01-31 12:42:41'),(658,NULL,'yuli setiawan','layandre7@gmail.com','2026-01-28 14:00:21','$2y$12$uZ7Ea9OuYF6hthxoHtBPQOjxa9KiQcfzCKlJcS7yTucJxO6Ft3pDi',NULL,NULL,0,NULL,NULL,NULL,'2026-01-28 14:00:21','2026-01-31 12:42:41'),(659,NULL,'Dedy','dedy23221@gmail.com','2026-01-28 07:52:49','$2y$12$tzA2CcxISSPi5UBInZyzxeBUIXDNF4RzQSk2NX3vKesohdseSDDZG',NULL,NULL,0,NULL,NULL,NULL,'2026-01-28 07:52:49','2026-01-31 12:42:41'),(660,NULL,'monica patricia','mon_x_plore@yahoo.com','2026-01-29 04:03:57','$2y$12$Oa/XsOuulYO1Faiy0uLbEOAAYC3EFJaMmLIP0yO8NUJxZLgztCLUO',NULL,NULL,0,NULL,NULL,NULL,'2026-01-29 04:03:57','2026-01-31 12:42:42'),(661,NULL,'Muhammad Ragil Prasetyo','mragilprasetyo123@gmail.com','2026-01-29 05:15:14','$2y$12$EUhRE0sXQkzFPjy5b/KWr.B2XJ3d.5SJhnxIVJs6p9fK8vwcVcrG2',NULL,NULL,0,NULL,NULL,NULL,'2026-01-29 05:15:14','2026-01-31 12:42:42'),(662,NULL,'Syamsul Fajar','syamsulfajarcreative@gmail.com','2026-01-29 06:46:44','$2y$12$MS18mENM56Fy3rWihvh4mOPu9amAwODhgFKiLtOBrRsl070JDmXKO',NULL,NULL,0,NULL,NULL,NULL,'2026-01-29 06:46:44','2026-01-31 12:42:42'),(663,NULL,'Kurnia','riadikurnia21@gmail.com','2026-01-29 15:47:49','$2y$12$a73abIgqPHmrtFRorompjO/kcLoWzS0xmmojyPa0pXfFA6S1igICi',NULL,NULL,0,NULL,NULL,NULL,'2026-01-29 15:47:49','2026-01-31 12:42:42'),(664,NULL,'Dewi Nirmalasari','nirmalasaridewi@gmail.com','2026-01-30 03:08:18','$2y$12$ASeR8.9tkoyh0IaPFDUW8uDOPEoL4eRWGPdPsucF4QYm/SdQtggNK',NULL,NULL,0,NULL,NULL,NULL,'2026-01-30 03:08:18','2026-01-31 12:42:43'),(665,NULL,'digitalabs.id','digitalabsindonesia@gmail.com','2025-06-04 09:31:07','$2y$12$y.4N07GdyBgYhIBWVPZZiuZvocdc2RVfIn6RQTPuvTawKzyehGCQa',NULL,NULL,0,NULL,NULL,NULL,'2025-06-04 09:31:07','2026-01-31 12:42:43'),(666,NULL,'Crazy Rich','crazyrichproject@gmail.com','2025-10-15 19:43:42','$2y$12$hzOogWZyWUUPHT/HJSmcmuNZZzKIzW46bYVsQfMvHKhyt9lEiKsG2',NULL,NULL,0,NULL,NULL,NULL,'2025-10-15 19:43:42','2026-01-31 12:42:43');
/*!40000 ALTER TABLE `users` ENABLE KEYS */;
UNLOCK TABLES;
/*!40103 SET TIME_ZONE=@OLD_TIME_ZONE */;

/*!40101 SET SQL_MODE=@OLD_SQL_MODE */;
/*!40014 SET FOREIGN_KEY_CHECKS=@OLD_FOREIGN_KEY_CHECKS */;
/*!40014 SET UNIQUE_CHECKS=@OLD_UNIQUE_CHECKS */;
/*!40101 SET CHARACTER_SET_CLIENT=@OLD_CHARACTER_SET_CLIENT */;
/*!40101 SET CHARACTER_SET_RESULTS=@OLD_CHARACTER_SET_RESULTS */;
/*!40101 SET COLLATION_CONNECTION=@OLD_COLLATION_CONNECTION */;
/*!40111 SET SQL_NOTES=@OLD_SQL_NOTES */;

-- Dump completed on 2026-02-04  5:35:02
